corridor_id,length_ft,income,share_poc,poverty_rate,borough,treatment_cohort,first_protected_year,cyclist_injured,n_segments,is_protected,length_mi,income_q,poc_q
1 AV TUNNEL|1|2024|0,1859.070950318635,142040.80836912253,0.3817781589470739,0.0917549403745472,Manhattan,switcher,2024,0.0,15,True,0.35209677089368085,Q5 highest,Q2
1 AVE|1|2016|0,825.648944433027,178802.11323092922,0.16563797292927504,0.05399345212776992,Manhattan,switcher,2016,36.0,3,True,0.15637290614261876,Q5 highest,Q1 least POC
1 AV|1|-1|0,29.880372792580083,161548.0,0.4915254237288136,0.16629357211384713,Manhattan,never_treated,,0.0,1,False,0.005659161513746228,Q5 highest,Q2
1 AV|1|-1|1,328.4136906924697,29809.225241084783,0.9182447452216946,0.3817494112524912,Manhattan,never_treated,,4.0,2,False,0.06219956263114956,Q1 lowest,Q4
1 AV|1|-1|10,218.65314083811296,149063.0,0.31956240103641864,0.07773139484669642,Manhattan,never_treated,,0.0,1,False,0.04141157970418806,Q5 highest,Q1 least POC
1 AV|1|-1|11,54.181547602801594,134167.0,0.2571339466708249,0.053158022102121484,Manhattan,never_treated,,0.0,1,False,0.010261656742954848,Q4,Q1 least POC
1 AV|1|-1|12,88.53377837933283,148175.23973542335,0.21509199352478875,0.04756235589550479,Manhattan,never_treated,,0.0,1,False,0.016767761056691824,Q5 highest,Q1 least POC
1 AV|1|-1|13,121.33103141726706,140883.0,0.1900412751383156,0.10088028169014085,Manhattan,never_treated,,0.0,1,False,0.022979362010846032,Q4,Q1 least POC
1 AV|1|-1|2,275.52266268274764,118201.00000000001,0.31744975376014906,0.15838423098278734,Manhattan,never_treated,,1.0,2,False,0.052182322477793114,Q4,Q1 least POC
1 AV|1|-1|3,109.25265465974778,118200.99999999999,0.31744975376014906,0.1583842309827873,Manhattan,never_treated,,0.0,3,False,0.02069179065525526,Q4,Q1 least POC
1 AV|1|-1|4,401.4744596057419,181836.3818809688,0.3076641865572025,0.058626601006906226,Manhattan,never_treated,,29.0,7,False,0.07603682947078445,Q5 highest,Q1 least POC
1 AV|1|-1|5,348.15943988363483,117442.0,0.4104925911093313,0.06487785342410893,Manhattan,never_treated,,3.0,3,False,0.06593928785674902,Q4,Q2
1 AV|1|-1|6,161.76195662726684,26320.999999999996,0.8588235294117647,0.38751793400286944,Manhattan,never_treated,,0.0,3,False,0.03063673420970963,Q1 lowest,Q4
1 AV|1|-1|7,99.33653435001644,124571.00000000001,0.5150050864699898,0.21223296032553407,Manhattan,never_treated,,0.0,2,False,0.01881373756629099,Q4,Q2
1 AV|1|-1|8,87.14104412879558,124571.0,0.5150050864699897,0.21223296032553407,Manhattan,never_treated,,0.0,2,False,0.01650398563045371,Q4,Q2
1 AV|1|-1|9,132.16636628569526,68381.99999999999,0.5153494448073154,0.2766165904637492,Manhattan,never_treated,,1.0,2,False,0.025031508766230164,Q2,Q2
1 AV|1|2003|0,311.2796243022154,157853.29375375918,0.502224896629735,0.12584380745232504,Manhattan,always_treated,2003,0.0,5,True,0.058954474299662,Q5 highest,Q2
1 AV|1|2010|0,5027.873376499402,115082.41331695272,0.34206665697998195,0.16987415653181426,Manhattan,always_treated,2010,156.0,29,True,0.9522487455491292,Q4,Q1 least POC
1 AV|1|2010|1,2756.554781665586,117716.98600329799,0.4504674178659579,0.16144649238892572,Manhattan,always_treated,2010,48.0,10,True,0.5220747692548457,Q4,Q2
1 AV|1|2010|2,259.20930878357825,118201.0,0.31744975376014906,0.15838423098278734,Manhattan,always_treated,2010,0.0,1,True,0.04909267211810194,Q4,Q1 least POC
1 AV|1|2010|3,285.2154479954937,97032.48696214567,0.6270496864919824,0.2498439641498844,Manhattan,always_treated,2010,18.0,1,True,0.05401807727187381,Q3,Q3
1 AV|1|2011|0,1282.0786412200962,130179.05862936944,0.3738655659634347,0.07005530861826867,Manhattan,always_treated,2011,7.0,4,True,0.24281792447350306,Q4,Q2
1 AV|1|2011|1,865.0190768610428,157109.7343926144,0.5043781647665158,0.11770329528013819,Manhattan,always_treated,2011,11.0,3,True,0.16382937061762173,Q5 highest,Q2
1 AV|1|2011|2,1586.0607861712697,144688.0912989485,0.4693551824558532,0.11143694164411037,Manhattan,always_treated,2011,5.0,4,True,0.30039030041122533,Q5 highest,Q2
1 AV|1|2012|0,3700.6454378842086,133235.88905373352,0.265300613795033,0.06925652248859665,Manhattan,always_treated,2012,72.0,11,True,0.7008798177811001,Q4,Q1 least POC
1 AV|1|2013|0,3353.69787621076,133900.87529006365,0.32567900314591197,0.11037250035277553,Manhattan,switcher,2013,25.0,14,True,0.635170052312644,Q4,Q1 least POC
1 AV|1|2013|1,5917.415146183744,33877.79304508806,0.8701102972478613,0.3429234826370228,Manhattan,switcher,2013,78.0,34,True,1.120722565565103,Q1 lowest,Q4
1 AV|1|2013|2,624.0001934250193,173324.90439245847,0.3823628535644282,0.04017588486212178,Manhattan,switcher,2013,4.0,10,True,0.11818185481534457,Q5 highest,Q2
1 AV|1|2013|3,2144.721526988475,34456.108613661905,0.8871565842534933,0.37006221867468386,Manhattan,switcher,2013,33.0,21,True,0.4061972588993324,Q1 lowest,Q4
1 AV|1|2013|4,436.02362056099975,126528.47425966038,0.500170603348779,0.19041686870237595,Manhattan,switcher,2013,0.0,4,True,0.08258023116685602,Q4,Q2
1 AV|1|2013|5,1043.4683117443992,129582.5341514207,0.25935105692425225,0.12062462360626082,Manhattan,switcher,2013,17.0,4,True,0.197626574194015,Q4,Q1 least POC
1 AV|1|2013|6,1484.5116085367758,130465.32675258502,0.17539520833885164,0.06206867058619475,Manhattan,switcher,2013,18.0,5,True,0.28115750161681363,Q4,Q1 least POC
1 AV|1|2015|0,1690.4974113595329,152260.0772245717,0.3071815272489281,0.07991581060244084,Manhattan,switcher,2015,23.0,6,True,0.3201699642726388,Q5 highest,Q1 least POC
1 AV|1|2016|0,323.9206694263049,16911.000000000004,0.9490592014685637,0.48612757884752195,Manhattan,switcher,2016,19.0,3,True,0.061348611633769874,Q1 lowest,Q5 most POC
1 AV|1|2016|1,262.21655233049637,224898.0,0.13603040999185445,0.02307901167526473,Manhattan,switcher,2016,0.0,1,True,0.04966222582016977,Q5 highest,Q1 least POC
1 AV|1|2017|0,251.50679310235836,149062.99999999997,0.3195624010364187,0.07773139484669642,Manhattan,switcher,2017,5.0,3,True,0.047633862329992116,Q5 highest,Q1 least POC
1 AV|1|2024|0,77.12811130011875,215981.0,0.3055613850996852,0.031269674711437566,Manhattan,switcher,2024,0.0,1,True,0.014607596837143702,Q5 highest,Q1 least POC
1 AV|1|2024|1,271.8389726465937,117442.00000000001,0.41049259110933123,0.06487785342410893,Manhattan,switcher,2024,0.0,2,True,0.05148465391033971,Q4,Q2
1 AV|1|2024|2,309.6055059743409,149063.0,0.31956240103641864,0.07773139484669642,Manhattan,switcher,2024,5.0,2,True,0.05863740643453426,Q5 highest,Q1 least POC
1 ST|4|-1|0,1079.4776833451003,16639.0,0.8783655369021223,0.4407158836689038,Queens,never_treated,,0.0,8,False,0.20444653093657203,Q1 lowest,Q4
10 AVENUE|1|2024|0,9243.62299149492,134032.96705505668,0.46291666525675423,0.0955863463107989,Manhattan,switcher,2024,128.0,46,True,1.7506861726316136,Q4,Q2
10 AVENUE|1|2024|1,1113.1855396319752,168669.7681282538,0.3658119729022342,0.09635139153902338,Manhattan,switcher,2024,11.0,8,True,0.21083059462726803,Q5 highest,Q1 least POC
10 AVE|3|-1|0,1801.2504786548936,156743.81072951734,0.21923666249716653,0.07847228257961139,Brooklyn,never_treated,,8.0,7,False,0.34114592398766924,Q5 highest,Q1 least POC
10 AV|1|-1|0,1536.3229341447368,29037.999999999996,0.9692590646347872,0.26011560693641617,Manhattan,never_treated,,4.0,26,False,0.2909702526789274,Q1 lowest,Q5 most POC
10 AV|1|-1|1,2682.6797530408417,43496.76596809949,0.8851678062070206,0.22391860119173757,Manhattan,never_treated,,16.0,11,False,0.5080832865607655,Q1 lowest,Q4
10 AV|1|2019|0,2124.8213690709554,119267.90146444166,0.5100862083908912,0.13745251164145036,Manhattan,switcher,2019,35.0,7,True,0.40242828959677185,Q4,Q2
10 AV|1|2024|0,730.6491002432798,146894.23788214545,0.3000169568296492,0.10562889173190551,Manhattan,switcher,2024,4.0,2,True,0.13838051140971208,Q5 highest,Q1 least POC
10 AV|3|-1|0,8438.779870953076,87057.97657101807,0.44534392060152,0.15336286315662662,Brooklyn,never_treated,,21.0,26,False,1.5982537634380827,Q3,Q2
10 AV|3|2022|0,264.89906816604895,128472.0,0.12747252747252746,0.023809523809523808,Brooklyn,switcher,2022,0.0,1,True,0.05017027806175169,Q4,Q1 least POC
10 STREET|4|-1|0,296.21558022522925,125113.99999999999,0.4120756816917084,0.05305780508237922,Queens,never_treated,,0.0,1,False,0.05610143564871766,Q4,Q2
100 DR|4|-1|0,253.81936473776614,106354.0,0.9412364823505407,0.06197066721751704,Queens,never_treated,,1.0,1,False,0.04807184938215268,Q4,Q4
100 ST|4|-1|0,3777.496191219082,80287.37792252106,0.9920886262570712,0.1297664656489745,Queens,never_treated,,14.0,14,False,0.7154348847005837,Q3,Q5 most POC
101 ST|4|-1|0,5269.703729571131,78133.54859401932,0.9935216668207938,0.14758127285272385,Queens,never_treated,,11.0,9,False,0.9980499487824112,Q3,Q5 most POC
101 ST|4|-1|1,1201.1628908866949,102727.0,0.2953440639516042,0.0662487841781044,Queens,never_treated,,0.0,2,False,0.22749297175884373,Q4,Q1 least POC
102 ST|4|-1|0,1722.0369410166581,102726.99999999999,0.2953440639516041,0.0662487841781044,Queens,never_treated,,0.0,3,False,0.3261433600410337,Q4,Q1 least POC
103 ST|4|-1|0,3950.733740220193,81022.44464713999,0.9844601955702452,0.15634996923421524,Queens,never_treated,,32.0,8,False,0.7482450265568548,Q3,Q5 most POC
103 ST|4|-1|1,394.70200304707765,95159.0,0.9734042553191491,0.06039076376554174,Queens,never_treated,,1.0,1,False,0.07475416724376471,Q3,Q5 most POC
103 ST|4|-1|2,626.9313537744744,102727.0,0.2953440639516042,0.0662487841781044,Queens,never_treated,,0.0,1,False,0.11873699882092317,Q4,Q1 least POC
103 ST|4|-1|3,200.13990527958774,48045.5,0.9590720736044087,0.2275973083340219,Queens,never_treated,,1.0,1,False,0.03790528509083101,Q1 lowest,Q5 most POC
104 AV|4|-1|0,1562.987657765714,117011.61221365716,0.9655209276781131,0.04975742691571704,Queens,never_treated,,2.0,3,False,0.2960203897283549,Q4,Q5 most POC
104 ST|4|-1|0,7890.424200963058,72463.1245962771,0.9774760706268549,0.15700483619778308,Queens,never_treated,,44.0,22,False,1.4943985229096701,Q2,Q5 most POC
104 ST|4|-1|1,1372.9286646822643,72688.9293577861,0.9917552517931714,0.18850835656746662,Queens,never_treated,,2.0,4,False,0.2600243683110349,Q2,Q5 most POC
105 ST|4|-1|0,333.56594773343227,77904.0,0.992050209205021,0.20272548468670973,Queens,never_treated,,0.0,3,False,0.06317536888890762,Q3,Q5 most POC
108 ST|4|-1|0,6189.960122559181,67661.27507950582,0.990318016150387,0.1576015703065556,Queens,never_treated,,67.0,18,False,1.1723409323028753,Q2,Q5 most POC
108 ST|4|-1|1,486.3282564067687,69919.0,0.9439077594266128,0.20915647538413298,Queens,never_treated,,6.0,2,False,0.09210762431946376,Q2,Q4
11 AVE|3|-1|0,1933.3909350122985,153587.76756122953,0.2898083934697722,0.023932067883586802,Brooklyn,never_treated,,6.0,14,False,0.3661725255705111,Q5 highest,Q1 least POC
11 AV|1|2019|0,3952.565380107936,102452.90398900087,0.5584012419227554,0.12161579255849268,Manhattan,switcher,2019,54.0,15,True,0.7485919280507455,Q4,Q3
11 AV|1|2022|0,769.531343426813,112183.19426974046,0.46476898296966646,0.06815844212874062,Manhattan,switcher,2022,3.0,6,True,0.1457445726187146,Q4,Q2
11 AV|1|2023|0,277.49560119500427,109742.3813882076,0.4608255992592081,0.06711387465665353,Manhattan,switcher,2023,0.0,1,True,0.052555985074811414,Q4,Q2
11 AV|3|-1|0,6860.583118719799,90968.6425915999,0.48470581499105564,0.11903764002086774,Brooklyn,never_treated,,20.0,29,False,1.2993528633939013,Q3,Q2
11 PLACE|4|-1|0,261.0283220964131,145922.0,0.5540414989160731,0.03536469845279444,Queens,never_treated,,0.0,1,False,0.049437182215229754,Q5 highest,Q3
11 ST|4|-1|0,256.66092758331894,145922.0,0.5540414989160731,0.03536469845279444,Queens,never_treated,,1.0,1,False,0.048610024163507376,Q5 highest,Q3
11 ST|4|-1|1,1959.4874323782687,153540.8974222669,0.5521437708989361,0.08348097486702384,Queens,never_treated,,3.0,6,False,0.37111504401103573,Q5 highest,Q3
11 ST|4|-1|2,259.80054787993663,145922.0,0.5540414989160731,0.03536469845279445,Queens,never_treated,,0.0,2,False,0.04920464921968497,Q5 highest,Q3
11 ST|4|-1|3,174.696626634685,145922.0,0.5540414989160731,0.03536469845279445,Queens,never_treated,,2.0,2,False,0.03308648231717519,Q5 highest,Q3
11 ST|4|-1|4,138.7378212566316,145922.0,0.5540414989160731,0.03536469845279444,Queens,never_treated,,0.0,2,False,0.026276102510725683,Q5 highest,Q3
11 ST|4|2023|0,1839.2241508001616,128057.62230445893,0.43215900282071545,0.05055483395060222,Queens,switcher,2023,1.0,8,True,0.34833790734851544,Q4,Q2
11 ST|4|2023|1,1788.4880270042327,128145.05704884948,0.4327555399670635,0.05048048791755566,Queens,switcher,2023,0.0,7,True,0.3387287929932259,Q4,Q2
110 ST|1|-1|0,3681.7562899047825,34000.09361046217,0.8626878410998803,0.32751424108329086,Manhattan,never_treated,,35.0,15,False,0.6973023276334815,Q1 lowest,Q4
110 ST|1|-1|1,828.6429871809206,84024.84339282804,0.7090561171317231,0.20298033192664788,Manhattan,never_treated,,23.0,3,False,0.15693995969335617,Q3,Q3
111 ST|1|-1|0,4601.071089259846,38292.620960981716,0.8451887087697776,0.31991484485212424,Manhattan,never_treated,,11.0,14,False,0.871414979026486,Q1 lowest,Q4
111 ST|4|-1|0,546.451547007721,66560.78874876423,0.9681847936711391,0.13846776336634678,Queens,never_treated,,11.0,4,False,0.10349461117570474,Q2,Q5 most POC
111 ST|4|2017|0,2939.441035386532,65112.0,0.9368592730661696,0.18401352330354986,Queens,switcher,2017,37.0,16,True,0.5567123173080553,Q2,Q4
12 AVE|1|-1|0,1038.1847924440062,22206.999999999993,0.9359036928583048,0.4341123818995524,Manhattan,never_treated,,7.0,6,False,0.19662590765984966,Q1 lowest,Q4
12 AV|3|-1|0,2009.1336111456915,73794.05383573963,0.695283937458564,0.0678905281214541,Brooklyn,never_treated,,5.0,5,False,0.3805177293836537,Q3,Q3
12 ST|1|-1|0,350.4186506014723,161094.0,0.19172800560813175,0.06747283561163687,Manhattan,never_treated,,0.0,1,False,0.06636716867452126,Q5 highest,Q1 least POC
12 ST|1|2018|0,7610.623395478296,156143.351574977,0.3884125511346096,0.12378975974541016,Manhattan,switcher,2018,37.0,22,True,1.4414059461133135,Q5 highest,Q2
12 ST|4|-1|0,1481.5137438953964,92647.10727739002,0.597712687306023,0.11209089667813439,Queens,never_treated,,3.0,2,False,0.28058972422261297,Q3,Q3
121 AVENUE|4|-1|0,1502.392961278993,101250.23686599368,0.9839903715260901,0.033580608753316886,Queens,never_treated,,0.0,6,False,0.2845441214543547,Q4,Q5 most POC
121 AVENUE|4|-1|1,1503.4273483282357,144499.99999999997,0.9782465392221489,0.02175346077785102,Queens,never_treated,,2.0,6,False,0.2847400280924689,Q5 highest,Q5 most POC
121 AV|4|-1|0,518.2158949975353,144494.96839821577,0.9782513528492143,0.021751691636827077,Queens,never_treated,,0.0,5,False,0.09814694981013926,Q5 highest,Q5 most POC
121 AV|4|-1|1,417.24708657035274,101249.99999999999,0.9839906286606793,0.03358063256540414,Queens,never_treated,,0.0,4,False,0.07902406942620317,Q4,Q5 most POC
121 AV|4|2024|0,101.35577336547586,101250.00000000001,0.9839906286606794,0.03358063256540414,Queens,switcher,2024,0.0,1,True,0.01919616919800679,Q4,Q5 most POC
126 ST|1|-1|0,2799.9153383573384,53670.68678558385,0.8731879300853995,0.22271253740779778,Manhattan,never_treated,,15.0,8,False,0.530286995901011,Q2,Q4
128 ST|1|-1|0,2740.2824131328553,37826.915031662014,0.8966880718529908,0.27524189036363844,Manhattan,never_treated,,7.0,11,False,0.518992881275162,Q1 lowest,Q4
13 ST|1|-1|0,407.57019619076925,52304.99999999999,0.7025455688246385,0.24165216015192278,Manhattan,never_treated,,0.0,7,False,0.07719132503613053,Q2,Q3
13 ST|1|-1|1,702.578621629337,161081.98989073362,0.19175077054773335,0.06747501188427994,Manhattan,never_treated,,0.0,2,False,0.13306413288434413,Q5 highest,Q1 least POC
13 ST|1|-1|2,20.510087506480183,161094.0,0.19172800560813175,0.06747283561163687,Manhattan,never_treated,,0.0,1,False,0.0038844862701667014,Q5 highest,Q1 least POC
13 ST|1|2018|0,7534.274583763064,165826.00427799264,0.3404481278389018,0.10795245891287343,Manhattan,switcher,2018,28.0,15,True,1.4269459438945196,Q5 highest,Q1 least POC
133 ST|4|-1|0,116.68909740873508,54528.0,0.927055702917772,0.11273209549071618,Queens,never_treated,,0.0,1,False,0.022100207842563464,Q2,Q4
135 ST|4|-1|0,603.5728778017857,84375.0,0.7406465130200539,0.13309079884796118,Queens,never_treated,,0.0,2,False,0.11431304503821699,Q3,Q3
137 ST|4|-1|0,524.0522254597837,48750.0,0.9277864992150706,0.3633785061456035,Queens,never_treated,,1.0,1,False,0.09925231542798933,Q2,Q4
14 AVE|3|-1|0,6260.072202317613,51081.30586011431,0.17569392346523816,0.3206002715454144,Brooklyn,never_treated,,62.0,26,False,1.1856197352874267,Q2,Q1 least POC
14 AV|3|-1|0,795.5547077926302,98095.0,0.5724319578577699,0.14163972965030855,Brooklyn,never_treated,,1.0,1,False,0.15067324011224056,Q3,Q3
14 ST|3|-1|0,4659.91764986502,149954.56547295098,0.40211468814466234,0.08879425478972003,Brooklyn,never_treated,,7.0,8,False,0.8825601609592841,Q5 highest,Q2
14 ST|4|-1|0,1334.7631754803688,92439.7562299689,0.603602993719591,0.11357383205967939,Queens,never_treated,,0.0,5,False,0.25279605596219107,Q3,Q3
141 ST|4|-1|0,385.0338969828787,98193.99999999999,0.5958345060512243,0.06593406593406594,Queens,never_treated,,0.0,1,False,0.07292308654978763,Q3,Q3
142 ST|4|-1|0,1234.298466568196,53568.00000000001,0.9001976859119716,0.24859425818005407,Queens,never_treated,,1.0,2,False,0.23376864897124927,Q2,Q4
147 AVE|4|-1|0,1954.9573930565966,113249.45214591881,0.960929462695375,0.08924678269094782,Queens,never_treated,,2.0,5,False,0.3702570820182948,Q4,Q5 most POC
149 ST|4|2022|0,1786.0346671633183,69559.0,0.7924797037459052,0.11052556615866688,Queens,switcher,2022,5.0,7,True,0.3382641415082042,Q2,Q4
15 ST|3|-1|0,4554.107652661931,137049.8289673745,0.4085128403670829,0.08493975350791576,Brooklyn,never_treated,,21.0,8,False,0.8625203887617293,Q4,Q2
150 ST|4|-1|0,7733.178954601822,80535.0830514783,0.5532240722841697,0.14531079826071638,Queens,never_treated,,11.0,25,False,1.464617226250345,Q3,Q3
150 ST|4|-1|1,217.17277446790533,58386.0,0.8726088726088725,0.1338100102145046,Queens,never_treated,,1.0,1,False,0.04113120728558813,Q2,Q4
153 ST|4|-1|0,422.1020158275017,58386.0,0.8726088726088725,0.1338100102145046,Queens,never_treated,,0.0,1,False,0.07994356360369351,Q2,Q4
155 AV|4|-1|0,238.61021027989395,102727.0,0.2953440639516042,0.0662487841781044,Queens,never_treated,,0.0,1,False,0.04519132770452537,Q4,Q1 least POC
155 AV|4|-1|1,264.36479346689674,102727.0,0.2953440639516042,0.0662487841781044,Queens,never_treated,,0.0,1,False,0.05006908967176075,Q4,Q1 least POC
156 AV|4|-1|0,158.8003782568809,72061.0,0.6269212855146716,0.09951870827511256,Queens,never_treated,,0.0,2,False,0.030075829215318352,Q2,Q3
157 AV|4|-1|0,4468.113451492036,131555.97726478006,0.22598144051297556,0.049535537830286115,Queens,never_treated,,6.0,20,False,0.846233608237128,Q4,Q1 least POC
158 AV|4|-1|0,435.3215152929163,102726.99999999999,0.2953440639516041,0.0662487841781044,Queens,never_treated,,0.0,2,False,0.08244725668426445,Q4,Q1 least POC
159 AV|4|-1|0,262.4011255814063,102726.99999999999,0.2953440639516042,0.06624878417810441,Queens,never_treated,,0.0,2,False,0.049697182875266345,Q4,Q1 least POC
160 STREET|4|-1|0,3584.275922484794,56575.09799202483,0.9568347793717914,0.17632764195994155,Queens,never_treated,,5.0,44,False,0.6788401368342413,Q2,Q5 most POC
160 STREET|4|-1|1,1000.7315894310324,52653.0,0.9881454162276079,0.17832538420773714,Queens,never_treated,,2.0,2,False,0.18953249799830157,Q2,Q5 most POC
160 ST|4|-1|0,3844.5528044823523,67454.00241605581,0.8237613803338939,0.11980506653381523,Queens,never_treated,,1.0,7,False,0.7281350008489303,Q2,Q4
161 ST|4|-1|0,3806.415174852412,67495.34021618885,0.822880994363599,0.12002816453948315,Queens,never_treated,,2.0,5,False,0.7209119649341689,Q2,Q4
164 ST|4|-1|0,26157.033388850607,90828.1548734959,0.7739893720864711,0.10175645570627966,Queens,never_treated,,22.0,90,False,4.953983596373221,Q3,Q4
165 AV|4|2021|0,3652.6151882345966,157845.0,0.16272995684760394,0.03429479900068136,Queens,switcher,2021,0.0,9,True,0.6917831795898858,Q5 highest,Q1 least POC
165 AV|4|2023|0,52.74896383313617,157845.0,0.16272995684760394,0.03429479900068135,Queens,switcher,2023,0.0,2,True,0.009990334059306093,Q5 highest,Q1 least POC
17 AV|3|-1|0,1505.4251503740177,101880.3721160045,0.49324930494294994,0.11144815757920032,Brooklyn,never_treated,,2.0,2,False,0.28511839969204883,Q4,Q2
172 ST|4|-1|0,1787.8795557561646,112824.0,0.5961276247613854,0.028922237380627557,Queens,never_treated,,1.0,4,False,0.3386135522265463,Q4,Q3
173 ST|4|-1|0,1761.961211876637,112824.0,0.5961276247613854,0.028922237380627554,Queens,never_treated,,0.0,4,False,0.3337047749766358,Q4,Q3
19 AVENUE|4|2025|0,1013.1021184414903,71822.0,0.3695973402290358,0.11550662437021833,Queens,treated_after_window,2025,6.0,5,False,0.19187540121997923,Q2,Q1 least POC
19 ST|3|-1|0,779.668239155516,128472.0,0.12747252747252746,0.023809523809523808,Brooklyn,never_treated,,1.0,1,False,0.14766443923399925,Q4,Q1 least POC
191 STREET|4|2023|0,147.10354697653506,87687.0,0.6904644268774703,0.12648221343873517,Queens,switcher,2023,0.0,1,True,0.027860520260707396,Q3,Q3
2 AVENUE|1|2019|0,1121.2885142183204,163371.0,0.38532110091743127,0.02657170250650596,Manhattan,switcher,2019,21.0,5,True,0.21236524890498493,Q5 highest,Q2
2 AVE|1|-1|0,77.98213853682842,24789.0,0.8973637061684157,0.4196851401510303,Manhattan,never_treated,,0.0,2,False,0.014769344419853867,Q1 lowest,Q4
2 AVE|1|-1|1,282.0581346491859,124135.47655793077,0.1927493697204224,0.07922946179499818,Manhattan,never_treated,,0.0,1,False,0.05342010125931551,Q4,Q1 least POC
2 AVE|1|2016|0,3958.9142445809803,79978.19729436474,0.5117336382334953,0.18375881068313066,Manhattan,switcher,2016,79.0,23,True,0.7497943645039735,Q3,Q2
2 AVE|1|2016|1,445.4846495885805,24789.0,0.8973637061684155,0.4196851401510303,Manhattan,switcher,2016,3.0,4,True,0.08437209272510994,Q1 lowest,Q4
2 AVE|1|2016|2,547.5634199734756,140150.0,0.2753036437246964,0.10497835497835498,Manhattan,switcher,2016,4.0,2,True,0.10370519317679461,Q4,Q1 least POC
2 AVE|1|2017|0,2683.5667779162072,137522.18954465442,0.22361958867624507,0.07699964734115153,Manhattan,switcher,2017,80.0,11,True,0.5082512836962514,Q4,Q1 least POC
2 AV|1|-1|0,54.43079048465898,36458.0,0.9023605150214593,0.3279445727482679,Manhattan,never_treated,,0.0,2,False,0.010308861834215716,Q1 lowest,Q4
2 AV|1|-1|1,279.77066573055754,117442.0,0.41049259110933123,0.06487785342410893,Manhattan,never_treated,,5.0,1,False,0.05298686850957529,Q4,Q2
2 AV|1|-1|2,115.70346561097408,144464.0,0.3825168671164565,0.25564880568108456,Manhattan,never_treated,,1.0,2,False,0.021913535153593577,Q5 highest,Q2
2 AV|1|-1|3,251.91570261991757,149915.0,0.5252133436772692,0.038935108153078206,Manhattan,never_treated,,0.0,5,False,0.04771130731437833,Q5 highest,Q2
2 AV|1|-1|4,260.71433952988355,164586.4201985678,0.09501307615517336,0.04979306448354371,Manhattan,never_treated,,0.0,1,False,0.0493777158200537,Q5 highest,Q1 least POC
2 AV|1|-1|5,285.4723752865237,160214.99945180287,0.09680972436211735,0.04855488256824518,Manhattan,never_treated,,0.0,1,False,0.05406673774365979,Q5 highest,Q1 least POC
2 AV|1|-1|6,277.14329269902447,149915.0,0.5252133436772692,0.038935108153078206,Manhattan,never_treated,,11.0,1,False,0.05248925998087585,Q5 highest,Q2
2 AV|1|-1|7,100.17239775949797,144464.0,0.3825168671164565,0.25564880568108456,Manhattan,never_treated,,1.0,1,False,0.018972045030207947,Q5 highest,Q2
2 AV|1|2010|0,3239.478114603788,105157.15100271549,0.40556095987418367,0.18908835481992464,Manhattan,always_treated,2010,72.0,13,True,0.6135375217052629,Q4,Q2
2 AV|1|2010|1,2872.3064827740013,133514.82862293976,0.41493935512772945,0.08736080725683613,Manhattan,always_treated,2010,57.0,11,True,0.5439974399193185,Q4,Q2
2 AV|1|2012|0,4798.392216092802,35885.8892086887,0.8780232758488131,0.329840176232294,Manhattan,always_treated,2012,84.0,36,True,0.9087864045630307,Q1 lowest,Q4
2 AV|1|2012|1,750.599700241476,34676.91135500774,0.9193330890324154,0.31206968711666755,Manhattan,always_treated,2012,19.0,10,True,0.14215903413664316,Q1 lowest,Q4
2 AV|1|2013|0,2307.0778077258046,148839.18180686035,0.3268414753359825,0.11790410102722794,Manhattan,switcher,2013,31.0,8,True,0.4369465544935236,Q5 highest,Q1 least POC
2 AV|1|2016|0,108.17259721233197,144464.0,0.3825168671164565,0.25564880568108456,Manhattan,switcher,2016,0.0,1,True,0.020487234320517418,Q5 highest,Q2
2 AV|1|2017|0,4756.991786354414,142676.0716826857,0.289382936122814,0.07578705596957272,Manhattan,switcher,2017,58.0,18,True,0.9009454140822755,Q5 highest,Q1 least POC
2 AV|1|2018|0,543.7724272995969,176120.67107540087,0.09027251413728918,0.05306008032794168,Manhattan,switcher,2018,4.0,2,True,0.10298720214007516,Q5 highest,Q1 least POC
2 AV|1|2018|1,273.77167801174494,144464.0,0.3825168671164565,0.25564880568108456,Manhattan,switcher,2018,2.0,1,True,0.05185069659313351,Q5 highest,Q2
2 AV|1|2018|2,264.8385892732695,194650.0,0.08265698419478851,0.05830841520717642,Manhattan,switcher,2018,6.0,1,True,0.05015882372599802,Q5 highest,Q1 least POC
2 AV|1|2018|3,261.4865609941896,159105.76369371373,0.19302206316638582,0.0866402313519176,Manhattan,switcher,2018,0.0,1,True,0.049523969885263176,Q5 highest,Q1 least POC
2 AV|1|2019|0,1044.4503903404634,159135.2940796868,0.1931186580005407,0.08664971591900693,Manhattan,switcher,2019,20.0,4,True,0.19781257392811807,Q5 highest,Q1 least POC
2 AV|1|2020|0,263.7393564448065,149915.0,0.5252133436772692,0.038935108153078206,Manhattan,switcher,2020,18.0,1,True,0.049950635690304265,Q5 highest,Q2
2 AV|1|2020|1,1308.5352889732744,130231.27354520826,0.4556745911063598,0.054660476964130796,Manhattan,switcher,2020,29.0,6,True,0.24782865321463532,Q4,Q2
2 AV|3|-1|0,266.73849741860863,40708.0,0.7135416666666667,0.25634939473059576,Brooklyn,never_treated,,1.0,1,False,0.050518654814130426,Q1 lowest,Q3
2 AV|3|-1|1,257.52970511964514,78942.0,0.6366976502204419,0.4046463530406258,Brooklyn,never_treated,,1.0,1,False,0.04877456536356915,Q3,Q3
2 PL|3|-1|0,1063.781328571146,187471.24850239741,0.2150719414062874,0.03324461753433792,Brooklyn,never_treated,,1.0,3,False,0.20147373647180797,Q5 highest,Q1 least POC
2 ST|3|-1|0,3922.950951727795,218404.7996861153,0.28838771806759034,0.04169524085450185,Brooklyn,never_treated,,10.0,7,False,0.7429831347969309,Q5 highest,Q1 least POC
2 ST|4|2013|0,514.7198633680663,124885.0,0.5850407797891387,0.0471454147602944,Queens,switcher,2013,1.0,3,True,0.09748482260758831,Q4,Q3
2 ST|4|2018|0,1625.3495188088255,124885.0,0.5850407797891386,0.04714541476029441,Queens,switcher,2018,0.0,8,True,0.30783134825924724,Q4,Q3
20 AVE|4|2016|0,5126.570753381287,84821.79049096661,0.4811229727963074,0.1271009004565135,Queens,switcher,2016,13.0,30,True,0.9709414305646378,Q3,Q2
20 AV|4|-1|0,3246.1298420109156,114188.77351805675,0.33372588014679033,0.04762714782014383,Queens,never_treated,,12.0,16,False,0.6147973185626734,Q4,Q1 least POC
20 ST|3|2021|0,3134.184833888353,118029.5998373411,0.39276754637123645,0.0647823230346313,Brooklyn,switcher,2021,8.0,12,True,0.5935956124788547,Q4,Q2
20 ST|3|2022|0,2349.068529554005,133194.0,0.34151414309484196,0.09608985024958402,Brooklyn,switcher,2022,5.0,3,True,0.4448993427185616,Q4,Q1 least POC
207 ST|4|-1|0,26.94356230960623,121250.0,0.49543378995433784,0.020630372492836675,Queens,never_treated,,0.0,1,False,0.005102947407122391,Q4,Q2
21 ST|3|-1|0,3131.483669928783,117920.05374419042,0.3902998762679444,0.0642308404596407,Brooklyn,never_treated,,8.0,11,False,0.5930840283956028,Q4,Q2
21 ST|4|-1|0,4696.986311608972,93728.87755758206,0.3813363340867405,0.10084021031693709,Queens,never_treated,,11.0,24,False,0.8895807408350326,Q3,Q2
210 STREET|4|-1|0,100.99326590084127,121250.0,0.4954337899543378,0.020630372492836675,Queens,never_treated,,0.0,1,False,0.019127512481219938,Q4,Q2
210 ST|4|2017|0,4197.325961497453,91388.46877136044,0.6593433201876068,0.07281632037893075,Queens,switcher,2017,3.0,6,True,0.7949480987684571,Q3,Q3
22 ST|4|-1|0,3300.913480673073,72787.19470667362,0.7795919021042766,0.23000202325073116,Queens,never_treated,,3.0,6,False,0.6251730077032336,Q2,Q4
222 ST|4|-1|0,5485.762238559252,99525.04467742355,0.8852716055814326,0.05555172987827598,Queens,never_treated,,3.0,26,False,1.0389701209392523,Q3,Q4
223 ST|4|-1|0,1367.0488090944955,106353.99999999999,0.9412364823505406,0.06197066721751703,Queens,never_treated,,4.0,4,False,0.2589107592981999,Q4,Q4
223 ST|4|2017|0,1206.4714183597168,83971.0,0.2694197148662339,0.27179119642921945,Queens,switcher,2017,0.0,1,True,0.2284983746893403,Q3,Q1 least POC
23 AV|4|-1|0,6644.187687162514,105672.5256764554,0.3457295247273744,0.08076621327603012,Queens,never_treated,,24.0,23,False,1.2583688801444155,Q4,Q1 least POC
23 ST|4|-1|0,5009.34247588572,100312.62797000211,0.7046062325850017,0.18070425044356417,Queens,never_treated,,15.0,22,False,0.9487391052813864,Q3,Q3
230 ST|4|-1|0,2567.5303308774,108218.99999999999,0.498481260338866,0.19132511518320455,Queens,never_treated,,0.0,2,False,0.4862746838782955,Q4,Q2
232 ST|4|2017|0,694.6813209438177,91421.0,0.44293927840548647,0.26598009923344196,Queens,switcher,2017,0.0,1,True,0.13156843199693516,Q3,Q2
24 AV|3|-1|0,318.13980718254805,53693.0,0.656144578313253,0.23810679611650482,Brooklyn,never_treated,,1.0,3,False,0.06025375136033107,Q2,Q3
24 AV|4|-1|0,259.20981762396997,55406.0,0.7961622013034033,0.12527154236060825,Queens,never_treated,,1.0,1,False,0.049092768489388254,Q2,Q4
24 ST|4|-1|0,4441.496922438271,93223.97238919367,0.3839512491678449,0.10229857432080557,Queens,never_treated,,3.0,15,False,0.8411925989466422,Q3,Q2
260 ST|4|-1|0,1524.2487155341023,114421.81126656025,0.5848047939808201,0.06196757423052902,Queens,never_treated,,1.0,14,False,0.28868346885115576,Q4,Q3
263 ST|4|-1|0,4495.136093036845,122719.86005189481,0.7558869608702289,0.12529435971493866,Queens,never_treated,,4.0,14,False,0.8513515327721297,Q4,Q4
27 AVE|4|-1|0,1852.0846664135756,60890.081282451916,0.955244121014515,0.14320991836133742,Queens,never_treated,,5.0,10,False,0.3507736110631772,Q2,Q5 most POC
27 AV|4|-1|0,2722.3044292936243,49186.99697602208,0.7750757017805348,0.3019258085365332,Queens,never_treated,,1.0,17,False,0.5155879600934894,Q2,Q4
28 ST|4|-1|0,6528.9797493663755,93818.65513187269,0.6805327212104878,0.1442452528896298,Queens,never_treated,,6.0,8,False,1.236549194955753,Q3,Q3
29 ST|4|-1|0,4818.268281879323,109122.6980396437,0.639176632977757,0.11628046208337452,Queens,never_treated,,7.0,10,False,0.912550810961993,Q4,Q3
3 AVENUE|1|-1|0,250.7359001172552,153086.0,0.19445372535917138,0.12161710658202472,Manhattan,never_treated,,0.0,1,False,0.047487859870692276,Q5 highest,Q1 least POC
3 AVENUE|1|2019|0,515.3967851905877,141380.0,0.3833280567746058,0.07900146674956379,Manhattan,switcher,2019,3.0,1,True,0.09761302749821738,Q5 highest,Q2
3 AVENUE|1|2023|0,9368.110571022744,159647.3944957781,0.21821074267308735,0.0715846687757969,Manhattan,switcher,2023,123.0,34,True,1.7742633657240046,Q5 highest,Q1 least POC
3 AVENUE|1|2023|1,1459.5798434090966,163700.21653292715,0.3406271710957008,0.039847043156837535,Manhattan,switcher,2023,33.0,6,True,0.276435576403238,Q5 highest,Q1 least POC
3 AVENUE|1|2026|0,8613.984943836705,146265.96310443527,0.3828168078168224,0.05431332296442791,Manhattan,treated_after_window,2026,151.0,33,False,1.6314365423933155,Q5 highest,Q2
3 AVENUE|1|2026|1,8986.209296764686,35300.224573830106,0.8692209782107775,0.3168673837485677,Manhattan,treated_after_window,2026,130.0,57,False,1.7019335789327057,Q1 lowest,Q4
3 AVENUE|1|2026|2,2576.2567771623367,141632.63355343646,0.3844659089605984,0.09112092170218294,Manhattan,treated_after_window,2026,41.0,7,False,0.4879274199171092,Q5 highest,Q2
3 AVENUE|2|2023|0,76.8933496494756,42174.0,0.8966819530617749,0.36648648648648646,Bronx,switcher,2023,0.0,1,True,0.014563134403309771,Q1 lowest,Q4
3 AV|2|-1|0,3530.581342307115,23806.446289198713,0.9759927657080941,0.4694239518487463,Bronx,never_treated,,34.0,30,False,0.6686707087702869,Q1 lowest,Q5 most POC
3 AV|2|-1|1,1189.8226027210444,22850.000000000007,0.990757855822551,0.5006941230911617,Bronx,never_treated,,11.0,11,False,0.2253451899092887,Q1 lowest,Q5 most POC
3 AV|2|-1|2,353.3241458906649,35506.0,0.9742044020748633,0.2733772606196551,Bronx,never_treated,,17.0,2,False,0.06691745187323199,Q1 lowest,Q5 most POC
3 AV|3|-1|0,6850.3309735448165,125734.17001473076,0.4939097337749961,0.11266888617113734,Brooklyn,never_treated,,72.0,31,False,1.2974111692319727,Q4,Q2
3 AV|3|-1|1,852.3711510773801,76816.09423050717,0.4821339091036128,0.09118484231665357,Brooklyn,never_treated,,5.0,9,False,0.16143393012829169,Q3,Q2
3 ST|3|-1|0,7217.404169049022,196596.31961874914,0.29506761764636835,0.05366737264735273,Brooklyn,never_treated,,23.0,15,False,1.366932607774436,Q5 highest,Q1 least POC
31 AVENUE|4|-1|0,2080.313744892324,113353.0,0.4550668120183662,0.06671361040103219,Queens,never_treated,,23.0,4,False,0.3939988153205159,Q4,Q2
31 AVENUE|4|2025|0,1040.5546312109875,110927.20388407017,0.45952358109755204,0.057969546931415865,Queens,treated_after_window,2025,18.0,5,False,0.19707474075965672,Q4,Q2
31 AVE|4|-1|0,17353.307039950243,80327.54393470142,0.7444487059072057,0.11324299310358453,Queens,never_treated,,113.0,85,False,3.286611181808758,Q3,Q3
31 AVE|4|2024|0,4879.167419159076,108744.265534327,0.548129296999881,0.11443772927786681,Queens,switcher,2024,2.0,11,True,0.9240847384770978,Q4,Q3
31 DR|4|-1|0,415.163175231383,78413.0,0.981517892253244,0.13176373399421726,Queens,never_treated,,5.0,3,False,0.07862938924836799,Q3,Q5 most POC
32 AVE|4|-1|0,8890.618915427505,76923.67167471026,0.9185324448003758,0.1272442289109054,Queens,never_treated,,34.0,43,False,1.6838293400430882,Q3,Q4
32 ST|4|-1|0,459.85049368419914,95556.0,0.6857551896921976,0.22691481746599856,Queens,never_treated,,0.0,1,False,0.08709289653109832,Q3,Q3
33 AVENUE PEDESTRIAN OVERPASS|4|-1|0,252.60434659307828,112519.6500807302,0.4776941214769602,0.0314634385872475,Queens,never_treated,,0.0,6,False,0.04784173230929513,Q4,Q2
33 AVENUE|4|-1|0,531.2791591106716,87687.0,0.6904644268774703,0.12648221343873517,Queens,never_treated,,0.0,2,False,0.10062105286186962,Q3,Q3
33 AVENUE|4|-1|1,3803.0906311772205,129329.44344509851,0.49211339482576383,0.05761247854175742,Queens,never_treated,,3.0,8,False,0.7202823165108372,Q4,Q2
33 AVENUE|4|-1|2,2191.6433151207802,100175.99999999999,0.4526123936816525,0.04678007290400971,Queens,never_treated,,0.0,12,False,0.4150839611971175,Q3,Q2
33 AVENUE|4|-1|3,1224.3312400604532,121250.00000000001,0.49543378995433784,0.020630372492836675,Queens,never_treated,,0.0,4,False,0.23188091667811614,Q4,Q2
33 AVENUE|4|2023|0,33.79918823646527,87686.99999999999,0.6904644268774703,0.12648221343873517,Queens,switcher,2023,0.0,2,True,0.006401361408421452,Q3,Q3
34 AVENUE|4|-1|0,259.6781121226476,76764.9118193979,0.777722059791577,0.12919060129901394,Queens,never_treated,,0.0,1,False,0.04918146062928931,Q3,Q4
34 AVENUE|4|2025|0,273.04614861474545,63739.99999999999,0.8509144350097975,0.13321976149914821,Queens,treated_after_window,2025,0.0,2,False,0.05171328572248967,Q2,Q4
34 AVENUE|4|2025|1,520.3272316413098,74292.17736249366,0.7581727276880812,0.12388128061864158,Queens,treated_after_window,2025,5.0,2,False,0.0985468241744905,Q3,Q4
34 AVE|4|-1|0,22.443440761853722,75521.0,0.9862378879370874,0.14659610983981694,Queens,never_treated,,0.0,1,False,0.004250651659441993,Q3,Q5 most POC
34 AV|4|-1|0,10640.588462133906,82117.43431896839,0.5656749936142135,0.13434549275633523,Queens,never_treated,,98.0,45,False,2.01526296631324,Q3,Q3
34 AV|4|-1|1,5310.905815616714,77234.11938686117,0.9868586148014401,0.1509833403419804,Queens,never_treated,,49.0,22,False,1.0058533741698321,Q3,Q5 most POC
34 AV|4|-1|10,260.80259888832285,74556.06365180577,0.6894724027611454,0.22726163987760914,Queens,never_treated,,0.0,1,False,0.0493944316076369,Q3,Q3
34 AV|4|-1|11,519.8127418274041,101249.99999999999,0.6013147718484144,0.0837200309358082,Queens,never_treated,,0.0,2,False,0.09844938292185684,Q4,Q3
34 AV|4|-1|2,780.1874485754821,75212.68186332392,0.6237436788589914,0.14195543284782147,Queens,never_treated,,8.0,3,False,0.14776277435141708,Q3,Q3
34 AV|4|-1|3,2340.1237688060587,78699.50065986655,0.7879423717560898,0.10038520285549493,Queens,never_treated,,14.0,9,False,0.44320525924357174,Q3,Q4
34 AV|4|-1|4,5331.815972809581,77250.69033089864,0.9868699648888851,0.15089773347415308,Queens,never_treated,,34.0,22,False,1.0098136312139356,Q3,Q5 most POC
34 AV|4|-1|5,2340.4392037561006,71451.5915255586,0.874202046172336,0.11378071582039832,Queens,never_treated,,28.0,9,False,0.4432650007113827,Q2,Q4
34 AV|4|-1|6,1819.9409523903014,70335.03411449812,0.7165968586562393,0.1321420534147456,Queens,never_treated,,16.0,7,False,0.3446857864375571,Q2,Q3
34 AV|4|-1|7,781.6695743719395,63744.06471709853,0.8508249247050735,0.13320809582452323,Queens,never_treated,,7.0,3,False,0.1480434799946855,Q2,Q4
34 AV|4|-1|8,785.8682572342609,76778.0,0.8399659410147059,0.1151591195662192,Queens,never_treated,,2.0,2,False,0.14883868508224637,Q3,Q4
34 AV|4|-1|9,780.1242090694889,61891.67024842295,0.9218264616553712,0.17441759349756983,Queens,never_treated,,0.0,3,False,0.14775079717225167,Q2,Q4
34 AV|4|2022|0,1566.65564558302,70119.0010589024,0.8779157745519548,0.05431893978645813,Queens,switcher,2022,10.0,13,True,0.29671508439072347,Q2,Q4
34 AV|4|2023|0,260.1514646159528,52404.0,0.9669703872437357,0.17872631819219356,Queens,switcher,2023,0.0,1,True,0.049271110722718336,Q2,Q5 most POC
34 AV|4|2023|1,259.50078204129363,101250.0,0.6013147718484145,0.0837200309358082,Queens,switcher,2023,0.0,1,True,0.04914787538660864,Q4,Q3
34 AV|4|2023|2,520.4066733184987,87919.02268846463,0.6453407769383616,0.15540484755873674,Queens,switcher,2023,0.0,2,True,0.09856186994668537,Q3,Q3
34 AV|4|2023|3,260.1957812572997,52404.0,0.9669703872437357,0.17872631819219356,Queens,switcher,2023,0.0,1,True,0.04927950402600373,Q2,Q5 most POC
34 AV|4|2023|4,259.60846174460835,74543.0,0.6895155459146782,0.22733188720173536,Queens,switcher,2023,0.0,1,True,0.04916826926981219,Q3,Q3
34 AV|4|2023|5,258.3092433111218,75547.0,0.5909090909090908,0.09933385579937304,Queens,switcher,2023,0.0,1,True,0.04892220517256095,Q3,Q3
34 AV|4|2023|6,272.1894923544915,63740.0,0.8509144350097974,0.13321976149914821,Queens,switcher,2023,0.0,2,True,0.05155104021865369,Q2,Q4
34 AV|4|2023|7,260.48474329197916,75702.0,0.9059873949579832,0.05803571428571429,Queens,switcher,2023,0.0,1,True,0.04933423168408696,Q3,Q4
35 AV|4|-1|0,293.1513013614979,77904.0,0.9920502092050211,0.20272548468670976,Queens,never_treated,,1.0,1,False,0.05552107980331399,Q3,Q5 most POC
35 ST|4|-1|0,10949.123894216309,100505.6312206533,0.4485497499988567,0.11021618799584504,Queens,never_treated,,45.0,28,False,2.0736977072379372,Q3,Q2
36 AV|4|-1|0,6166.007185800411,59569.324104834,0.8069073382751563,0.2286821935147969,Queens,never_treated,,26.0,28,False,1.167804391250078,Q2,Q4
36 ST|3|-1|0,575.7054757443357,73066.0,0.7176005924463097,0.06442853616391016,Brooklyn,never_treated,,3.0,2,False,0.10903512798188175,Q3,Q3
36 ST|4|-1|0,4469.5843534727455,107632.29453331564,0.4026226511472617,0.09180044453806319,Queens,never_treated,,3.0,14,False,0.846512188157717,Q4,Q2
36 ST|4|-1|1,4935.056853958586,96471.52282886,0.4438399456796148,0.1268799764941033,Queens,never_treated,,18.0,10,False,0.9346698587042775,Q3,Q2
37 AV|4|-1|0,5140.294111628691,77169.8587597312,0.9859932730172288,0.16647272587748727,Queens,never_treated,,32.0,17,False,0.9735405514448279,Q3,Q5 most POC
37 RD|4|-1|0,260.2382425646488,75547.0,0.5909090909090908,0.09933385579937304,Queens,never_treated,,1.0,1,False,0.04928754594027439,Q3,Q3
37 ST|3|-1|0,3314.536628144011,78087.7476739263,0.6435483471572935,0.13048900194330218,Brooklyn,never_treated,,15.0,3,False,0.627753149269699,Q3,Q3
38 AV|4|-1|0,2554.6323380079675,89026.77013979525,0.7352992590324638,0.17016086786406587,Queens,never_treated,,7.0,7,False,0.4838318821984787,Q3,Q3
39 AV|4|-1|0,1568.1559533696618,88563.42461115394,0.7091806884925023,0.23411404343404932,Queens,never_treated,,3.0,5,False,0.296999233592739,Q3,Q3
39 AV|4|-1|1,2112.6087656382683,84728.60889443522,0.8190175957646827,0.11141339669148329,Queens,never_treated,,6.0,8,False,0.4001152965223993,Q3,Q4
39 AV|4|-1|2,71.82041206976835,74916.0,0.5450872359963269,0.08852157943067034,Queens,never_treated,,0.0,1,False,0.013602350770789461,Q3,Q3
39 AV|4|-1|3,520.6799456561297,74915.99999999999,0.5450872359963269,0.08852157943067034,Queens,never_treated,,2.0,4,False,0.09861362607123668,Q3,Q3
39 AV|4|-1|4,258.2605827369861,74916.0,0.5450872359963269,0.08852157943067034,Queens,never_treated,,1.0,1,False,0.04891298915473222,Q3,Q3
39 AV|4|2021|0,602.414908360304,76259.29422044122,0.552543755414824,0.09909733448479674,Queens,switcher,2021,1.0,6,True,0.11409373264399697,Q3,Q3
39 AV|4|2021|1,520.7900568480661,74916.0,0.5450872359963269,0.08852157943067034,Queens,switcher,2021,1.0,3,True,0.09863448046364888,Q3,Q3
39 AV|4|2021|2,486.6203713595606,74917.39675978043,0.5451074563684268,0.08852309923573189,Queens,switcher,2021,1.0,2,True,0.09216294912112889,Q3,Q3
39 AV|4|2021|3,398.3688825628095,95556.0,0.6857551896921975,0.22691481746599854,Queens,switcher,2021,1.0,2,True,0.07544865200053211,Q3,Q3
39 STREET|4|-1|0,5090.452195818618,72082.60418104421,0.7972345972782702,0.2726779265461836,Queens,never_treated,,24.0,23,False,0.964100794662617,Q2,Q4
39 ST|4|-1|0,103.06474720720334,81806.95055780797,0.8127199573293482,0.08181057446552842,Queens,never_treated,,2.0,1,False,0.019519838486212755,Q3,Q4
4 AVENUE|3|-1|0,276.4777023746327,57520.95651912174,0.818981284065544,0.25495814798929056,Brooklyn,never_treated,,8.0,9,False,0.0523632012073168,Q2,Q4
4 AVENUE|3|2018|0,1047.1462053418832,54038.0,0.9334362338414047,0.2770596179818638,Brooklyn,switcher,2018,0.0,4,True,0.19832314495111422,Q2,Q4
4 AVE|1|-1|0,328.80658916399227,194749.99999999997,0.2622649223221586,0.05175983436853001,Manhattan,never_treated,,1.0,2,False,0.06227397522045308,Q5 highest,Q1 least POC
4 AV|1|2014|0,1057.3755385159473,223798.75428186904,0.3814083722922425,0.06310341594390302,Manhattan,switcher,2014,9.0,5,True,0.20026051865832334,Q5 highest,Q2
4 AV|1|2016|0,616.3081301896052,250001.0,0.4246837868915293,0.043344447294177996,Manhattan,switcher,2016,16.0,2,True,0.1167250246571222,Q5 highest,Q2
4 AV|3|-1|0,257.8835414928994,122344.0,0.5922205048943843,0.1016774193548387,Brooklyn,never_treated,,0.0,4,False,0.04884157982820064,Q4,Q3
4 AV|3|-1|1,460.9081126083372,136307.0,0.48553309552120494,0.15061434799841458,Brooklyn,never_treated,,3.0,3,False,0.08729320314551842,Q4,Q2
4 AV|3|-1|2,256.3671837570225,122344.00000000001,0.5922205048943844,0.1016774193548387,Brooklyn,never_treated,,0.0,4,False,0.048554390863072436,Q4,Q3
4 AV|3|2018|0,1047.5889103825505,63352.0,0.9234209055338178,0.25782997762863535,Brooklyn,switcher,2018,0.0,4,True,0.19840699060275577,Q2,Q4
4 AV|3|2019|0,3641.8714655072863,124059.50985522203,0.46960769209752307,0.10516728515579742,Brooklyn,switcher,2019,47.0,16,True,0.6897483836188042,Q4,Q2
4 AV|3|2019|1,3641.408531674297,172497.68791899164,0.36903249341911337,0.0526904243629,Brooklyn,switcher,2019,32.0,16,True,0.6896607067564957,Q5 highest,Q1 least POC
4 AV|3|2020|0,11210.126736204971,88804.46990975848,0.7727603269239852,0.15973597086170677,Brooklyn,switcher,2020,169.0,49,True,2.123130063675184,Q3,Q4
4 AV|3|2020|1,11209.358244764111,88798.49074801417,0.7727891727344334,0.1597469904000076,Brooklyn,switcher,2020,118.0,49,True,2.122984516053809,Q3,Q4
4 AV|3|2020|2,3807.5209939557726,200265.07750416824,0.3669668268877369,0.05693091156946131,Brooklyn,switcher,2020,37.0,17,True,0.7211214003704115,Q5 highest,Q1 least POC
4 AV|3|2020|3,3537.3384963920917,128401.00100547196,0.5169482862560502,0.12297449161759251,Brooklyn,switcher,2020,34.0,15,True,0.6699504728015325,Q4,Q2
4 AV|3|2020|4,530.335130573726,118396.49235713985,0.5825651333119325,0.12094795307178645,Brooklyn,switcher,2020,16.0,2,True,0.1004422595783572,Q4,Q3
4 AV|3|2020|5,534.9528624624495,127787.49621094069,0.5218058864510051,0.038334092771493786,Brooklyn,switcher,2020,0.0,2,True,0.10131683001182756,Q4,Q2
40 RD|4|-1|0,940.964331130932,124987.99999999999,0.6329384467730765,0.14354530596085593,Queens,never_treated,,1.0,1,False,0.17821294150207045,Q4,Q3
41 AV|4|-1|0,990.111831099153,86322.46286745266,0.9905993860714931,0.13541661733720156,Queens,never_treated,,5.0,4,False,0.18752118013241534,Q3,Q5 most POC
41 AV|4|-1|1,2108.4514706287605,69581.16334541424,0.8899186432652281,0.10913748623595693,Queens,never_treated,,0.0,22,False,0.39932793004332584,Q2,Q4
41 AV|4|-1|2,1390.5828063650026,52401.690820967066,0.9539555262765862,0.1486003645713393,Queens,never_treated,,2.0,5,False,0.26336795575094746,Q2,Q5 most POC
41 AV|4|-1|3,499.1092319030863,95158.99999999999,0.973404255319149,0.06039076376554174,Queens,never_treated,,0.0,2,False,0.09452826361800877,Q3,Q5 most POC
41 AV|4|-1|4,870.2304119659156,34457.0,1.0,0.1563517915309446,Queens,never_treated,,2.0,1,False,0.16481636590263551,Q1 lowest,Q5 most POC
41 AV|4|-1|5,150.7330476265592,77604.0,0.9840386559376207,0.19754543967158497,Queens,never_treated,,0.0,1,False,0.028547925686848333,Q3,Q5 most POC
41 ST|3|-1|0,3897.763530441295,56756.096755469036,0.8996022591212111,0.1715852294143924,Brooklyn,never_treated,,13.0,4,False,0.7382127898563059,Q2,Q4
42 AV|4|-1|0,2419.3079372753637,77726.19464530364,0.9884102883811057,0.15703102745201444,Queens,never_treated,,12.0,8,False,0.45820226084760673,Q3,Q5 most POC
42 AV|4|-1|1,776.7382987835742,92802.5426343497,0.9765996254441768,0.07697427792951944,Queens,never_treated,,7.0,3,False,0.14710952628476784,Q3,Q5 most POC
42 AV|4|-1|2,871.3881509966096,34457.0,1.0,0.1563517915309446,Queens,never_treated,,2.0,1,False,0.16503563465844878,Q1 lowest,Q5 most POC
42 ST|3|-1|0,1559.962620243661,64721.29392464823,0.8948296228644551,0.22589873658742118,Brooklyn,never_treated,,4.0,2,False,0.2954474659552388,Q2,Q4
42 ST|4|-1|0,2670.697241995833,96710.12550128436,0.3642897970506253,0.08291530789562804,Queens,never_treated,,2.0,5,False,0.5058138715901198,Q3,Q1 least POC
42 ST|4|-1|1,3355.0857265567333,88981.88126413919,0.6004755174148075,0.07527607479030862,Queens,never_treated,,2.0,8,False,0.6354329027569571,Q3,Q3
43 AVE|4|-1|0,870.1107500623306,58512.0,0.9933380084151473,0.11605890603085554,Queens,never_treated,,6.0,1,False,0.1647937026633202,Q2,Q5 most POC
43 AV|4|-1|0,3008.5519654958503,98628.01244628461,0.3582866822164721,0.07749090407769753,Queens,never_treated,,4.0,6,False,0.5698015086166383,Q3,Q1 least POC
43 AV|4|-1|1,7016.3347685605095,53620.94705411932,0.8643494181593718,0.1171763302626388,Queens,never_treated,,7.0,15,False,1.328851281924339,Q2,Q4
43 AV|4|2018|0,5549.060814226004,75700.88358150235,0.6990542420765332,0.32574286222373317,Queens,switcher,2018,26.0,23,True,1.050958487542804,Q3,Q3
43 STREET|3|2018|0,785.9924361693703,78942.0,0.052766087774826075,0.9506602815612016,Brooklyn,switcher,2018,1.0,1,True,0.1488622038199565,Q3,Q1 least POC
43 ST|3|-1|0,2338.085089204612,57409.89906114511,0.8443561352169415,0.27453800858759964,Brooklyn,never_treated,,2.0,9,False,0.44281914568269165,Q2,Q4
43 ST|4|-1|0,6437.511325734,88340.58154646761,0.6151685222758202,0.12876525158167842,Queens,never_treated,,22.0,18,False,1.2192256298738635,Q3,Q3
43 ST|4|-1|1,7450.015070130918,84021.51141985146,0.4514794495650523,0.09828803115037085,Queens,never_treated,,25.0,17,False,1.4109877026763102,Q3,Q2
43 ST|4|-1|2,243.1949029507942,113708.0,0.31106578276389596,0.03467618561958185,Queens,never_treated,,0.0,6,False,0.046059640710377686,Q4,Q1 least POC
44 DR|4|-1|0,1088.320898654332,165089.2271430124,0.619777793401053,0.026922236651553424,Queens,never_treated,,6.0,3,False,0.20612138232089622,Q5 highest,Q3
44 DR|4|2022|0,2868.943930980539,133514.18823202336,0.45346599936031623,0.06204789460954793,Queens,switcher,2022,1.0,4,True,0.5433605929887384,Q4,Q2
44 ST|3|-1|0,4679.509809013274,75294.60797955404,0.6756622225613517,0.33095897037239397,Brooklyn,never_treated,,9.0,15,False,0.886270797161605,Q3,Q3
44 ST|4|-1|0,7465.961045691056,80588.0614698596,0.437376261268685,0.1066567520357896,Queens,never_treated,,12.0,21,False,1.4140077738051242,Q3,Q2
46 AVENUE|4|-1|0,4201.198685795069,96955.85710635876,0.6825233996543068,0.12385787001190719,Queens,never_treated,,2.0,10,False,0.7956815692793691,Q3,Q3
46 AVENUE|4|2024|0,1584.7592003182665,88156.0360233355,0.6236968474629272,0.09587715687438268,Queens,switcher,2024,0.0,5,True,0.3001437879390656,Q3,Q3
46 AV|4|-1|0,1154.2837504174427,76577.96168750542,0.7963825893844325,0.1088916413295108,Queens,never_treated,,2.0,3,False,0.2186143466699702,Q3,Q4
47 AVENUE|4|-1|0,11553.837058145415,80476.25936539078,0.7226635652800335,0.3475395239504064,Queens,never_treated,,36.0,30,False,2.188226715557844,Q3,Q3
47 AVE|4|-1|0,259.1771460985078,70771.1591453314,0.8149324248645495,0.1918824384827679,Queens,never_treated,,1.0,3,False,0.04908658070047497,Q2,Q4
47 ST|4|-1|0,5118.431478567806,66903.05248758565,0.7520021957259597,0.1337764661112452,Queens,never_treated,,7.0,17,False,0.9693999012439026,Q2,Q4
47 ST|4|-1|1,115.89830400782114,95096.00000000001,0.65671031096563,0.054009819967266774,Queens,never_treated,,0.0,1,False,0.02195043636511764,Q3,Q3
47 ST|4|-1|2,1009.6299489572341,64583.0,0.8869179600886918,0.09460458240946047,Queens,never_treated,,0.0,5,False,0.1912177933631125,Q2,Q4
47 ST|4|2020|0,124.64354819618558,60239.10767570056,0.9200984820973874,0.09318161167401903,Queens,switcher,2020,0.0,4,True,0.023606732612913937,Q2,Q4
48 ST|4|-1|0,10864.703062324657,65708.23234620788,0.8247165468071291,0.19298000901515788,Queens,never_treated,,45.0,45,False,2.057708913319064,Q2,Q4
49 AV|4|-1|0,1353.4381203573666,145922.0,0.7146734853360822,0.376349996121313,Queens,never_treated,,2.0,7,False,0.25633297734041033,Q5 highest,Q3
49 AV|4|-1|1,592.3612549885421,145922.0,0.5540414989160731,0.03536469845279444,Queens,never_treated,,1.0,1,False,0.11218963162661783,Q5 highest,Q3
49 STREET|4|-1|0,1027.7098732496386,74915.99999999999,0.5450872359963268,0.08852157943067031,Queens,never_treated,,3.0,11,False,0.1946420214487952,Q3,Q3
49 ST|4|-1|0,1196.822151425963,65667.0,0.6556581986143188,0.1443418013856813,Queens,never_treated,,1.0,4,False,0.226670862012493,Q2,Q3
5 AVENUE|3|-1|0,1708.5655006790344,70614.0668054356,0.5773067712725042,0.1793314214604497,Brooklyn,never_treated,,16.0,9,False,0.32359195088618076,Q2,Q3
5 AVE|1|-1|0,181.92260464512188,186028.00000000003,0.43713822644130584,0.1776840131270511,Manhattan,never_treated,,3.0,1,False,0.03445503875854581,Q5 highest,Q2
5 AV|1|-1|0,2894.810691541078,51954.2825025856,0.9433068627710104,0.3024775507581773,Manhattan,never_treated,,29.0,18,False,0.5482596006706587,Q2,Q4
5 AV|1|-1|1,148.34148982401214,45221.0,0.947376688658498,0.31055900621118004,Manhattan,never_treated,,0.0,4,False,0.028094979133335633,Q1 lowest,Q5 most POC
5 AV|1|-1|2,498.0544234607681,186095.12521964236,0.4581171073367066,0.15066973407127696,Manhattan,never_treated,,0.0,3,False,0.09432848929181213,Q5 highest,Q2
5 AV|1|-1|3,263.0500169322671,250001.0,0.15322580645161288,0.04816913687881431,Manhattan,never_treated,,0.0,1,False,0.04982007896444453,Q5 highest,Q1 least POC
5 AV|1|-1|4,374.9255772343959,169468.5,0.2087972472758423,0.03686515253473307,Manhattan,never_treated,,0.0,1,False,0.07100863205196892,Q5 highest,Q1 least POC
5 AV|1|2017|0,5084.59488637229,180155.6334415691,0.32628559958704334,0.0845894158920258,Manhattan,switcher,2017,63.0,18,True,0.9629914557523276,Q5 highest,Q1 least POC
5 AV|1|2020|0,1973.7728158271877,56810.83894137499,0.8759058549294914,0.25299612603923366,Manhattan,switcher,2020,13.0,15,True,0.3738206090581795,Q2,Q4
5 AV|1|2020|1,429.10885790339853,65391.0,0.774219058916568,0.2095689996045868,Manhattan,switcher,2020,1.0,2,True,0.0812706170271588,Q2,Q4
5 AV|3|-1|0,22213.893833553473,117748.10867414887,0.638528583553987,0.12399041658473287,Brooklyn,never_treated,,577.0,100,False,4.20717686241543,Q4,Q3
50 AVENUE|4|-1|0,279.74877397399337,124885.0,0.5850407797891386,0.04714541476029441,Queens,never_treated,,0.0,1,False,0.05298272234355935,Q4,Q3
50 AVE|4|2017|0,258.98613512595267,91421.0,0.7757868136917069,0.09078372787864859,Queens,switcher,2017,0.0,1,True,0.04905040437991528,Q3,Q4
50 AV|4|-1|0,2199.683806472622,140588.22295336242,0.5619011392061825,0.0383516126627052,Queens,never_treated,,0.0,14,False,0.4166067815289057,Q4,Q3
50 AV|4|-1|1,4278.0020763670145,82418.63054516785,0.7294607549035396,0.10236566601706691,Queens,never_treated,,9.0,15,False,0.8102276659786012,Q3,Q3
50 AV|4|2017|0,497.36616715789916,91421.0,0.44293927840548647,0.2659800992334419,Queens,switcher,2017,0.0,1,True,0.09419813771929908,Q3,Q2
50 ST|4|-1|0,1323.5653170208282,71159.12733068256,0.7601688855116785,0.17035000224246105,Queens,never_treated,,10.0,7,False,0.2506752494357629,Q2,Q4
51 AVENUE|4|-1|0,326.7634169065755,124885.0,0.5850407797891386,0.04714541476029441,Queens,never_treated,,0.0,1,False,0.061887010777760515,Q4,Q3
51 AV|4|-1|0,1288.7472879691995,136771.3241877926,0.5675255683975099,0.04048907530146665,Queens,never_treated,,3.0,3,False,0.24408092575174234,Q4,Q3
51 AV|4|2023|0,90.90991411996048,145922.0,0.5540414989160731,0.03536469845279444,Queens,switcher,2023,0.0,1,True,0.01721778676514403,Q5 highest,Q3
51 ST|4|-1|0,1186.2673175040156,77188.0,0.8052024830032516,0.13035767070647353,Queens,never_treated,,6.0,4,False,0.2246718404363666,Q3,Q4
52 ST|4|-1|0,691.4518106401347,77188.0,0.8052024830032517,0.13035767070647356,Queens,never_treated,,3.0,5,False,0.13095678231820732,Q3,Q4
53 AVENUE|4|-1|0,277.5116648358654,118724.02311541367,0.8047487857134263,0.029396064583953375,Queens,never_treated,,0.0,4,False,0.05255902743103512,Q4,Q4
53 AVENUE|4|2024|0,7885.416161441545,93294.13063329966,0.7746662691045014,0.07351984579259092,Queens,switcher,2024,3.0,19,True,1.4934500305760503,Q3,Q4
53 AVENUE|4|2024|1,1836.4436804284896,106004.00333966932,0.7090870024676764,0.06215080327892477,Queens,switcher,2024,3.0,5,True,0.34781130311145636,Q4,Q3
53 AV|4|-1|0,1054.5195053907808,69919.0,0.9439077594266128,0.20915647538413296,Queens,never_treated,,6.0,5,False,0.19971960329370847,Q2,Q4
54 AV|4|-1|0,760.7545739281697,52007.00000000001,0.9552469135802467,0.2307003803982994,Queens,never_treated,,3.0,4,False,0.14408230566821398,Q2,Q5 most POC
54 STREET|4|2022|0,46.99887762348713,92426.0,0.7985729967069155,0.10757409440175632,Queens,switcher,2022,1.0,1,True,0.008901302580205897,Q3,Q4
55 AV|4|-1|0,4589.828607419784,69082.12946569281,0.929448962116455,0.0973301897757066,Queens,never_treated,,13.0,19,False,0.8692857211022318,Q2,Q4
55 AV|4|-1|1,625.0250062563119,52007.0,0.955246913580247,0.2307003803982994,Queens,never_treated,,0.0,3,False,0.11837594815460453,Q2,Q5 most POC
56 AVENUE|4|-1|0,4161.806213111112,94826.80592609412,0.7629926604832961,0.09335264327432294,Queens,never_treated,,2.0,22,False,0.7882208736952864,Q3,Q4
56 AVENUE|4|-1|1,3764.2301334330004,117911.34815829725,0.7423483274503588,0.07395318881524161,Queens,never_treated,,0.0,24,False,0.7129223737562501,Q4,Q3
56 AVENUE|4|2024|0,148.49680244659214,122430.26216389301,0.7385878921141099,0.08547241672934043,Queens,switcher,2024,0.0,1,True,0.028124394402763663,Q4,Q3
56 AV|4|-1|0,5059.497432576216,70840.4940158481,0.9166470280635354,0.10497805433341864,Queens,never_treated,,4.0,11,False,0.9582381501091318,Q2,Q4
56 AV|4|-1|1,1572.1406290505274,50209.01731824538,0.9194318797881174,0.3286188121556679,Queens,never_treated,,1.0,4,False,0.2977539070171453,Q2,Q4
56 AV|4|-1|2,515.9749592955301,58386.00000000001,0.8726088726088725,0.1338100102145046,Queens,never_treated,,0.0,2,False,0.09772253016960797,Q2,Q4
56 RD|4|-1|0,1724.0870466554666,58386.0,0.8726088726088725,0.1338100102145046,Queens,never_treated,,0.0,6,False,0.3265316376241414,Q2,Q4
57 AV|4|-1|0,2368.275931618619,56040.92432844327,0.951945445742345,0.147487019573079,Queens,never_treated,,11.0,8,False,0.44853710826110205,Q2,Q5 most POC
57 ST|3|-1|0,4679.6689660518,56966.33293830362,0.8355615542868157,0.23051413043139501,Brooklyn,never_treated,,7.0,15,False,0.8863009405401138,Q2,Q4
58 STREET|3|2024|0,1570.9906521546118,40708.0,0.7135416666666667,0.25634939473059576,Brooklyn,switcher,2024,1.0,1,True,0.29753610836261585,Q1 lowest,Q3
58 ST|3|-1|0,3899.4807326626706,60173.752427181345,0.8597098484906373,0.22540033923007485,Brooklyn,never_treated,,11.0,14,False,0.7385380175497482,Q2,Q4
59 AV|4|-1|0,6097.134458054539,56394.872202985636,0.9007090792670818,0.1229316219538428,Queens,never_treated,,2.0,12,False,1.154760314025481,Q2,Q4
59 AV|4|-1|1,2886.5959133905635,95856.0,0.8098368087035358,0.08847123538849415,Queens,never_treated,,2.0,12,False,0.5467037714754855,Q3,Q4
59 ST|4|-1|0,1632.6630302454628,71750.00000000001,0.8098891730605287,0.06109690252912759,Queens,never_treated,,6.0,4,False,0.3092164830010346,Q2,Q4
6 AVENUE|3|-1|0,5262.020260400944,92842.81477258004,0.48108480287474575,0.129691279096547,Brooklyn,never_treated,,24.0,28,False,0.9965947462880576,Q3,Q2
6 AV|1|2019|0,808.7290474718168,129190.52493475312,0.5711315229548825,0.21451934511865953,Manhattan,switcher,2019,13.0,4,True,0.1531683802029956,Q4,Q3
6 AV|1|2020|0,2143.167621391063,160721.92640818903,0.39789097112211225,0.08264809530048496,Manhattan,switcher,2020,59.0,8,True,0.40590295859679226,Q5 highest,Q2
6 AV|1|2020|1,6045.607065466891,134976.13175622566,0.6345641394423374,0.2938999271361086,Manhattan,switcher,2020,120.0,16,True,1.1450013381566082,Q4,Q3
6 AV|1|2022|0,520.9050645353291,144175.5,0.4363696364324176,0.06701089012483802,Manhattan,switcher,2022,0.0,1,True,0.0986562622226002,Q5 highest,Q2
6 AV|3|-1|0,249.5054773886121,61567.48184620349,0.913249821241584,0.18978227511287066,Brooklyn,never_treated,,8.0,4,False,0.04725482526299472,Q2,Q4
60 AV|4|-1|0,6008.537120398762,56435.85917401023,0.9001306420829841,0.1231555514198984,Queens,never_treated,,5.0,12,False,1.1379805152270384,Q2,Q4
60 ST|4|-1|0,1717.5173936703359,71750.00000000001,0.8098891730605287,0.06109690252912759,Queens,never_treated,,5.0,5,False,0.32528738516483635,Q2,Q4
62 DR|4|2022|0,5431.700612094974,72029.38167866634,0.6159158274353711,0.15796905164288563,Queens,switcher,2022,0.0,28,True,1.0287311765331388,Q2,Q3
62 ST|3|-1|0,1559.9532847295566,70395.5,0.6253303227964542,0.2762879777512976,Brooklyn,never_treated,,1.0,1,False,0.29544569786544633,Q2,Q3
62 ST|3|-1|1,1559.390272958552,57938.95415145589,0.9229778421960385,0.2318420425965793,Brooklyn,never_treated,,5.0,2,False,0.2953390668482106,Q2,Q4
63 AVE|4|-1|0,2958.1801756490795,93813.62152329255,0.4652240601330038,0.0679474982894568,Queens,never_treated,,2.0,15,False,0.5602613969032347,Q3,Q2
63 AV|4|-1|0,1811.5200225839508,70594.28209393536,0.7291442764979424,0.0632896842395655,Queens,never_treated,,1.0,4,False,0.3430909133681725,Q2,Q3
63 AV|4|2022|0,1033.3433273604476,76669.73050699246,0.5839627630026908,0.14577034764835403,Queens,switcher,2022,0.0,6,True,0.19570896351523628,Q3,Q3
63 DR|4|2023|0,67.98942535314414,72124.99999999999,0.7175792507204609,0.0627601665065642,Queens,switcher,2023,0.0,2,True,0.012876785104762149,Q2,Q3
63 RD|4|2022|0,4086.81778268178,78740.53963097901,0.6161404887306268,0.12224560755122775,Queens,switcher,2022,6.0,12,True,0.7740185194473068,Q3,Q3
63 RD|4|2023|0,1728.7276610161357,56179.08910694406,0.46261145633357903,0.1821735345860762,Queens,switcher,2023,9.0,6,True,0.3274105418591166,Q2,Q2
64 ST|3|-1|0,6238.518922970299,61222.16043071001,0.8798916045266796,0.23379357439888673,Brooklyn,never_treated,,10.0,8,False,1.1815376748049808,Q2,Q4
65 AVE|4|-1|0,1147.7514566072255,25275.0,0.7870248055188609,0.379421693820637,Queens,never_treated,,1.0,5,False,0.21737716981197452,Q1 lowest,Q4
65 PLACE|4|-1|0,636.2036852055888,94055.0,0.5676064441887227,0.0811277330264672,Queens,never_treated,,0.0,1,False,0.12049312219802819,Q3,Q3
65 PL|4|-1|0,55.685501482963204,94055.0,0.5676064441887227,0.0811277330264672,Queens,never_treated,,0.0,1,False,0.010546496492985455,Q3,Q3
66 ST|3|-1|0,6161.575870730457,61538.61726430229,0.8440484944783682,0.2537737959879566,Brooklyn,never_treated,,15.0,8,False,1.1669651270322834,Q2,Q4
66 ST|3|2019|0,166.0428939189813,69030.0,0.9696223316912972,0.1893687707641196,Brooklyn,switcher,2019,0.0,1,True,0.03144751778768585,Q2,Q5 most POC
67 AV|4|-1|0,790.2984829098841,108219.0,0.7132632296323841,0.05315566475953315,Queens,never_treated,,0.0,3,False,0.14967774297535685,Q4,Q3
68 STREET|3|-1|0,2428.3700790120647,67241.52330470807,0.5910457591636983,0.18293225858977247,Brooklyn,never_treated,,11.0,4,False,0.4599185755704668,Q2,Q3
68 ST|3|-1|0,2975.8510450401745,102634.11689113443,0.4423699325220018,0.0563387428708557,Brooklyn,never_treated,,4.0,16,False,0.5636081524697301,Q4,Q2
69 AVENUE|4|-1|0,1574.3558820221042,108218.99999999999,0.723974358974359,0.046265184802274484,Queens,never_treated,,0.0,6,False,0.2981734625041864,Q4,Q3
69 AV|4|-1|0,794.8772752464531,108219.0,0.723974358974359,0.0462651848022745,Queens,never_treated,,0.0,3,False,0.15054493849364642,Q4,Q3
69 AV|4|-1|1,2109.5617542011614,97805.2275244989,0.5061329991778774,0.1052414791423869,Queens,never_treated,,6.0,4,False,0.39953821102294723,Q3,Q2
69 RD|4|-1|0,439.72052111133564,60014.0,0.5512946979038225,0.10718507815578615,Queens,never_treated,,0.0,6,False,0.08328040172563175,Q2,Q3
69 ST|4|-1|0,18497.094667865076,88688.79600880241,0.5732601364489937,0.10637590485880104,Queens,never_treated,,63.0,72,False,3.503237626489598,Q3,Q3
7 AVENUE|1|2024|0,2100.695029702796,114293.66060227867,0.6826185074760666,0.5111125217638653,Manhattan,switcher,2024,64.0,10,True,0.39785890714068106,Q4,Q3
7 AVENUE|3|-1|0,1416.2214814499305,55250.00000000001,0.2506826870562534,0.18196721311475414,Brooklyn,never_treated,,0.0,5,False,0.2682237654261232,Q2,Q1 least POC
7 AVENUE|3|2024|0,3446.9080188740813,87662.0442013892,0.5029940220747112,0.13072154836846575,Brooklyn,switcher,2024,1.0,9,True,0.6528234884231214,Q3,Q2
7 AVE|1|-1|0,273.7354529293799,173615.0,0.27987987987987983,0.06538381957376371,Manhattan,never_treated,,0.0,1,False,0.051843835782079524,Q5 highest,Q1 least POC
7 AVE|1|-1|1,156.6766918483469,156265.0,0.25952703720439835,0.05268751897965382,Manhattan,never_treated,,0.0,2,False,0.029673615880368733,Q5 highest,Q1 least POC
7 AVE|1|2016|0,1064.1277748153695,15971.000000000002,0.7192307692307693,0.4615384615384616,Manhattan,switcher,2016,20.0,4,True,0.20153935129078968,Q1 lowest,Q3
7 AVE|1|2017|0,3973.9679921020956,165495.2540863347,0.31692248191433214,0.11283457145043672,Manhattan,switcher,2017,83.0,17,True,0.7526454530496394,Q5 highest,Q1 least POC
7 AVE|1|2017|1,1101.2776794498873,167354.50000000003,0.23580394274400582,0.0664283275927003,Manhattan,switcher,2017,6.0,2,True,0.20857531807763016,Q5 highest,Q1 least POC
7 AVE|3|-1|0,8723.940110476786,171602.3520434619,0.2912007555217306,0.049194800760084756,Brooklyn,never_treated,,80.0,38,False,1.6522613845599974,Q5 highest,Q1 least POC
7 AV|1|-1|0,257.11447176716024,137752.44959011764,0.5627260893979916,0.13191204904392484,Manhattan,never_treated,,1.0,1,False,0.04869592268317429,Q4,Q3
7 AV|1|-1|1,279.8791509197373,146964.0,0.2514516980468062,0.08868555340489179,Manhattan,never_treated,,0.0,1,False,0.05300741494691994,Q5 highest,Q1 least POC
7 AV|1|-1|2,378.3184581774933,144395.73853125208,0.2495373569513433,0.0830931642361352,Manhattan,never_treated,,0.0,2,False,0.07165122313967677,Q5 highest,Q1 least POC
7 AV|1|2018|0,885.171551052639,159274.95168535857,0.26458358702093693,0.07792173518493371,Manhattan,switcher,2018,7.0,4,True,0.16764612709330284,Q5 highest,Q1 least POC
7 AV|1|2018|1,1117.1593015330461,120963.99999999999,0.2320717131474104,0.032070555221487274,Manhattan,switcher,2018,12.0,5,True,0.2115832010479254,Q4,Q1 least POC
7 AV|1|2018|2,166.8546887237054,146964.0,0.2514516980468062,0.08868555340489179,Manhattan,switcher,2018,1.0,1,True,0.031601266803732084,Q5 highest,Q1 least POC
7 AV|1|2022|0,2347.981516019208,135578.21034978415,0.505731572516294,0.10277153086311795,Manhattan,switcher,2022,34.0,9,True,0.4446934689430318,Q4,Q2
7 AV|1|2023|0,842.7675092745296,189540.99999999997,0.3493181477596284,0.08812490617024471,Manhattan,switcher,2023,10.0,4,True,0.15961505857472152,Q5 highest,Q1 least POC
7 AV|3|-1|0,7641.358366446242,59813.13857723215,0.9262775046392698,0.2551643683484508,Brooklyn,never_treated,,61.0,36,False,1.4472269633420913,Q2,Q4
7 AV|3|-1|1,1231.6838669683716,80476.0,0.4959954233409611,0.1358695652173913,Brooklyn,never_treated,,3.0,5,False,0.23327345965310067,Q3,Q2
7 AV|3|-1|2,854.8972662882684,77639.3980907225,0.37962817422919415,0.16763770758277108,Brooklyn,never_treated,,4.0,5,False,0.16191236103944476,Q3,Q2
7 AV|3|2019|0,2306.5341181796757,96023.12639106547,0.5139759429362847,0.14428407772721782,Brooklyn,switcher,2019,7.0,11,True,0.43684358298857495,Q3,Q2
7 AV|3|2020|0,1106.5574865312426,103638.88703756864,0.3822727491764627,0.08578966915928182,Brooklyn,switcher,2020,2.0,5,True,0.20957528154000807,Q4,Q2
70 STREET|4|2025|0,25.756446118121033,63739.999999999985,0.8509144350097975,0.13321976149914821,Queens,treated_after_window,2025,1.0,2,False,0.004878114795098681,Q2,Q4
72 STREET|3|-1|0,4746.070069022798,81476.96069619803,0.48466051336061594,0.1561351154574493,Brooklyn,never_treated,,14.0,9,False,0.8988769070118935,Q3,Q2
72 ST|3|-1|0,1654.90452324902,119298.80514766416,0.4338081725767595,0.05670791856178629,Brooklyn,never_treated,,1.0,7,False,0.3134288869789811,Q4,Q2
73 AVE|4|-1|0,1200.943093382455,109959.0,0.5692171605484299,0.0588365405883654,Queens,never_treated,,1.0,3,False,0.22745134344364676,Q4,Q3
73 AV|4|-1|0,25684.241963686207,94992.50685666075,0.6803036965218192,0.10361550120349362,Queens,never_treated,,43.0,79,False,4.86443976584966,Q3,Q3
73 AV|4|2018|0,4113.483115560525,108218.99999999997,0.3970055109304706,0.2566045637943098,Queens,switcher,2018,0.0,9,True,0.7790687718864631,Q4,Q2
73 PLACE|4|-1|0,174.9278398594564,101548.0,0.3746943765281173,0.022616136919315404,Queens,never_treated,,1.0,1,False,0.03313027270065463,Q4,Q2
73 PL|4|-1|0,180.9809095481479,89767.0,0.36117178139244926,0.08318871945423276,Queens,never_treated,,0.0,1,False,0.034276687414421955,Q3,Q1 least POC
73 ST|4|-1|0,605.688635380656,51359.0,0.8061322261258383,0.173427020121367,Queens,never_treated,,0.0,2,False,0.11471375670088182,Q2,Q4
74 AVE|4|-1|0,558.8678700656584,109959.0,0.56921716054843,0.0588365405883654,Queens,never_treated,,0.0,1,False,0.1058461875124353,Q4,Q3
74 AVE|4|-1|1,558.0201786306978,138698.0,0.6695962647624278,0.07899934167215274,Queens,never_treated,,0.0,1,False,0.10568563989217762,Q4,Q3
74 ST|4|-1|0,6996.494453657762,72300.61508779765,0.7477932649946832,0.10700300563093806,Queens,never_treated,,20.0,18,False,1.3250936465260914,Q2,Q3
74 ST|4|-1|1,1458.4919377313201,71060.89343383159,0.9340874078338346,0.13916376054080234,Queens,never_treated,,2.0,6,False,0.27622953366123487,Q2,Q4
75 ST|4|-1|0,4142.390133651042,76936.54995114238,0.7058863595079382,0.10633813519265568,Queens,never_treated,,10.0,13,False,0.7845435859187578,Q3,Q3
76 ST|4|-1|0,138.23795075428615,50316.0,0.950954698614751,0.15570545250140527,Queens,never_treated,,1.0,1,False,0.026181430067099647,Q2,Q5 most POC
77 AV|4|-1|0,1919.1044587433682,99763.49909813242,0.49199564611915886,0.09662206948171427,Queens,never_treated,,0.0,4,False,0.36346675354988034,Q3,Q2
77 RD|4|-1|0,4771.537348150603,96180.6277539033,0.6188354562045933,0.07937269436884259,Queens,never_treated,,2.0,15,False,0.9037002553315536,Q3,Q3
78 AVE|4|-1|0,2487.8251747563963,104839.99999999999,0.4700423314881146,0.055546398549530245,Queens,never_treated,,0.0,5,False,0.4711790103705296,Q4,Q2
78 AV|4|-1|0,2144.8899467972674,118308.6757859194,0.398161720271597,0.0548083039361727,Queens,never_treated,,1.0,9,False,0.40622915659039155,Q4,Q2
79 PL|4|-1|0,1572.6422604634145,119665.0,0.4006856145599601,0.08292439435619842,Queens,never_treated,,0.0,1,False,0.29784891296655575,Q4,Q2
79 ST BOAT BASIN|1|-1|0,18.834573559220203,223952.00000000003,0.1592551417454141,0.07184546970539188,Manhattan,never_treated,,0.0,1,False,0.0035671540831856445,Q5 highest,Q1 least POC
79 ST SOUTH ACCESS RAMP|1|-1|0,159.4992851576519,126405.47549363993,0.23600833494434162,0.046707227366484534,Manhattan,never_treated,,0.0,2,False,0.030208197946524983,Q4,Q1 least POC
79 ST|4|-1|0,742.1133825201581,134205.0,0.42041884816753927,0.08534031413612565,Queens,never_treated,,0.0,1,False,0.1405517769924542,Q4,Q2
8 AV|1|-1|0,154.71838786442217,161094.0,0.19172800560813175,0.06747283561163687,Manhattan,never_treated,,0.0,1,False,0.029302724974322382,Q5 highest,Q1 least POC
8 AV|1|-1|1,129.08267888913005,161094.0,0.19172800560813175,0.06747283561163687,Manhattan,never_treated,,0.0,1,False,0.024447477062335236,Q5 highest,Q1 least POC
8 AV|1|-1|2,145.23936641300045,161094.0,0.19172800560813175,0.06747283561163687,Manhattan,never_treated,,25.0,1,False,0.027507455760037963,Q5 highest,Q1 least POC
8 AV|1|2008|0,145.57442382948054,161094.0,0.19172800560813175,0.06747283561163687,Manhattan,always_treated,2008,1.0,1,True,0.027570913604068284,Q5 highest,Q1 least POC
8 AV|1|2008|1,592.9966385231694,161094.0,0.19172800560813177,0.06747283561163689,Manhattan,always_treated,2008,2.0,2,True,0.11230996941726692,Q5 highest,Q1 least POC
8 AV|1|2008|2,174.53070001897294,161094.0,0.19172800560813175,0.06747283561163687,Manhattan,always_treated,2008,0.0,1,True,0.033055056821775175,Q5 highest,Q1 least POC
8 AV|1|2009|0,3305.480377115927,110796.7341179366,0.41528595466713913,0.1281091109482827,Manhattan,always_treated,2009,22.0,9,True,0.6260379502113498,Q4,Q2
8 AV|1|2010|0,3409.7340726666853,130212.45677542126,0.4738725493056614,0.15037535127557794,Manhattan,always_treated,2010,51.0,11,True,0.6457829683080843,Q4,Q2
8 AV|1|2012|0,4114.611724577553,113859.36633208505,0.49794230959179664,0.16403263147979769,Manhattan,always_treated,2012,51.0,13,True,0.7792825235942336,Q4,Q2
8 AV|1|2012|1,1823.727304250969,121018.74222666047,0.566006208046768,0.30622026300778005,Manhattan,always_treated,2012,15.0,5,True,0.3454028985323805,Q4,Q3
8 AV|1|2017|0,281.1228138324528,16046.410297466862,0.7193587249835907,0.46169375228050796,Manhattan,switcher,2017,2.0,1,True,0.05324295716523727,Q1 lowest,Q3
8 AV|1|2019|0,792.5561846579526,103747.29743747132,0.7400825564019223,0.44861320862104476,Manhattan,switcher,2019,3.0,3,True,0.15010533800340012,Q4,Q3
8 AV|1|2019|1,710.127766826292,149746.15151062087,0.3405602253542983,0.08225082451154596,Manhattan,switcher,2019,2.0,4,True,0.13449389523225228,Q5 highest,Q1 least POC
8 ST|4|-1|0,913.8649629142515,27554.750606770118,0.8416132476845365,0.3961585990691843,Queens,never_treated,,5.0,10,False,0.17308048540042642,Q1 lowest,Q4
80 RD|4|-1|0,1633.294549391277,101749.99999999997,0.48066298342541436,0.05662983425414364,Queens,never_treated,,0.0,6,False,0.3093360888998631,Q4,Q2
80 STREET|4|-1|0,31.035806047847398,99611.0,0.2915291529152916,0.16120066703724292,Queens,never_treated,,0.0,1,False,0.005877993569668068,Q3,Q1 least POC
80 STREET|4|2026|0,806.4624207270082,110458.061727907,0.3319429379789515,0.1374144055289112,Queens,treated_after_window,2026,0.0,5,False,0.15273909483466064,Q4,Q1 least POC
80 ST|4|-1|0,12784.791255387232,99731.24509037369,0.46069425240996487,0.062357060057652784,Queens,never_treated,,39.0,36,False,2.4213619801869757,Q3,Q2
80 ST|4|-1|1,528.8596249537267,119665.0,0.40068561455996016,0.08292439435619842,Queens,never_treated,,1.0,1,False,0.10016280775638763,Q4,Q2
81 ST|4|-1|0,9027.147120723237,73377.44547404497,0.8203702239742445,0.10043451726234397,Queens,never_treated,,23.0,14,False,1.7096869546824314,Q3,Q4
82 AVE|4|-1|0,6032.769969034605,106301.87785225491,0.8305716643689381,0.0863520399125182,Queens,never_treated,,3.0,26,False,1.1425700698929178,Q4,Q4
82 AV|4|-1|0,1937.7714931504788,101240.23953714312,0.4465590184803338,0.05596371561607364,Queens,never_treated,,0.0,5,False,0.36700217673304525,Q4,Q2
82 ST|4|-1|0,7407.052834071667,65550.20947019565,0.8460149426004702,0.12866242614242676,Queens,never_treated,,33.0,15,False,1.4028509155438764,Q2,Q4
83 AV|4|-1|0,827.1771904741099,99630.0,0.5592450192240475,0.046486486486486484,Queens,never_treated,,1.0,2,False,0.15666234668070264,Q3,Q3
84 RD|4|-1|0,84.40655090128804,137109.0,0.845309381237525,0.06986027944111776,Queens,never_treated,,0.0,2,False,0.015986089185850007,Q4,Q4
84 RD|4|-1|1,1133.673491063879,137109.0,0.8453093812375249,0.06986027944111775,Queens,never_treated,,0.0,4,False,0.214710888459068,Q4,Q4
84 ST|3|-1|0,3977.02614918991,92383.06908988705,0.2898972573134536,0.10722877934967144,Brooklyn,never_treated,,2.0,8,False,0.753224649467786,Q3,Q1 least POC
84 ST|3|-1|1,4822.200849081586,89921.26037949964,0.34598061009638686,0.12428317949856564,Brooklyn,never_treated,,13.0,7,False,0.913295615356361,Q3,Q1 least POC
84 ST|4|-1|0,5418.647073160258,157484.5074609014,0.16468064124910964,0.03456889128670531,Queens,never_treated,,9.0,13,False,1.026258915371261,Q5 highest,Q1 least POC
84 ST|4|-1|1,4534.61074339193,71886.6116297473,0.5734930934307256,0.07742822207317095,Queens,never_treated,,2.0,4,False,0.8588277923090776,Q2,Q3
85 ST|3|-1|0,3966.3006072270496,92493.16281164906,0.2900271409992608,0.10701339170174416,Brooklyn,never_treated,,5.0,9,False,0.7511932968233048,Q3,Q1 least POC
85 ST|3|-1|1,3117.577683886115,92189.61652822925,0.29984611336443734,0.13231292247516324,Brooklyn,never_treated,,5.0,4,False,0.5904503189178248,Q3,Q1 least POC
85 ST|3|-1|2,1537.5662371160997,87384.56294325044,0.4264066819767512,0.10698333429117807,Brooklyn,never_treated,,8.0,2,False,0.29120572672653405,Q3,Q2
86 ST|3|-1|0,3913.035739099642,75766.16889230293,0.6908559819929865,0.1934459191599746,Brooklyn,never_treated,,50.0,30,False,0.7411052536173565,Q3,Q3
86 ST|3|-1|1,3588.064272563422,100468.64268332448,0.33500237531530774,0.09118355902232422,Brooklyn,never_treated,,7.0,5,False,0.679557627379436,Q3,Q1 least POC
88 AV|4|-1|0,2071.127737765214,68427.17375501485,0.9439699003022844,0.15439244306988315,Queens,never_treated,,4.0,4,False,0.39225904124341177,Q2,Q4
88 ST|4|-1|0,7064.171329601614,65262.80541759903,0.8593346267765035,0.16656668879029585,Queens,never_treated,,30.0,24,False,1.3379112366669723,Q2,Q4
89 AV|4|-1|0,2748.7025126125036,67305.56686242101,0.9470462407498523,0.15504342554016282,Queens,never_treated,,13.0,5,False,0.5205875970857015,Q2,Q5 most POC
9 AV|1|-1|0,113.59019309876282,94441.0,0.3780107973421927,0.14269323041618856,Manhattan,never_treated,,0.0,1,False,0.021513294147492958,Q3,Q2
9 AV|1|-1|1,288.21780111776303,70985.99999999999,0.6190100052659294,0.1779884149552396,Manhattan,never_treated,,0.0,3,False,0.05458670475715209,Q2,Q3
9 AV|1|-1|2,639.5952025629897,127000.80350550832,0.2572053195285133,0.07396435727390097,Manhattan,never_treated,,3.0,3,False,0.12113545503086925,Q4,Q1 least POC
9 AV|1|-1|3,299.4365077714297,70986.0,0.6190100052659294,0.17798841495523962,Manhattan,never_treated,,0.0,3,False,0.05671145980519502,Q2,Q3
9 AV|1|-1|4,143.33421216286587,94441.0,0.3780107973421927,0.1426932304161886,Manhattan,never_treated,,0.0,1,False,0.027146631091451868,Q3,Q2
9 AV|1|-1|5,252.06229740374073,67218.0,0.5857612267250821,0.12524719841793014,Manhattan,never_treated,,0.0,1,False,0.0477390714779812,Q2,Q3
9 AV|1|2007|0,1755.933331507919,88434.41980359463,0.44191950643726247,0.1533811187796258,Manhattan,always_treated,2007,27.0,11,True,0.3325631309674089,Q3,Q2
9 AV|1|2008|0,129.59453642714564,94441.0,0.3780107973421927,0.1426932304161886,Manhattan,always_treated,2008,0.0,1,True,0.024544419777868493,Q3,Q2
9 AV|1|2008|1,520.0261740610845,84498.94943782277,0.5258657161226434,0.10485513825357747,Manhattan,always_treated,2008,3.0,3,True,0.09848980569338721,Q3,Q3
9 AV|1|2008|2,923.0490012927089,79248.73359948727,0.49394952077479626,0.13295717025568415,Manhattan,always_treated,2008,3.0,6,True,0.1748198866084676,Q3,Q2
9 AV|1|2012|0,6873.842603372374,111545.66812586099,0.4608269098462481,0.13367966710726942,Manhattan,always_treated,2012,152.0,33,True,1.3018641294265858,Q4,Q2
9 AV|1|2022|0,265.62208010717575,70986.0,0.6190100052659294,0.1779884149552396,Manhattan,switcher,2022,0.0,2,True,0.05030721214151056,Q2,Q3
9 AV|1|2024|0,513.3747272492346,103838.00000000001,0.45883685800604246,0.08203445447087779,Manhattan,switcher,2024,0.0,7,True,0.09723006197902172,Q4,Q2
9 AV|3|-1|0,1302.8097905281224,66610.97238930495,0.738337374602669,0.17238938656466468,Brooklyn,never_treated,,18.0,10,False,0.2467442785091141,Q2,Q3
9 ST|3|2018|0,4658.571747005526,152773.71744828523,0.3430058555913314,0.06500170752520767,Brooklyn,switcher,2018,29.0,9,True,0.8823052551146829,Q5 highest,Q1 least POC
9 ST|3|2023|0,2223.0459577085026,142523.9540375187,0.3563669270188453,0.07785255468284023,Brooklyn,switcher,2023,22.0,6,True,0.4210314313841861,Q5 highest,Q1 least POC
9 ST|4|-1|0,805.7757027005032,38226.77874697761,0.783421481060458,0.3456367956196188,Queens,never_treated,,0.0,2,False,0.15260903460236802,Q1 lowest,Q4
91 ST|4|-1|0,3940.441400723018,61349.38383966591,0.9250837344999951,0.20573805251662172,Queens,never_treated,,12.0,8,False,0.746295719833905,Q2,Q4
91 ST|4|-1|1,4970.240518569382,157845.00000000003,0.16272995684760394,0.03429479900068135,Queens,never_treated,,0.0,8,False,0.9413334315472315,Q5 highest,Q1 least POC
92 ST|4|-1|0,4974.997059066102,157844.99999999997,0.16272995684760394,0.03429479900068135,Queens,never_treated,,5.0,8,False,0.9422342914897921,Q5 highest,Q1 least POC
94 AV|4|-1|0,2078.5590054856757,70234.62033924052,0.7988213173216897,0.07111153261163648,Queens,never_treated,,6.0,10,False,0.393666478311681,Q2,Q4
94 ST|4|-1|0,92.2156459397662,73642.0,0.9914845061893882,0.10559988351352805,Queens,never_treated,,0.0,1,False,0.017465084458289055,Q3,Q5 most POC
95 AV|4|-1|0,1540.1182924191955,70417.0,0.7951052931132613,0.06679988581216102,Queens,never_treated,,7.0,8,False,0.29168907053393855,Q2,Q4
97 PL|4|-1|0,521.5439390131419,77603.99999999999,0.9840386559376206,0.19754543967158497,Queens,never_treated,,1.0,1,False,0.09877726117673141,Q3,Q5 most POC
97 ST|4|-1|0,7532.60923421583,71372.9101740432,0.9818689376249282,0.12750530461897833,Queens,never_treated,,33.0,13,False,1.4266305367833012,Q2,Q5 most POC
98 ST|4|-1|0,6367.040722025926,77953.18779020713,0.9896397452301612,0.09937681042251374,Queens,never_treated,,20.0,13,False,1.2058789246261223,Q3,Q5 most POC
99 ST|4|-1|0,5006.3407262574465,51453.51978748404,0.9352145716641331,0.20650956895685846,Queens,never_treated,,15.0,12,False,0.9481705920942134,Q2,Q4
A NEW STREET|1|-1|0,261.8120665295809,26520.0,0.9181364392678868,0.36746252082176567,Manhattan,never_treated,,0.0,1,False,0.04958561866090547,Q1 lowest,Q4
ADAM C POWELL BLVD|1|-1|0,10569.478927848084,54315.57932679384,0.8346329933896678,0.24888700642666903,Manhattan,never_treated,,194.0,79,False,2.0017952514863797,Q2,Q4
ADAM C POWELL BLVD|1|-1|1,10571.366101398855,55775.552974130704,0.8283008371473412,0.26043045772716233,Manhattan,never_treated,,66.0,79,False,2.00215267071948,Q2,Q4
ADAMS STREET|3|-1|0,230.6868452268295,250001.00000000003,0.2817446951835635,0.07106769956214212,Brooklyn,never_treated,,0.0,1,False,0.04369069038386922,Q5 highest,Q1 least POC
ADAMS STREET|3|-1|1,505.94089449746957,250001.0,0.2817446951835635,0.07106769956214214,Brooklyn,never_treated,,0.0,5,False,0.09582213910936924,Q5 highest,Q1 least POC
ADAMS ST|3|-1|0,258.86627630316866,166254.273508239,0.47431335711555034,0.08600217647412356,Brooklyn,never_treated,,0.0,5,False,0.049027703845297095,Q5 highest,Q2
ADAMS ST|3|-1|1,2895.335439920215,155106.72897579556,0.4146238486044437,0.09850040598413125,Brooklyn,never_treated,,4.0,18,False,0.548358984833374,Q5 highest,Q2
ADAMS ST|3|-1|2,85.48457916113354,148542.0,0.37945205479452065,0.1058601134215501,Brooklyn,never_treated,,7.0,3,False,0.01619026120476014,Q5 highest,Q2
ADAMS ST|3|-1|3,172.80001292468813,149962.9647682817,0.37808363291367214,0.10537283487260228,Brooklyn,never_treated,,0.0,1,False,0.03272727517513033,Q5 highest,Q2
ADAMS ST|3|1966|0,642.5610219185994,148542.0,0.37945205479452054,0.10586011342155008,Brooklyn,always_treated,1966,1.0,3,True,0.12169716324215898,Q5 highest,Q2
ADAMS ST|3|1998|0,1188.8393843850704,160364.5848662107,0.4427938193590338,0.0926058319287148,Brooklyn,always_treated,1998,3.0,5,True,0.22515897431535423,Q5 highest,Q2
ALBANY ST|1|-1|0,336.4521181219288,233346.0,0.39629981024667926,0.03851992409867173,Manhattan,never_treated,,4.0,1,False,0.06372199206854712,Q5 highest,Q2
ALLEN AV|3|-1|0,1199.2152570692524,108137.16792035493,0.24231522705620961,0.034303818901294685,Brooklyn,never_treated,,2.0,8,False,0.22712410171766145,Q4,Q1 least POC
ALLEN ST|1|-1|0,392.0943709835662,86376.35499418771,0.47415982096278575,0.11084461788434748,Manhattan,never_treated,,0.0,4,False,0.07426029753476633,Q3,Q2
ALLEN ST|1|-1|1,1174.6108025029712,63646.48879920749,0.7193367958339658,0.12198840498268425,Manhattan,never_treated,,14.0,6,False,0.22246416714071424,Q2,Q3
ALLEN ST|1|-1|2,1174.15523168876,63647.60299805173,0.719334029761764,0.12198947664796013,Manhattan,never_treated,,0.0,6,False,0.2223778847895379,Q2,Q3
ALLEN ST|1|-1|3,299.04541697720117,46859.99999999999,0.7610103626943006,0.10584272574167637,Manhattan,never_treated,,0.0,2,False,0.056637389579015374,Q1 lowest,Q4
ALLEN ST|1|2009|0,689.9018971462265,46860.0,0.7610103626943006,0.1058427257416764,Manhattan,always_treated,2009,0.0,3,True,0.13066323809587624,Q1 lowest,Q4
ALLEN ST|1|2009|1,1413.1264633280502,73402.08818149846,0.6178959929340728,0.13570199266931612,Manhattan,always_treated,2009,1.0,7,True,0.2676375877515247,Q3,Q3
ALLEN ST|1|2009|2,1104.2772545380308,83070.21436435283,0.55783244179319,0.11602795064485129,Manhattan,always_treated,2009,0.0,5,True,0.20914341942008158,Q3,Q3
ALLEN ST|1|2009|3,75.73726577227859,46487.982574510395,0.763441498529465,0.11003548565083587,Manhattan,always_treated,2009,1.0,1,True,0.014344179123537611,Q1 lowest,Q4
ALLEN ST|1|2009|4,440.11087902524486,46860.0,0.7610103626943006,0.10584272574167639,Manhattan,always_treated,2009,0.0,1,True,0.08335433314872062,Q1 lowest,Q4
ALLERTON AV|2|-1|0,9595.86067168941,88109.53663226754,0.8340148684092871,0.12079246937759316,Bronx,never_treated,,12.0,42,False,1.8173978544866307,Q3,Q4
AMSTERDAM AVENUE|1|-1|0,7155.206498382625,66506.75263605609,0.837249710586919,0.14409245363597648,Manhattan,never_treated,,53.0,41,False,1.3551527459058001,Q2,Q4
AMSTERDAM AVENUE|1|-1|1,546.2614893638855,154237.0,0.22092349304482226,0.05498072631365388,Manhattan,never_treated,,11.0,4,False,0.1034586154098268,Q5 highest,Q1 least POC
AMSTERDAM AVENUE|1|2019|0,3130.6159679905686,124102.62916653357,0.5653138117937544,0.17342844199243418,Manhattan,switcher,2019,14.0,26,True,0.5929196909073047,Q4,Q3
AMSTERDAM AV|1|-1|0,11914.41739816278,58725.79636218408,0.7249119232678608,0.2743295770510543,Manhattan,never_treated,,237.0,68,False,2.2565184466217385,Q2,Q3
AMSTERDAM AV|1|-1|1,442.8678300494121,51190.00000000001,0.8513645541587963,0.27168994688176273,Manhattan,never_treated,,9.0,2,False,0.0838764829639038,Q2,Q4
AMSTERDAM AV|1|-1|2,544.8414343560518,65743.0,0.9550561797752808,0.10369028752546977,Manhattan,never_treated,,2.0,3,False,0.10318966559773708,Q2,Q5 most POC
AMSTERDAM AV|1|2016|0,10932.271481132024,143667.88577019493,0.32801892203186367,0.10729017193484819,Manhattan,switcher,2016,125.0,51,True,2.0705059623356106,Q5 highest,Q1 least POC
AMSTERDAM AV|1|2017|0,1024.6901403883053,82746.78876155305,0.6407573417717477,0.16683811878796165,Manhattan,switcher,2017,9.0,3,True,0.19407010234626995,Q3,Q3
AMSTERDAM AV|1|2022|0,1727.1380845736899,37705.909720117816,0.8858621670776062,0.2689726911375629,Manhattan,switcher,2022,3.0,4,True,0.327109485714714,Q1 lowest,Q4
APOLLO ST|3|-1|0,747.0255064449038,104773.35260450709,0.25835246688564867,0.1036269126932592,Brooklyn,never_treated,,0.0,1,False,0.141482103493353,Q4,Q1 least POC
ARGYLE RD|3|-1|0,7310.435821483715,141425.4294355776,0.5784620262104633,0.09394998947414221,Brooklyn,never_treated,,15.0,17,False,1.3845522389173701,Q5 highest,Q3
ARLENE ST|5|-1|0,5198.145089271643,109718.56570225653,0.4246431418739089,0.07146541481868905,Staten Island,never_treated,,6.0,17,False,0.9844971759984172,Q4,Q2
ASH ST|3|-1|0,748.1073172217796,140781.0,0.5442443226311668,0.24075531077891424,Brooklyn,never_treated,,0.0,7,False,0.1416869918980643,Q4,Q3
ASHLAND PL|3|-1|0,626.517720701127,142813.0,0.48951686417502277,0.10224667583677212,Brooklyn,never_treated,,9.0,1,False,0.1186586592236983,Q5 highest,Q2
ASHLAND PL|3|2023|0,2444.6533675056858,151939.71707332923,0.5828564038428725,0.10480826158060012,Brooklyn,switcher,2023,10.0,7,True,0.4630025317245617,Q5 highest,Q3
ASTORIA BL S|4|-1|0,534.1208955517478,105994.49999999999,0.4448791383553136,0.0482097635119701,Queens,never_treated,,0.0,1,False,0.10115926052116436,Q4,Q2
ASTORIA BLVD N|4|-1|0,275.2432811521608,94250.0,0.5444763271162123,0.03730272596843615,Queens,never_treated,,1.0,1,False,0.05212940930912137,Q3,Q3
ASTORIA BLVD S|4|-1|0,277.9742018854345,81556.0,0.40665176076020126,0.20933482392397987,Queens,never_treated,,0.0,1,False,0.05264662914496866,Q3,Q2
ASTORIA PARK S|4|-1|0,2210.4189002662715,94881.0,0.5342535787321063,0.09611451942740286,Queens,never_treated,,3.0,11,False,0.4186399432322484,Q3,Q3
ATLANTIC AV|3|2011|0,226.7841484987165,145417.0,0.4900793650793651,0.07199602780536246,Brooklyn,always_treated,2011,5.0,1,True,0.04295154327627206,Q5 highest,Q2
ATLANTIC AV|4|-1|0,691.2664066922124,71307.5152258709,0.8113450591185433,0.06846029409915863,Queens,never_treated,,0.0,7,False,0.13092166793413113,Q2,Q4
AV A|1|-1|0,2303.5409712408723,97776.0204780463,0.3159548037979917,0.18829761698846942,Manhattan,never_treated,,67.0,9,False,0.4362766990986501,Q3,Q1 least POC
AV H|3|-1|0,1330.7306732225377,86342.11892499829,0.6674323837208371,0.1400903706519277,Brooklyn,never_treated,,4.0,7,False,0.25203232447396545,Q3,Q3
AV H|3|-1|1,2460.9280676386115,78795.7537886511,0.4031879886335045,0.19202343383865944,Brooklyn,never_treated,,12.0,9,False,0.46608486129519155,Q3,Q2
AV I|3|-1|0,11513.013672316574,75093.11885896554,0.8555086603764429,0.1089975091304822,Brooklyn,never_treated,,34.0,35,False,2.180495013696321,Q3,Q4
AV I|3|-1|1,117.4623302266758,74075.45634275988,0.12187856723789274,0.125381020103973,Brooklyn,never_treated,,0.0,2,False,0.022246653452021932,Q3,Q1 least POC
AV OF THE AMERICAS|1|2016|0,1272.2231063983245,173615.0,0.27987987987987983,0.06538381957376371,Manhattan,switcher,2016,7.0,6,True,0.24095134590877357,Q5 highest,Q1 least POC
AV OF THE AMERICAS|1|2022|0,861.6677537827946,250001.0,0.246068774840159,0.01434249179194747,Manhattan,switcher,2022,3.0,3,True,0.16319465033765052,Q5 highest,Q1 least POC
AV W|3|-1|0,8797.905326591677,65130.244024272826,0.5622079348784773,0.18762562523963106,Brooklyn,never_treated,,18.0,63,False,1.6662699482181207,Q2,Q3
AV X|3|-1|0,6491.366266121446,69857.24811384898,0.4752227716139755,0.14563159019174696,Brooklyn,never_treated,,25.0,34,False,1.2294254291896678,Q2,Q2
AVE C|1|-1|0,431.8669953291433,115598.01093784353,0.4802489151420961,0.11105181015798514,Manhattan,never_treated,,4.0,6,False,0.08179299153961048,Q4,Q2
AVE C|1|-1|1,137.4722216549933,142975.0,0.2614612731263719,0.10624020068987143,Manhattan,never_treated,,0.0,2,False,0.026036405616476,Q5 highest,Q1 least POC
AVE C|1|-1|2,73.61921043051883,142975.0,0.2614612731263719,0.10624020068987143,Manhattan,never_treated,,0.0,2,False,0.013943032278507355,Q5 highest,Q1 least POC
AVE C|1|2021|0,2826.1824319053967,52983.38959507091,0.651232720368937,0.25219995434373005,Manhattan,switcher,2021,28.0,24,True,0.535261824224507,Q2,Q3
AVE C|1|2021|1,848.126504387273,142974.99999999997,0.2614612731263719,0.10624020068987142,Manhattan,switcher,2021,0.0,8,True,0.16063001977031685,Q5 highest,Q1 least POC
AVE C|1|2021|2,42.49517588292803,142975.0,0.2614612731263719,0.10624020068987143,Manhattan,switcher,2021,0.0,1,True,0.008048328765706067,Q5 highest,Q1 least POC
AVE OF THE AMERICAS|1|2016|0,4887.843078875885,157198.87346547245,0.3982058348871425,0.11953016972853125,Manhattan,switcher,2016,122.0,21,True,0.9257278558477056,Q5 highest,Q2
AVE OF THE AMERICAS|1|2017|0,576.2768166620531,173151.0,0.22616170231276286,0.05532043983756976,Manhattan,switcher,2017,15.0,1,True,0.1091433364890252,Q5 highest,Q1 least POC
AVE V|3|2016|0,1558.5434337128088,70662.0,0.5219005196733483,0.12026726057906459,Brooklyn,switcher,2016,2.0,4,True,0.2951786806274259,Q2,Q2
AVENUE A|1|-1|0,1060.3972080498074,77767.4281665754,0.3970453796806291,0.22763494183600214,Manhattan,never_treated,,35.0,5,False,0.20083280455488778,Q3,Q2
AVENUE C|1|-1|0,254.2301623501366,142975.0,0.2614612731263719,0.10624020068987143,Manhattan,never_treated,,0.0,6,False,0.04814965196025314,Q5 highest,Q1 least POC
AVENUE OF THE AMERICAS|1|-1|0,39.977851514781335,119794.41321610712,0.227929947771311,0.05569649531368108,Manhattan,never_treated,,0.0,1,False,0.007571562786890404,Q4,Q1 least POC
AVENUE OF THE AMERICAS|1|-1|1,271.89919832133353,197500.00000000003,0.27278094511390416,0.05171540045206525,Manhattan,never_treated,,0.0,1,False,0.05149606028813135,Q5 highest,Q1 least POC
AVENUE OF THE AMERICAS|1|-1|2,27.78066783152184,125668.05126509564,0.2355441827658579,0.032466032360232544,Manhattan,never_treated,,0.0,1,False,0.005261490119606409,Q4,Q1 least POC
AVENUE OF THE AMERICAS|1|2024|0,1579.6385196546364,137763.12299001752,0.24376711408474275,0.06685060314630169,Manhattan,switcher,2024,25.0,7,True,0.2991739620558024,Q4,Q1 least POC
AVENUE OF THE AMERICAS|1|2024|1,3117.0147380840394,205204.04866904623,0.2810360316645058,0.05039755475954365,Manhattan,switcher,2024,20.0,15,True,0.5903437003947044,Q5 highest,Q1 least POC
AVENUE OF THE AMERICAS|1|2024|2,436.3334560473473,250001.0,0.246068774840159,0.01434249179194747,Manhattan,switcher,2024,2.0,3,True,0.0826389121301794,Q5 highest,Q1 least POC
AVENUE OF THE AMERICAS|1|2024|3,472.1371481794497,120936.47753041588,0.2319742499978963,0.032626515862064345,Manhattan,switcher,2024,0.0,2,True,0.08941991442792607,Q4,Q1 least POC
AVERY AV|4|-1|0,1038.2908399150392,60583.00000000001,0.9865056818181819,0.18856534090909088,Queens,never_treated,,8.0,3,False,0.19664599240815137,Q2,Q5 most POC
BAILEY AVENUE|2|2026|0,1455.106302122595,29941.304161606793,0.9137137200836591,0.3228967595721158,Bronx,treated_after_window,2026,7.0,5,False,0.27558831479594603,Q1 lowest,Q4
BAILEY AVENUE|2|2026|1,2507.067040196153,55970.763045218686,0.8507390468422354,0.1695228318536871,Bronx,treated_after_window,2026,11.0,8,False,0.4748233030674532,Q2,Q4
BAILEY AVENUE|2|2026|2,1182.3295666270476,54396.0,0.9210526315789473,0.2467370174951402,Bronx,treated_after_window,2026,8.0,2,False,0.22392605428542567,Q2,Q4
BAINBRIDGE AVENUE|2|-1|0,5255.675953862783,39721.23295744366,0.9640335454682782,0.270238136751229,Bronx,never_treated,,16.0,14,False,0.9953931730800726,Q1 lowest,Q5 most POC
BALTIC ST|3|-1|0,662.747754380629,55593.216386588865,0.7791776610371902,0.251866888692237,Brooklyn,never_treated,,3.0,11,False,0.12552040802663428,Q2,Q4
BANKER ST|3|-1|0,1790.7539785832296,149831.62499039568,0.289549950690551,0.05058591291428455,Brooklyn,never_treated,,3.0,4,False,0.339157950489248,Q5 highest,Q1 least POC
BARCLAY ST|1|-1|0,1171.2938517575278,249991.1535042656,0.3653917147775691,0.010329049396723383,Manhattan,never_treated,,6.0,4,False,0.22183595677225906,Q5 highest,Q1 least POC
BARNES AVE|2|-1|0,83.45627607617435,41942.0,0.9653339496186735,0.3993039443155453,Bronx,never_treated,,0.0,1,False,0.01580611289321484,Q1 lowest,Q5 most POC
BARNETT AV|4|-1|0,1157.4898224628473,84761.0,0.59973604826546,0.16603126191383913,Queens,never_treated,,0.0,4,False,0.21922155728463016,Q3,Q3
BARTOW AVE|2|-1|0,1512.9625208172079,45018.6127963577,0.9557392989760475,0.10611314204686871,Bronx,never_treated,,5.0,9,False,0.286545931972956,Q1 lowest,Q5 most POC
BATH AV|3|-1|0,12370.817735846951,73556.73903766744,0.6064851395171229,0.16759068344178024,Brooklyn,never_treated,,43.0,40,False,2.342957904516468,Q3,Q3
BAY 16 ST|3|-1|0,1826.3567536548835,102210.59669967227,0.4397391024135375,0.11185657912376748,Brooklyn,never_treated,,1.0,3,False,0.3459009003134249,Q4,Q2
BAY 52 ST|3|-1|0,471.38436176747547,57750.0,0.8197511039743075,0.17061421116017664,Brooklyn,never_treated,,0.0,2,False,0.08927734124384006,Q2,Q4
BAY 53 ST|3|-1|0,720.7591649427304,57750.00000000001,0.8197511039743075,0.17061421116017667,Brooklyn,never_treated,,0.0,4,False,0.13650741760278987,Q2,Q4
BAY PKWY|3|-1|0,739.1371820660434,65902.55862942549,0.5918075854200167,0.19129605924790674,Brooklyn,never_treated,,5.0,8,False,0.13998810266402337,Q2,Q3
BAY RIDGE PKWY|3|-1|0,12022.176557398721,104456.56745991611,0.42918592220408325,0.11901127764671672,Brooklyn,never_treated,,39.0,22,False,2.276927378295212,Q4,Q2
BAY ST|3|-1|0,2472.8809771038204,129658.99999999999,0.5376344086021506,0.043010752688172046,Brooklyn,never_treated,,6.0,5,False,0.4683486699060266,Q4,Q3
BAY ST|5|-1|0,17230.1220302727,57382.549102468016,0.5874415402059586,0.2217261567111257,Staten Island,never_treated,,59.0,82,False,3.263280687551648,Q2,Q3
BAY ST|5|2018|0,109.23319745776843,74258.0,0.565661252900232,0.21398404504927265,Staten Island,switcher,2018,0.0,3,True,0.020688105579122807,Q3,Q3
BAYARD STREET|3|-1|0,1171.530612166885,101272.33551581658,0.28158598302762156,0.06594908274374818,Brooklyn,never_treated,,2.0,4,False,0.22188079775887973,Q4,Q1 least POC
BAYCHESTER AV|2|-1|0,6981.315434899495,87533.48364788794,0.9655283604127698,0.14199270124388083,Bronx,never_treated,,14.0,16,False,1.3222188323673285,Q3,Q5 most POC
BAYVIEW AVE|3|-1|0,3264.299288658109,20328.999999999996,0.8278173439463762,0.45768747381650615,Brooklyn,never_treated,,0.0,38,False,0.6182385016397934,Q1 lowest,Q4
BEACH 108 ST|4|-1|0,683.6822398532056,72980.99999999999,0.3559643466717238,0.1364120025537348,Queens,never_treated,,0.0,7,False,0.12948527269947077,Q2,Q1 least POC
BEACH 108 ST|4|-1|1,710.6001768547085,72980.99999999999,0.3559643466717238,0.1364120025537348,Queens,never_treated,,0.0,8,False,0.13458336682854327,Q2,Q1 least POC
BEACH 126 ST|4|-1|0,883.6609238025605,110874.99999999999,0.23041474654377878,0.12899201596806384,Queens,never_treated,,0.0,2,False,0.16736002344745465,Q4,Q1 least POC
BEACH 193 STREET|4|-1|0,35.4747284380803,134563.0,0.06284845413076534,0.03852002027369488,Queens,never_treated,,0.0,2,False,0.006718698567818238,Q4,Q1 least POC
BEACH 69 STREET|4|-1|0,986.7461534849804,82694.0,0.867482014388489,0.1364782673193888,Queens,never_treated,,2.0,7,False,0.18688374119033718,Q3,Q4
BEACH 69 ST|4|-1|0,1599.3294217041132,82694.0,0.8674820143884892,0.1364782673193888,Queens,never_treated,,1.0,11,False,0.302903299565173,Q3,Q4
BEACH 73 ST|4|-1|0,800.7809883909824,82679.44276244238,0.8674233041675241,0.13654566235094492,Queens,never_treated,,3.0,7,False,0.1516630659831406,Q3,Q4
BEACH 73 ST|4|-1|1,808.4871234312067,82694.0,0.8674820143884892,0.1364782673193888,Queens,never_treated,,0.0,7,False,0.15312256125591037,Q3,Q4
BEACH 9 ST|4|-1|0,193.52656301839974,51512.03412212353,0.3670658942110204,0.14633829525296213,Queens,never_treated,,0.0,3,False,0.03665275814742419,Q2,Q1 least POC
BEACH 92 ST|4|-1|0,608.7706088368827,54637.0,0.7543264336613507,0.2663725822870716,Queens,never_treated,,0.0,4,False,0.11529746379486415,Q2,Q4
BEACH 94 ST|4|-1|0,1864.1066712694433,60318.60642862952,0.5999700571683657,0.19841382989073716,Queens,never_treated,,4.0,10,False,0.353050505922243,Q2,Q3
BEACH AV|5|-1|0,135.20621103741277,76979.00000000001,0.36908943528776006,0.24317751958930017,Staten Island,never_treated,,0.0,4,False,0.025607236938903932,Q3,Q1 least POC
BEACH CHANNEL DR|4|-1|0,19190.01642644547,63459.72675802097,0.9134209930032123,0.2367974565357409,Queens,never_treated,,48.0,68,False,3.6344728080389146,Q2,Q4
BEACH FRONT ROAD|4|-1|0,830.4686745420898,82693.99999999999,0.867482014388489,0.1364782673193888,Queens,never_treated,,1.0,3,False,0.15728573381478975,Q3,Q4
BEARD ST|3|-1|0,520.619011868394,166302.0,0.3907312925170067,0.0840443686006826,Brooklyn,never_treated,,1.0,2,False,0.09860208558113522,Q5 highest,Q2
BEAUMONT AV|2|-1|0,1603.3467181081942,36913.666165955445,0.8989786818549804,0.35075830731282986,Bronx,never_treated,,3.0,12,False,0.30366415115685497,Q1 lowest,Q4
BEDFORD AVENUE|3|-1|0,5178.996795294113,33609.541404229676,0.19744342499865616,0.4829620874384979,Brooklyn,never_treated,,47.0,22,False,0.9808706051693397,Q1 lowest,Q1 least POC
BEDFORD AVE|3|2024|0,8625.21424632488,81998.04566582569,0.4602028693207879,0.29497665806508216,Brooklyn,switcher,2024,66.0,25,True,1.633563304228197,Q3,Q2
BEDFORD AV|3|-1|0,20218.49262039992,97634.8570291237,0.32568701810434514,0.09250259724072622,Brooklyn,never_treated,,120.0,38,False,3.8292599659848334,Q3,Q1 least POC
BEDFORD AV|3|-1|1,15958.553574946216,80517.37474174768,0.8209609163560195,0.16612627370516853,Brooklyn,never_treated,,335.0,49,False,3.0224533285882984,Q3,Q4
BEEKMAN ST|1|-1|0,389.4217848941527,119293.0,0.4754565470793939,0.07519110493398193,Manhattan,never_treated,,0.0,2,False,0.07375412592692286,Q4,Q2
BELMONT AVENUE|2|-1|0,384.7916922884047,42569.82897874587,0.8737318530501882,0.39757607814457985,Bronx,never_treated,,0.0,1,False,0.0728772144485615,Q1 lowest,Q4
BERGEN AV|2|-1|0,721.1085818449521,40227.56703816409,0.9814675857493669,0.22099185799682278,Bronx,never_treated,,11.0,2,False,0.13657359504639244,Q1 lowest,Q5 most POC
BERGEN ST|3|-1|0,5643.394235519339,155899.6505281327,0.4780443286835286,0.12776656770444458,Brooklyn,never_treated,,40.0,12,False,1.0688246658180567,Q5 highest,Q2
BERGEN ST|3|-1|1,14792.139690970793,94999.67298954158,0.6809859768775219,0.172892073534226,Brooklyn,never_treated,,77.0,43,False,2.801541608138408,Q3,Q3
BERGEN ST|3|-1|2,3334.1932006155075,45904.59387333711,0.9702256718164174,0.29567228940591056,Brooklyn,never_treated,,5.0,8,False,0.6314759849650582,Q1 lowest,Q5 most POC
BERGEN ST|3|2015|0,184.3265740030627,148438.0,0.505890052356021,0.10921613643817644,Brooklyn,switcher,2015,0.0,1,True,0.03491033598542854,Q5 highest,Q2
BERKELEY PL|3|-1|0,2676.873565145662,183709.0662029371,0.31150317626266116,0.06449365280086365,Brooklyn,never_treated,,7.0,4,False,0.5069836297624359,Q5 highest,Q1 least POC
BERRY ST|3|-1|0,6790.50181552634,135915.16936623014,0.39555782770693787,0.1348316557236225,Brooklyn,never_treated,,53.0,35,False,1.286079889304231,Q4,Q2
BEVERLEY RD|3|-1|0,3995.846261743355,142879.19043813305,0.5966581852994264,0.08507256446124879,Brooklyn,never_treated,,43.0,20,False,0.7567890647241203,Q5 highest,Q3
BLAKE AV|3|-1|0,12408.880482292958,47762.662018078634,0.9804319189652418,0.2913320758924136,Brooklyn,never_treated,,67.0,78,False,2.35016675801003,Q1 lowest,Q5 most POC
BLEECKER STREET|1|-1|0,1484.9518286645487,128504.0591413729,0.23769039847653778,0.04850147461566985,Manhattan,never_treated,,18.0,11,False,0.281240876641013,Q4,Q1 least POC
BLEECKER STREET|1|-1|1,359.19735651517794,161094.0,0.19172800560813175,0.06747283561163687,Manhattan,never_treated,,0.0,2,False,0.06802980237029885,Q5 highest,Q1 least POC
BLEECKER STREET|1|-1|2,263.13940350685976,139251.13459577158,0.3681439864663664,0.12274257802915306,Manhattan,never_treated,,5.0,3,False,0.04983700823993556,Q4,Q1 least POC
BLEECKER ST|1|-1|0,2974.0089942238315,149445.36276117922,0.3475776322201426,0.1165776774971596,Manhattan,never_treated,,49.0,13,False,0.5632592792090589,Q5 highest,Q1 least POC
BLEECKER ST|1|-1|1,966.63920848677,146969.24822510182,0.25142951521723594,0.08867767448642047,Manhattan,never_treated,,16.0,4,False,0.18307560766794886,Q5 highest,Q1 least POC
BOERUM PL|3|-1|0,3176.432764644733,186317.93902600234,0.3991785749662248,0.06749198556902573,Brooklyn,never_treated,,33.0,19,False,0.6015971145160479,Q5 highest,Q2
BOND STREET|3|-1|0,1036.320229766449,55621.931888475454,0.7787943027155597,0.25175765560388813,Brooklyn,never_treated,,1.0,17,False,0.19627277078910021,Q2,Q4
BOND ST|3|-1|0,1553.279689091302,187488.91830197565,0.362663094364517,0.13315645330920955,Brooklyn,never_treated,,10.0,7,False,0.2941817592975951,Q5 highest,Q1 least POC
BOND ST|3|-1|1,2051.7484737777936,168445.85831975186,0.2306941357994929,0.06403103574188489,Brooklyn,never_treated,,8.0,9,False,0.3885887260942791,Q5 highest,Q1 least POC
BOND ST|3|-1|2,491.0234050231253,159256.30040965532,0.5197788944783683,0.09888837028715516,Brooklyn,never_treated,,7.0,2,False,0.09299685701195555,Q5 highest,Q2
BOND ST|3|2022|0,250.5974612962316,169709.0,0.4873929008567931,0.08574277168494517,Brooklyn,switcher,2022,4.0,1,True,0.04746164039701356,Q5 highest,Q2
BOOTH MEMORIAL AV|4|-1|0,2106.0528638455976,54082.975470702455,0.9413846370342337,0.26741220591041365,Queens,never_treated,,1.0,8,False,0.3988736484556056,Q2,Q4
BOOTH MEMORIAL AV|4|-1|1,1627.1908366791602,58386.0,0.8726088726088724,0.1338100102145046,Queens,never_treated,,5.0,3,False,0.3081800827043864,Q2,Q4
BORDEN AVENUE|4|-1|0,307.4911048314758,124885.0,0.5850407797891386,0.04714541476029441,Queens,never_treated,,0.0,1,False,0.058236951672628,Q4,Q3
BORINQUEN PL|3|-1|0,144.16369873563633,126358.0,0.5195691202872532,0.17515348501263994,Brooklyn,never_treated,,0.0,1,False,0.027303730821143245,Q4,Q2
BORINQUEN PL|3|-1|1,553.2390462128474,91111.00000000001,0.6304430863254394,0.2259358288770054,Brooklyn,never_treated,,4.0,5,False,0.10478012238879685,Q3,Q3
BORINQUEN PL|3|-1|2,434.1401499760235,120942.688844688,0.5269401657022375,0.17797476700441378,Brooklyn,never_treated,,0.0,4,False,0.08222351325303476,Q4,Q3
BORINQUEN PL|3|2009|0,28.35988841774323,126358.0,0.5195691202872532,0.17515348501263994,Brooklyn,always_treated,2009,0.0,1,True,0.005371190988208946,Q4,Q2
BORINQUEN PL|3|2009|1,390.63067024808436,126358.0,0.5195691202872533,0.17515348501263994,Brooklyn,always_treated,2009,0.0,4,True,0.07398308148637961,Q4,Q2
BORINQUEN PL|3|2018|0,983.216290072646,118341.4156862855,0.5499672234266427,0.17255821487014247,Brooklyn,switcher,2018,11.0,5,True,0.18621520645315265,Q4,Q3
BOSCOBEL PLACE|2|-1|0,316.3879530094089,37433.0,0.9790589451913133,0.41115434500648507,Bronx,never_treated,,1.0,1,False,0.05992196079723653,Q1 lowest,Q5 most POC
BOSTON RD|2|-1|0,249.39457876611945,47593.0,0.9488424801683665,0.26303854875283444,Bronx,never_treated,,1.0,1,False,0.04723382173600747,Q1 lowest,Q5 most POC
BOSTON ROAD|2|2024|0,353.968455910741,37898.0,0.7805890492192133,0.266878474980143,Bronx,switcher,2024,6.0,4,True,0.06703948028612519,Q1 lowest,Q4
BOWERY|1|-1|0,714.191026436803,62683.20403516819,0.700736783622459,0.15729726692321203,Manhattan,never_treated,,23.0,5,False,0.13526345197666723,Q2,Q3
BOWERY|1|-1|1,1084.8778917177729,112964.35687809387,0.41331985775084695,0.17167274185330178,Manhattan,never_treated,,23.0,6,False,0.2054692976738206,Q4,Q2
BOWERY|1|-1|2,151.233690014529,144464.0,0.3825168671164565,0.25564880568108456,Manhattan,never_treated,,6.0,1,False,0.028642744320933524,Q5 highest,Q2
BOX ST|3|-1|0,1099.7762805853888,116810.73942450063,0.5160110321647052,0.18895938449773284,Brooklyn,never_treated,,1.0,7,False,0.2082909622320812,Q4,Q2
BRADDOCK AV|4|-1|0,475.9251034030979,90685.0,0.9120319883678663,0.11123227917121047,Queens,never_treated,,0.0,2,False,0.09013733018998067,Q3,Q4
BRADDOCK AV|4|-1|1,495.2100526743783,102259.0,0.8510271287439235,0.06460718206053002,Queens,never_treated,,0.0,2,False,0.09378978270348073,Q4,Q4
BRIDGE ST|1|-1|0,775.8270405963116,222167.0,0.4024122807017544,0.08008776741634668,Manhattan,never_treated,,2.0,2,False,0.1469369395068772,Q5 highest,Q2
BRITTON AV|4|-1|0,4372.387999025534,60291.34631208244,0.9509358764989504,0.12089376343090329,Queens,never_treated,,19.0,10,False,0.8281037876942299,Q2,Q5 most POC
BROAD ST|1|-1|0,244.20119177990884,222167.0,0.40241228070175433,0.08008776741634668,Manhattan,never_treated,,2.0,2,False,0.046250225715891824,Q5 highest,Q2
BROAD ST|5|-1|0,3028.5042727489854,42771.18355358317,0.736868389821679,0.41583490713644294,Staten Island,never_treated,,15.0,14,False,0.5735803546873078,Q1 lowest,Q3
BROADWAY|1|-1|0,377.80186422682146,186028.0,0.43713822644130584,0.1776840131270511,Manhattan,never_treated,,15.0,1,False,0.07155338337629194,Q5 highest,Q2
BROADWAY|1|-1|1,3909.224887587142,215293.41019126342,0.3240601343566554,0.06985779827890555,Manhattan,never_treated,,65.0,14,False,0.7403835014369587,Q5 highest,Q1 least POC
BROADWAY|1|-1|10,258.8786070950039,42446.279333855695,0.8554964302950296,0.1573583487808083,Manhattan,never_treated,,3.0,1,False,0.04903003922253861,Q1 lowest,Q4
BROADWAY|1|-1|11,261.5124960891744,51190.0,0.8513645541587963,0.27168994688176273,Manhattan,never_treated,,0.0,1,False,0.04952888183507091,Q2,Q4
BROADWAY|1|-1|12,534.7819651801982,44498.0,0.9490616621983914,0.2997921718046415,Manhattan,never_treated,,3.0,1,False,0.10128446310231026,Q1 lowest,Q5 most POC
BROADWAY|1|-1|2,538.3422268112531,51756.84814946526,0.8906549577830313,0.24227530726359936,Manhattan,never_treated,,8.0,4,False,0.10195875507788885,Q2,Q4
BROADWAY|1|-1|3,1261.3578334227063,29037.999999999996,0.8786731340905647,0.26011560693641617,Manhattan,never_treated,,7.0,5,False,0.23889352905733074,Q1 lowest,Q4
BROADWAY|1|-1|4,201.3353296770387,198765.99999999997,0.4093655589123867,0.050445632798573975,Manhattan,never_treated,,11.0,2,False,0.038131691226711874,Q5 highest,Q2
BROADWAY|1|-1|5,738.7162014661812,44497.99999999999,0.9490616621983913,0.2997921718046415,Manhattan,never_treated,,3.0,2,False,0.13990837148980706,Q1 lowest,Q5 most POC
BROADWAY|1|-1|6,667.5664690787629,211827.5485352444,0.39213767787768566,0.06932539858511257,Manhattan,never_treated,,0.0,3,False,0.12643304338612935,Q5 highest,Q2
BROADWAY|1|-1|7,277.48649255530756,198766.0,0.40936555891238674,0.05044563279857398,Manhattan,never_treated,,0.0,2,False,0.052554259953656736,Q5 highest,Q2
BROADWAY|1|-1|8,259.61866770219706,190769.00000000003,0.5511811023622049,0.12924281984334204,Manhattan,never_treated,,2.0,2,False,0.0491702022163252,Q5 highest,Q3
BROADWAY|1|-1|9,555.1457569348712,113510.0,0.7643017883328567,0.048899129544290834,Manhattan,never_treated,,2.0,3,False,0.1051412418437256,Q4,Q4
BROADWAY|1|1978|0,1923.3894311666309,144098.39483743356,0.548122204015436,0.1300261732560944,Manhattan,always_treated,1978,19.0,8,True,0.3642783013573164,Q5 highest,Q3
BROADWAY|1|2008|0,1914.9835693713262,109813.42471632894,0.7035766057689268,0.5233508530780241,Manhattan,always_treated,2008,12.0,7,True,0.3626862820779027,Q4,Q3
BROADWAY|1|2009|0,3211.267180516628,149835.4377447838,0.4647496665821228,0.09886134139757827,Manhattan,always_treated,2009,23.0,13,True,0.6081945417645128,Q5 highest,Q2
BROADWAY|1|2009|1,133.01257739456025,97242.0,0.6661184210526316,0.2012061403508772,Manhattan,always_treated,2009,0.0,1,True,0.025191776021697018,Q3,Q3
BROADWAY|1|2010|0,1327.1974147156889,190620.57267251355,0.40041096594285164,0.13144898042845082,Manhattan,always_treated,2010,10.0,6,True,0.2513631467264562,Q5 highest,Q2
BROADWAY|1|2017|0,281.9163960507695,186191.0,0.48808118952088747,0.11208530805687204,Manhattan,switcher,2017,3.0,1,True,0.053393256827797254,Q5 highest,Q2
BROADWAY|1|2020|0,3538.1773455762714,186313.92095376,0.3754816701875456,0.0664867443585396,Manhattan,switcher,2020,31.0,12,True,0.6701093457530817,Q5 highest,Q2
BROADWAY|1|2024|0,248.7529985258804,193958.0,0.3737212276214834,0.09784993418165862,Manhattan,switcher,2024,0.0,1,True,0.047112310326871285,Q5 highest,Q2
BROADWAY|2|-1|0,1923.2378638876476,90247.97675897068,0.5834672240929928,0.14840163301293344,Bronx,never_treated,,3.0,13,False,0.36424959543326657,Q3,Q3
BROADWAY|2|-1|1,826.8317591911695,88314.55834911688,0.5960164318483888,0.146286177980691,Bronx,never_treated,,0.0,2,False,0.15659692408923664,Q3,Q3
BROADWAY|2|2018|0,6448.867747973722,96997.18353208806,0.5839765473143297,0.13733419712064646,Bronx,switcher,2018,16.0,22,True,1.2213764674192655,Q3,Q3
BROADWAY|3|-1|0,103.51389177917488,58247.00000000001,0.706759758806728,0.28589580686149935,Brooklyn,never_treated,,4.0,1,False,0.01960490374605585,Q2,Q3
BROADWAY|3|-1|1,123.5845016446614,47749.0,0.43986285497367544,0.3525434119556454,Brooklyn,never_treated,,13.0,1,False,0.023406155614519204,Q1 lowest,Q2
BROADWAY|3|-1|2,1302.8862081811578,163268.99999999997,0.33172976364777235,0.22560975609756098,Brooklyn,never_treated,,9.0,4,False,0.2467587515494617,Q5 highest,Q1 least POC
BROADWAY|4|-1|0,1410.9756300558636,68317.9509610138,0.8870257251730694,0.05823218551607661,Queens,never_treated,,19.0,9,False,0.26723023296512566,Q2,Q4
BROADWAY|4|-1|1,7831.252924150466,61079.02824561143,0.9583953740719712,0.11954282291960103,Queens,never_treated,,84.0,31,False,1.4831918416951642,Q2,Q5 most POC
BROADWAY|4|2011|0,434.469411181618,63453.0,0.6985206585174646,0.13638043796037003,Queens,always_treated,2011,3.0,1,True,0.08228587332985189,Q2,Q3
BROADWAY|4|2022|0,1554.5955074681096,82251.22058894299,0.8267352093871613,0.11413076514522208,Queens,switcher,2022,33.0,9,True,0.2944309673235056,Q3,Q4
BRONX RIVER AVENUE|2|-1|0,812.7767347706082,64295.18488765299,0.9940748498755262,0.025164445321976425,Bronx,never_treated,,7.0,5,False,0.1539349876459485,Q2,Q5 most POC
BRONX RIVER AV|2|-1|0,2478.6623856417045,43817.593813172854,0.9844685442716826,0.31385013847215304,Bronx,never_treated,,10.0,10,False,0.4694436336442622,Q1 lowest,Q5 most POC
BRONX RIVER GREENWAY CONNECTOR|2|-1|0,29.26994814837307,73021.0,0.18170019467877996,0.0071661237785016286,Bronx,never_treated,,0.0,1,False,0.005543550785676718,Q2,Q1 least POC
BRONX RIVER PKWY EN|2|-1|0,144.93933589963592,73021.0,0.18170019467877993,0.0071661237785016286,Bronx,never_treated,,0.0,3,False,0.02745063179917347,Q2,Q1 least POC
BRONX RIVER PKWY EX|2|-1|0,65.52772346079286,73021.0,0.18170019467877996,0.0071661237785016286,Bronx,never_treated,,0.0,1,False,0.012410553685756222,Q2,Q1 least POC
BRONXDALE AV|2|-1|0,126.96819388697877,69216.07105347139,0.7991071149428554,0.14510677941734743,Bronx,never_treated,,0.0,3,False,0.024047006417988404,Q2,Q4
BRONXDALE AV|2|2022|0,7185.39644106063,64968.06977181291,0.7635205690956861,0.14900356561704714,Bronx,switcher,2022,15.0,20,True,1.3608705380796648,Q2,Q4
BRONXWOOD AV|2|-1|0,10628.889867421607,64989.35699486796,0.9740670289977867,0.17967332772983402,Bronx,never_treated,,24.0,44,False,2.0130473233753046,Q2,Q5 most POC
BROOKLYN AVENUE|3|-1|0,3192.4405728989345,78325.05423887509,0.7745521176420425,0.18617228105208516,Brooklyn,never_treated,,18.0,13,False,0.6046288963823739,Q3,Q4
BROOKLYN BRIDGE|1|2021|0,142.55026857782357,119292.99999999999,0.4754565470793939,0.07519110493398193,Manhattan,switcher,2021,0.0,1,True,0.0269981569276181,Q4,Q2
BROOKLYN BR|1|1966|0,4266.624637566501,102118.20219748313,0.50817003424899,0.18832616735177388,Manhattan,always_treated,1966,1.0,34,True,0.8080728480239586,Q4,Q2
BROOKLYN BR|1|1966|1,4177.813069994476,119293.00000000003,0.475456547079394,0.07519110493398194,Manhattan,always_treated,1966,0.0,36,True,0.7912524753777417,Q4,Q2
BROOKLYN BR|3|1966|0,2973.9217746964114,208652.3903198752,0.3222863163147661,0.08481386290607182,Brooklyn,always_treated,1966,0.0,15,True,0.5632427603591689,Q5 highest,Q1 least POC
BROOKLYN BR|3|2021|0,2960.785096189614,210056.38385341043,0.32087842870698685,0.08436588723624909,Brooklyn,switcher,2021,0.0,15,True,0.5607547530662147,Q5 highest,Q1 least POC
BROOME ST|1|-1|0,964.2602404071781,191337.89956622306,0.2662364445844844,0.05286715708386166,Manhattan,never_treated,,3.0,5,False,0.18262504553166253,Q5 highest,Q1 least POC
BRUCKNER BLVD|2|2013|0,330.3554110088191,33119.04385950116,0.9931829510296944,0.34886708332455246,Bronx,switcher,2013,1.0,3,True,0.06256731269106422,Q1 lowest,Q5 most POC
BRUCKNER BLVD|2|2017|0,283.32210863808683,67375.0,0.8927243759957517,0.3230429988974642,Bronx,switcher,2017,0.0,4,True,0.05365949027236493,Q2,Q4
BRUCKNER BOULEVARD|2|-1|0,145.818041530005,28592.0,0.9926921263554926,0.42381870781099323,Bronx,never_treated,,0.0,1,False,0.027617053320076704,Q1 lowest,Q5 most POC
BRUCKNER BOULEVARD|2|2017|0,130.8383599992093,29251.663298276195,0.9912562661180815,0.4091952859667621,Bronx,switcher,2017,3.0,1,True,0.02477999242409267,Q1 lowest,Q5 most POC
BRUCKNER BOULEVARD|2|2017|1,325.98442270327746,33870.925172207375,0.9812017209155527,0.3067954477947937,Bronx,switcher,2017,4.0,1,True,0.061739473996832855,Q1 lowest,Q5 most POC
BRUSH AVENUE|2|-1|0,49.445183159592375,33831.0,0.9794149512459371,0.36805555555555564,Bronx,never_treated,,1.0,2,False,0.009364618022650071,Q1 lowest,Q5 most POC
BRUSH AV|2|-1|0,4614.260672261844,33831.0,0.9794149512459371,0.3680555555555556,Bronx,never_treated,,6.0,16,False,0.8739130061101977,Q1 lowest,Q5 most POC
BRYANT AV|2|-1|0,5534.676678106545,40904.652264648415,0.986190510387493,0.29964813326213824,Bronx,never_treated,,3.0,32,False,1.048234219338361,Q1 lowest,Q5 most POC
BRYANT AV|2|-1|1,1503.3184353527283,28591.999999999996,0.9926921263554926,0.42381870781099323,Bronx,never_treated,,0.0,2,False,0.2847194006349864,Q1 lowest,Q5 most POC
BUCHANAN PL|2|-1|0,555.2261302201559,45955.47652595869,0.9810136878080823,0.2825747652929803,Bronx,never_treated,,1.0,2,False,0.10515646405684771,Q1 lowest,Q5 most POC
BUEL AV|5|-1|0,3287.0811124772144,93016.47608715558,0.5107367530187997,0.12149128628555968,Staten Island,never_treated,,2.0,7,False,0.6225532409994724,Q3,Q2
BURKE AVENUE|2|-1|0,1570.706429433945,74193.96494904855,0.9804538639828196,0.09940957859389142,Bronx,never_treated,,0.0,5,False,0.2974822783018835,Q3,Q5 most POC
BURKE AV|2|-1|0,6984.6074979051455,60975.07449788862,0.9550004931502869,0.2098346020153475,Bronx,never_treated,,14.0,52,False,1.3228423291487017,Q2,Q5 most POC
BUSHWICK AV|3|-1|0,51.8744549505571,98672.0,0.7143878037160553,0.13863744640304906,Brooklyn,never_treated,,2.0,1,False,0.009824707376999451,Q3,Q3
C P LENOX APPR|1|2018|0,888.0350485928535,45221.0,0.9473766886584982,0.3105590062111801,Manhattan,switcher,2018,0.0,9,True,0.1681884561728889,Q1 lowest,Q5 most POC
C P S 7 AV APPR|1|2018|0,330.6922231791026,189541.0,0.34931814775962833,0.08812490617024471,Manhattan,switcher,2018,8.0,2,True,0.06263110287483004,Q5 highest,Q1 least POC
C P W 100 APPR|1|2018|0,696.5674648155323,37641.0,0.7622884770346494,0.3600373482726424,Manhattan,switcher,2018,1.0,4,True,0.13192565621506294,Q1 lowest,Q4
C P W 67 APPR|1|2018|0,479.62333713129124,141363.0,0.31287683031869074,0.050602928509905255,Manhattan,switcher,2018,0.0,3,True,0.09083775324456274,Q5 highest,Q1 least POC
CABRINI BOULEVARD|1|-1|0,311.4998460078103,98086.0,0.73324493731919,0.0739842328684051,Manhattan,never_treated,,0.0,3,False,0.05899618295602467,Q3,Q3
CADMAN PLZ E|3|-1|0,442.4689928513391,148625.33883581273,0.37937179757140277,0.1058315347911067,Brooklyn,never_treated,,1.0,5,False,0.08380094561578393,Q5 highest,Q2
CADMAN PLZ W|3|-1|0,209.36273871726002,148542.0,0.3794520547945206,0.10586011342155009,Brooklyn,never_treated,,0.0,4,False,0.03965203384796591,Q5 highest,Q2
CADMAN PLZ W|3|-1|1,222.03396072796036,169292.13116300086,0.21159273121894212,0.04288223131254732,Brooklyn,never_treated,,1.0,4,False,0.042051886501507645,Q5 highest,Q1 least POC
CALYER ST|3|-1|0,435.2354843388471,146250.0,0.30224904004388375,0.060160798447463276,Brooklyn,never_treated,,2.0,1,False,0.08243096294296345,Q5 highest,Q1 least POC
CAMPUS RD|3|-1|0,717.3068227508494,80771.94464005667,0.7606503514287459,0.14218223913432507,Brooklyn,never_treated,,0.0,4,False,0.13585356491493358,Q3,Q4
CAMPUS RD|3|-1|1,1408.931026433061,84586.08172953686,0.6921360633160856,0.1461521867431562,Brooklyn,never_treated,,5.0,5,False,0.266842997430504,Q3,Q3
CANAL ST|1|-1|0,1893.6649414353194,48132.738767532515,0.7317993635196951,0.16272444613888778,Manhattan,never_treated,,26.0,9,False,0.35864866315062865,Q2,Q3
CANAL ST|1|2007|0,198.71752470058297,46860.0,0.7610103626943004,0.10584272574167637,Manhattan,always_treated,2007,5.0,2,True,0.03763589482965587,Q1 lowest,Q4
CARLTON AV|3|-1|0,9470.613398677737,124251.63531006532,0.5645028991479043,0.12133349470640384,Brooklyn,never_treated,,42.0,58,False,1.7936767800526017,Q4,Q3
CARMINE ST|1|-1|0,814.510674308621,120964.0,0.23207171314741037,0.03207055522148727,Manhattan,never_treated,,1.0,2,False,0.15426338528572367,Q4,Q1 least POC
CARPENTER AVE|2|-1|0,279.37210454605946,35476.0,0.9233747707356837,0.22774708410067526,Bronx,never_treated,,0.0,1,False,0.05291138343675369,Q1 lowest,Q4
CARROLL STREET BRIDGE|3|2026|0,97.47183292866657,134167.0,0.4206848357791754,0.10091743119266054,Brooklyn,treated_after_window,2026,0.0,1,False,0.018460574418308062,Q4,Q2
CARROLL STREET|3|-1|0,344.29327796882507,194950.36407453037,0.2208409581397385,0.04543188939652178,Brooklyn,never_treated,,2.0,2,False,0.06520706022136838,Q5 highest,Q1 least POC
CARROLL STREET|3|-1|1,235.13910272503395,134167.0,0.42068483577917537,0.10091743119266056,Brooklyn,never_treated,,0.0,2,False,0.04453392097065037,Q4,Q2
CASTLE HILL AVE|2|-1|0,13306.829774102942,50772.39263469974,0.9693195241586778,0.2614008187727545,Bronx,never_treated,,41.0,63,False,2.5202329117619207,Q2,Q5 most POC
CATALPA AVE|4|-1|0,4338.227225789361,91426.05896154915,0.47809974035010366,0.11077133242267946,Queens,never_treated,,6.0,7,False,0.8216339442782881,Q3,Q2
CATHEDRAL PKWY|1|-1|0,2618.2503672138023,94182.07511194117,0.5248900331710091,0.17335864321805228,Manhattan,never_treated,,22.0,13,False,0.4958807513662504,Q3,Q2
CATHERINE SLIP|1|-1|0,229.84289732516226,28606.999999999996,0.8802938138413864,0.31156009642980137,Manhattan,never_treated,,0.0,5,False,0.04353085176612922,Q1 lowest,Q4
CATHERINE ST|1|-1|0,1716.0455270396174,39276.543948642124,0.9201103540585037,0.4195804595814376,Manhattan,never_treated,,13.0,22,False,0.3250086225453821,Q1 lowest,Q4
CATON AVENUE|3|-1|0,275.3897392029919,71316.0,0.8077051926298158,0.1436820652173913,Brooklyn,never_treated,,3.0,1,False,0.052157147576324225,Q2,Q4
CATON AVE|3|-1|0,929.5910262629899,138329.89091579127,0.38358508596003715,0.09827586276704775,Brooklyn,never_treated,,8.0,4,False,0.17605890648920264,Q4,Q2
CATON AV|3|-1|0,2458.5289888254497,105197.64801421166,0.4921999537789384,0.05193802488920113,Brooklyn,never_treated,,20.0,12,False,0.4656304903078503,Q4,Q2
CENTER BLVD|4|-1|0,1459.7621858523707,213750.00000000003,0.47301374455246387,0.024974857525980554,Queens,never_treated,,3.0,5,False,0.2764701109568884,Q5 highest,Q2
CENTRAL AV|3|-1|0,9362.029877600806,79113.18643310147,0.793768127184538,0.21710322758747627,Brooklyn,never_treated,,105.0,63,False,1.773111719242577,Q3,Q4
CENTRAL AV|4|-1|0,5845.234176810683,77413.6488935116,0.4618675564649117,0.09525889840717025,Queens,never_treated,,23.0,21,False,1.1070519274262656,Q3,Q2
CENTRAL AV|4|-1|1,1161.2654432435693,85561.0,0.5096165625382825,0.09700355510411378,Queens,never_treated,,4.0,6,False,0.21993663697794874,Q3,Q2
CENTRAL PARK W|1|-1|1,137.24685553290814,132396.0,0.23877030901561003,0.054635234151003506,Manhattan,never_treated,,0.0,1,False,0.02599372263880836,Q4,Q1 least POC
CENTRAL PARK W|1|2019|0,4621.777226883755,153332.2415142081,0.2860836043224765,0.052651544383728585,Manhattan,switcher,2019,72.0,16,True,0.8753365960007112,Q5 highest,Q1 least POC
CENTRAL PARK W|1|2019|1,409.2266700131415,132396.0,0.23877030901561003,0.054635234151003506,Manhattan,switcher,2019,3.0,2,True,0.07750505113885255,Q4,Q1 least POC
CENTRAL PARK W|1|2020|0,10409.104442770435,104691.72272241939,0.47045497169911565,0.15811088195838444,Manhattan,switcher,2020,110.0,39,True,1.971421295979249,Q4,Q2
CENTRE STREET|1|2021|0,104.77431253022726,11406.0,0.6639712488769093,0.7967479674796747,Manhattan,switcher,2021,0.0,2,True,0.019843619797391528,Q1 lowest,Q3
CENTRE ST|1|-1|0,377.8432335765542,119293.0,0.47545654707939394,0.07519110493398193,Manhattan,never_treated,,0.0,3,False,0.071561218480408,Q4,Q2
CENTRE ST|1|2017|0,102.43620304365132,155031.0,0.5133188247207993,0.102216962388662,Manhattan,switcher,2017,4.0,2,True,0.01940079603099457,Q5 highest,Q2
CENTRE ST|1|2021|0,1267.0906001050485,58979.67554606866,0.6340551466981764,0.6197010106436409,Manhattan,switcher,2021,0.0,6,True,0.23997928032292584,Q2,Q3
CENTRE ST|1|2023|0,3155.87818643994,90156.36159194956,0.5347919391466496,0.3758742198987499,Manhattan,switcher,2023,36.0,8,True,0.5977042019772614,Q3,Q3
CHAMBERS ST|1|-1|0,984.1772721425668,228364.4678140152,0.3788343750963319,0.04846733743514719,Manhattan,never_treated,,23.0,6,False,0.1863972106330619,Q5 highest,Q2
CHARLTON STREET|1|-1|0,1508.2435871711461,246250.0,0.3245562130177515,0.04260355029585798,Manhattan,never_treated,,8.0,4,False,0.2856521945399898,Q5 highest,Q1 least POC
CHATHAM SQ|1|2025|0,173.07752900270816,134583.0,0.7946799667497922,0.17573221757322177,Manhattan,treated_after_window,2025,0.0,2,False,0.0327798350383917,Q4,Q4
CHEROKEE PL|1|-1|0,260.9969411382268,80132.0,0.13308800981294078,0.12143514259429623,Manhattan,never_treated,,0.0,1,False,0.0494312388519369,Q3,Q1 least POC
CHERRY AV|4|-1|0,6552.463545371216,55158.61731169457,0.8912271924366449,0.1522466501314934,Queens,never_treated,,7.0,12,False,1.2409968835930334,Q2,Q4
CHERRY ST|1|-1|0,751.0796742904279,34710.00000000001,0.7713183830881304,0.28250607924474325,Manhattan,never_treated,,1.0,4,False,0.14224993831258104,Q1 lowest,Q4
CHERRY ST|1|-1|1,1219.3420321299677,28534.8339082242,0.8812196507220033,0.3138322730264247,Manhattan,never_treated,,1.0,12,False,0.230935990933706,Q1 lowest,Q4
CHRISTOPHER ST|1|-1|0,3711.964857968176,164433.87993735753,0.24956193331750232,0.07394467248355575,Manhattan,never_treated,,24.0,18,False,0.7030236473424576,Q5 highest,Q1 least POC
CHRYSTIE ST|1|-1|0,62.06576107184847,100188.39328214694,0.5437177674587486,0.21391401344928693,Manhattan,never_treated,,0.0,2,False,0.011754878990880391,Q3,Q3
CHRYSTIE ST|1|2016|0,3017.1128177581413,60631.85439578639,0.7167874222328989,0.1364084954754927,Manhattan,switcher,2016,16.0,13,True,0.5714228821511631,Q2,Q3
CHURCH AV|3|-1|0,3808.567553124567,68702.91985808047,0.5424062833958337,0.16246868869154552,Brooklyn,never_treated,,30.0,11,False,0.7213196123341983,Q2,Q3
CHURCH AV|3|2010|0,160.22213941879292,126473.51658066496,0.3232159830572297,0.08815008819642059,Brooklyn,always_treated,2010,0.0,2,True,0.030345102162650173,Q4,Q1 least POC
CHURCH ST|1|-1|0,973.3243581731006,199576.0,0.37996297058218476,0.056572721662209426,Manhattan,never_treated,,13.0,4,False,0.18434173450248117,Q5 highest,Q2
CHURCH ST|1|2022|0,2352.8690672677367,250001.0,0.304321917273828,0.01237297783639113,Manhattan,switcher,2022,14.0,11,True,0.44561914152798043,Q5 highest,Q1 least POC
CITY ISLAND BR|2|-1|0,1021.3929518869952,129109.0,0.33783783783783783,0.042404473438956196,Bronx,never_treated,,0.0,5,False,0.19344563482708244,Q4,Q1 least POC
CLARENDON RD|3|-1|0,12620.789817104314,82615.17672154297,0.9707872693432923,0.10242043784141609,Brooklyn,never_treated,,94.0,42,False,2.390301101724302,Q3,Q5 most POC
CLARK ST|3|-1|0,503.7077620198967,164624.56719664016,0.35140479634435634,0.04777467995005326,Brooklyn,never_treated,,4.0,5,False,0.09539919735225316,Q5 highest,Q1 least POC
CLARKSON ST|1|-1|0,1591.0873028084525,195613.9964815419,0.2497277072351549,0.04601870089369669,Manhattan,never_treated,,8.0,8,False,0.30134229219857056,Q5 highest,Q1 least POC
CLASSON AV|3|-1|0,11160.21836993637,116213.62165783932,0.5959867277542973,0.13524290837039643,Brooklyn,never_treated,,108.0,42,False,2.113677721578858,Q4,Q3
CLAUDE AVENUE|4|-1|0,87.67299046240049,111139.0,0.855207451312447,0.02932426689332767,Queens,never_treated,,0.0,1,False,0.016604733042121306,Q4,Q4
CLAY AVENUE|2|-1|0,1356.2069188929222,47136.51983627342,0.9903077981124718,0.360125700147179,Bronx,never_treated,,9.0,4,False,0.2568573710024474,Q1 lowest,Q5 most POC
CLAY AV|2|-1|0,625.2095591572001,30374.999999999996,0.9756200975196097,0.5048275862068966,Bronx,never_treated,,2.0,3,False,0.11841090135553033,Q1 lowest,Q5 most POC
CLEARVIEW EXPRESSWAY|4|-1|0,26.504283515267087,100176.0,0.4526123936816525,0.04678007290400972,Queens,never_treated,,0.0,1,False,0.005019750665770282,Q3,Q2
CLERMONT AV|3|-1|0,4309.925925304537,145405.86485186964,0.4589454905620486,0.07370406007770035,Brooklyn,never_treated,,21.0,6,False,0.8162738494894956,Q5 highest,Q2
CLERMONT AV|3|-1|1,634.4612505495126,88215.14400959494,0.7308999428018476,0.12384211940567597,Brooklyn,never_treated,,1.0,1,False,0.12016311563437738,Q3,Q3
CLERMONT AV|3|2018|0,115.02936262639562,116841.99999999999,0.5280821917808219,0.10833333333333332,Brooklyn,switcher,2018,0.0,4,True,0.02178586413378705,Q4,Q3
CLEVELAND PLACE|1|2023|0,873.7346610973816,137062.18947045092,0.3738315502798242,0.11412941130231137,Manhattan,switcher,2023,5.0,3,True,0.16548004945026168,Q4,Q2
CLINTON ST|1|-1|0,1494.1414768182005,40147.49672575326,0.7134572025035878,0.27965572141371237,Manhattan,never_treated,,29.0,7,False,0.28298134030647737,Q1 lowest,Q3
CLINTON ST|1|2012|0,697.7934545813154,46615.00000000001,0.7318928788800974,0.2879756468797565,Manhattan,always_treated,2012,3.0,4,True,0.13215785124646123,Q1 lowest,Q3
CLINTON ST|1|2015|0,2092.6877697588134,53085.243397134516,0.7322413590188601,0.34696894080191376,Manhattan,switcher,2015,11.0,18,True,0.3963423806361389,Q2,Q3
CLINTON ST|3|-1|0,1966.8651352850939,114296.5952116864,0.5812729389666216,0.10476528459438911,Brooklyn,never_treated,,10.0,20,False,0.3725123362282375,Q4,Q3
CLINTON ST|3|-1|1,9478.587571037759,185972.30914236882,0.25538546790316685,0.041319334882210915,Brooklyn,never_treated,,47.0,30,False,1.7951870399692724,Q5 highest,Q1 least POC
CLOVE ROAD|5|-1|0,12844.217015116943,110700.30254337683,0.48761836842922957,0.11447703783619116,Staten Island,never_treated,,15.0,44,False,2.4326168589236636,Q4,Q2
CLOVERDALE BLVD|4|-1|0,1171.9697345552543,100893.0,0.3675445330580102,0.22521970598166233,Queens,never_treated,,0.0,3,False,0.22196396487788905,Q4,Q1 least POC
CLOVERDALE BLVD|4|-1|1,650.3328139392726,108219.0,0.723974358974359,0.04626518480227449,Queens,never_treated,,1.0,1,False,0.12316909354910466,Q4,Q3
CLOVERDALE BLVD|4|2017|0,1806.3055881980877,91420.99999999999,0.4429392784054864,0.2659800992334419,Queens,switcher,2017,1.0,2,True,0.3421033310981227,Q3,Q2
CO-OP CITY BOULEVARD|2|-1|0,12731.130770351672,48925.0799127724,0.9164130499563528,0.13101355401469703,Bronx,never_treated,,4.0,51,False,2.4111990095363014,Q2,Q4
COLGATE AV|2|-1|0,792.7493988449953,64308.00000000001,0.9940726577437858,0.025033699210475643,Bronx,never_treated,,0.0,2,False,0.15014193159943093,Q2,Q5 most POC
COLLEGE POINT BLVD|4|-1|0,3469.4477774831407,52588.30644151655,0.9629381165069729,0.22616451718955563,Queens,never_treated,,22.0,19,False,0.6570923820990797,Q2,Q5 most POC
COLLEGE POINT BOULEVARD|4|-1|1,1412.8975257822376,61001.05749239657,0.9844987755731316,0.2173032660584629,Queens,never_treated,,16.0,4,False,0.267594228367848,Q2,Q5 most POC
COLONIAL RD|3|-1|0,8318.00481521975,110417.48714248292,0.32133612854865334,0.08382066118969653,Brooklyn,never_treated,,14.0,37,False,1.5753796998522254,Q4,Q1 least POC
COLUMBIA ST|3|-1|0,3736.6413848432126,100982.65627335245,0.6555350029376932,0.16046693159606143,Brooklyn,never_treated,,4.0,29,False,0.7076972319778811,Q4,Q3
COLUMBIA ST|3|2008|0,790.3193985039482,145417.00000000003,0.4900793650793651,0.07199602780536248,Brooklyn,always_treated,2008,0.0,3,True,0.1496817042621114,Q5 highest,Q2
COLUMBUS AVE|1|-1|0,77.5263623146613,164779.0,0.32243556478117974,0.09698873083317938,Manhattan,never_treated,,0.0,1,False,0.014683023165655548,Q5 highest,Q1 least POC
COLUMBUS AVE|1|-1|1,136.02493832595405,164779.0,0.32243556478117974,0.09698873083317938,Manhattan,never_treated,,2.0,1,False,0.025762298925370086,Q5 highest,Q1 least POC
COLUMBUS AVE|1|2016|0,1275.2145402247718,185636.7401446107,0.3757842930702682,0.06842534352829979,Manhattan,switcher,2016,12.0,5,True,0.24151790534560072,Q5 highest,Q2
COLUMBUS AVE|1|2016|1,71.98167628836488,164779.0,0.32243556478117974,0.09698873083317938,Manhattan,switcher,2016,0.0,1,True,0.013632893236432743,Q5 highest,Q1 least POC
COLUMBUS AV|1|-1|0,784.6391427572682,158998.68198636212,0.2774266996896034,0.061450301255393566,Manhattan,never_treated,,3.0,2,False,0.14860589824948262,Q5 highest,Q1 least POC
COLUMBUS AV|1|-1|1,122.59720995827671,37641.0,0.7622884770346493,0.3600373482726424,Manhattan,never_treated,,0.0,3,False,0.023219168552703923,Q1 lowest,Q4
COLUMBUS AV|1|-1|2,255.10422791622216,166749.92389756048,0.21341571187154815,0.0761639758511289,Manhattan,never_treated,,1.0,1,False,0.04831519468110268,Q5 highest,Q1 least POC
COLUMBUS AV|1|2010|0,4828.345158626258,146120.8805667746,0.3043289234918788,0.08910586604788714,Manhattan,always_treated,2010,56.0,26,True,0.9144593103458822,Q5 highest,Q1 least POC
COLUMBUS AV|1|2013|0,2156.9895877175964,148143.65000254926,0.2245928989054096,0.05261595764798707,Manhattan,switcher,2013,32.0,9,True,0.4085207552495448,Q5 highest,Q1 least POC
COLUMBUS AV|1|2013|1,2510.465645765067,52469.78509136492,0.7329127053051252,0.28352167535102357,Manhattan,switcher,2013,16.0,27,True,0.47546697836459606,Q2,Q3
COLUMBUS AV|1|2013|2,1082.8695615578608,136518.37892193126,0.36420839966012925,0.059014976797718534,Manhattan,switcher,2013,4.0,4,True,0.20508893211323123,Q4,Q1 least POC
COLUMBUS AV|1|2015|0,780.9203153494456,160997.3407922332,0.23531660733134852,0.041165309842171996,Manhattan,switcher,2015,0.0,2,True,0.14790157487678893,Q5 highest,Q1 least POC
COLUMBUS CIRCLE|1|-1|0,831.2799087122717,198766.0,0.40936555891238663,0.050445632798573975,Manhattan,never_treated,,19.0,8,False,0.15743937665005145,Q5 highest,Q2
COMMERCIAL ST|3|-1|0,1651.0752631618973,78462.13101245048,0.46730195281065473,0.10297386410440598,Brooklyn,never_treated,,0.0,8,False,0.3127036483261169,Q3,Q2
COMMONWEALTH BLVD|4|-1|0,4979.898331567596,109407.27992969623,0.7818057574019993,0.06951572474200178,Queens,never_treated,,4.0,18,False,0.9431625627968931,Q4,Q4
COMMONWEALTH BOULEVARD|4|-1|0,904.8703175997398,132816.0,0.6652430343705511,0.06870385561936014,Queens,never_treated,,1.0,6,False,0.17137695409085982,Q4,Q3
CONGRESS ST|3|-1|0,112.05835379691338,145417.0,0.49007936507936506,0.07199602780536245,Brooklyn,never_treated,,0.0,4,False,0.02122317306759723,Q5 highest,Q2
CONOVER ST|3|-1|0,517.7368623389829,166302.0,0.3907312925170068,0.08404436860068258,Brooklyn,never_treated,,0.0,2,False,0.09805622392783767,Q5 highest,Q2
COOLIDGE AVE|4|-1|0,2440.8968735473136,104790.01668842103,0.5862225289532291,0.10059759112725737,Queens,never_treated,,2.0,7,False,0.4622910745354761,Q4,Q3
COOLIDGE AV|4|-1|0,1909.643823019401,84375.0,0.7406465130200539,0.13309079884796116,Queens,never_treated,,0.0,5,False,0.36167496648094716,Q3,Q3
COOPER AVENUE|4|-1|0,1173.6383759575529,87954.99999999999,0.5348837209302325,0.06780216180805766,Queens,never_treated,,4.0,7,False,0.22227999544650623,Q3,Q3
COOPER AVENUE|4|-1|1,265.0242233884703,101548.0,0.3746943765281174,0.022616136919315404,Queens,never_treated,,1.0,2,False,0.0501939817023618,Q4,Q2
COOPER AV|4|-1|0,5049.22008169739,86903.45164445163,0.4575164787145958,0.06875072750672427,Queens,never_treated,,20.0,19,False,0.9562916821396572,Q3,Q2
COOPER AV|4|-1|1,4690.069393586633,99597.95862352823,0.2918014314445992,0.16109616763190707,Queens,never_treated,,12.0,7,False,0.8882707184823169,Q3,Q1 least POC
CORNELIA ST|3|-1|0,1427.890332648843,77272.3103044805,0.8840538998011601,0.20847501888484196,Brooklyn,never_treated,,3.0,4,False,0.2704337751228869,Q3,Q4
CORNELIA ST|4|-1|0,2433.375082657031,82487.8780846367,0.7124217869800475,0.14945141342622575,Queens,never_treated,,5.0,5,False,0.46086649292746795,Q3,Q3
CORONA AV|4|-1|0,3852.3484950817437,65885.96878564582,0.968413863683519,0.24364467690865912,Queens,never_treated,,27.0,11,False,0.7296114574018454,Q2,Q5 most POC
CORONA AV|4|-1|1,1157.2201350791906,60962.99999999999,0.9495773365034297,0.2199284278912162,Queens,never_treated,,0.0,4,False,0.2191704801286346,Q2,Q5 most POC
CORPORAL KENNEDY STREET|4|-1|0,4482.19804256634,103592.83549818651,0.5739958597814856,0.03508050436626025,Queens,never_treated,,3.0,16,False,0.8489011444254431,Q4,Q3
COURT STREET|3|-1|0,663.8603880192537,129659.0,0.5376344086021505,0.043010752688172046,Brooklyn,never_treated,,0.0,3,False,0.12573113409455564,Q4,Q3
COURT STREET|3|2025|0,9025.551034531276,185869.9935067185,0.2512631262317101,0.051634645120549466,Brooklyn,treated_after_window,2025,35.0,35,False,1.7093846656309235,Q5 highest,Q1 least POC
COURT ST|3|-1|0,257.43990147137595,129659.0,0.5376344086021505,0.043010752688172046,Brooklyn,never_treated,,1.0,1,False,0.048757557096851506,Q4,Q3
COURTLANDT AV|2|-1|0,733.8777902327752,22985.515542775636,0.9461538105060922,0.5349098779682353,Bronx,never_treated,,4.0,3,False,0.1389920057259044,Q1 lowest,Q4
COZINE AVENUE|3|2023|0,7298.563311136845,65184.01663610886,0.9894081193658554,0.17939531858205998,Brooklyn,switcher,2023,12.0,42,True,1.3823036574122813,Q2,Q5 most POC
CREAMER ST|3|-1|0,366.5885771921197,129659.0,0.5376344086021505,0.043010752688172046,Brooklyn,never_treated,,0.0,1,False,0.06942965477123479,Q4,Q3
CRESCENT ST|3|-1|0,1874.5140539177637,47054.5,0.9858746617040051,0.22644424021151188,Brooklyn,never_treated,,1.0,2,False,0.35502160112078857,Q1 lowest,Q5 most POC
CRESCENT ST|4|-1|0,4441.630837118263,93239.43966783326,0.3839777175516927,0.102359786876046,Queens,never_treated,,9.0,14,False,0.8412179615754286,Q3,Q2
CRESCENT ST|4|2020|0,10828.224651045804,87507.61939930687,0.6403722989876709,0.1563282705487388,Queens,switcher,2020,65.0,31,True,2.0508001233041298,Q3,Q3
CROPSEY AVE|3|-1|0,4824.448321254606,57322.45959291606,0.6477247908791299,0.23067637093712393,Brooklyn,never_treated,,5.0,28,False,0.9137212729648875,Q2,Q3
CROPSEY AV|3|-1|0,3546.775031714116,58213.386918910044,0.800147168181618,0.16427723836909353,Brooklyn,never_treated,,25.0,34,False,0.6717376954004007,Q2,Q4
CROPSEY AV|3|-1|1,795.0208666494386,82783.99999999999,0.5887127947429455,0.17860508953817153,Brooklyn,never_treated,,2.0,4,False,0.15057213383512094,Q3,Q3
CROSS BAY BLVD|4|-1|0,8089.583039723228,103333.0,0.21412996075010904,0.0911867364746946,Queens,never_treated,,15.0,33,False,1.532117999947581,Q4,Q1 least POC
CROSS BAY BL|4|2020|0,138.60426795463698,103333.0,0.214129960750109,0.0911867364746946,Queens,switcher,2020,0.0,1,True,0.026250808324741852,Q4,Q1 least POC
CROSS BAY BOULEVARD|4|2020|1,2135.179097857622,103333.00000000001,0.21412996075010907,0.09118673647469462,Queens,switcher,2020,0.0,10,True,0.4043899806548526,Q4,Q1 least POC
CROSS BAY BOULEVARD|4|2020|2,11031.607566067525,103333.0,0.21412996075010904,0.09118673647469461,Queens,switcher,2020,0.0,19,True,2.089319614785516,Q4,Q1 least POC
CROSS BAY BOULEVARD|4|2020|3,211.93469513738728,103333.0,0.21412996075010907,0.0911867364746946,Queens,switcher,2020,0.0,1,True,0.04013914680632335,Q4,Q1 least POC
CROSS BAY BOULEVARD|4|2023|2,1198.2023560958387,157845.0,0.16272995684760394,0.03429479900068135,Queens,switcher,2023,0.0,1,True,0.22693226441209066,Q5 highest,Q1 least POC
CROSS BAY BOULEVARD|4|2023|3,1412.8809617171435,157845.0,0.16272995684760394,0.03429479900068135,Queens,switcher,2023,1.0,2,True,0.26759109123430747,Q5 highest,Q1 least POC
CROSS BAY PKWY|4|-1|0,171.0825981816967,67038.0,0.4174193548387096,0.11804191224623448,Queens,never_treated,,0.0,3,False,0.03240200723138195,Q2,Q2
CROSS BAY PKWY|4|-1|1,278.14533990795553,54639.92895423509,0.7542468606095524,0.26633754852010044,Queens,never_treated,,0.0,1,False,0.052679041649234,Q2,Q4
CROSS BAY PKWY|4|2019|0,708.705565277467,67038.0,0.4174193548387096,0.11804191224623446,Queens,switcher,2019,0.0,2,True,0.13422453887830815,Q2,Q2
CROTONA AV|2|-1|0,10366.434839149153,30178.31451382257,0.9490749503121244,0.34814586314004975,Bronx,never_treated,,35.0,31,False,1.9633399316570366,Q1 lowest,Q5 most POC
CROTONA PARK EAST|2|-1|0,3746.760391723736,38103.00156122098,0.9915973563256236,0.247039043933884,Bronx,never_treated,,2.0,7,False,0.7096137105537379,Q1 lowest,Q5 most POC
CROTONA PARK NORTH|2|-1|0,3271.5302150840944,28475.70781826682,0.9824897087531477,0.4069830216197037,Bronx,never_treated,,3.0,15,False,0.6196079952810785,Q1 lowest,Q5 most POC
CROTONA PARK SOUTH|2|-1|0,1271.6482153992813,36878.326659450075,0.9757746509296208,0.38816640599424956,Bronx,never_treated,,0.0,5,False,0.24084246503774268,Q1 lowest,Q5 most POC
CUMBERLAND ST|3|-1|0,1351.8851697168402,164889.87746694786,0.3515904933367695,0.05449993430355558,Brooklyn,never_treated,,3.0,5,False,0.2560388579009167,Q5 highest,Q1 least POC
CUMBERLAND ST|3|-1|1,750.8654268748681,80982.23401497371,0.7622025396312774,0.1381771381401883,Brooklyn,never_treated,,6.0,5,False,0.14220936115054322,Q3,Q4
CYPRESS AVENUE|4|2024|0,3873.8298926900734,118319.0,0.4305114017712522,0.003554245021779195,Queens,switcher,2024,4.0,7,True,0.7336799039185745,Q4,Q2
CYPRESS HILLS ST|3|-1|0,81.038886005285,56970.0,0.9175156095957936,0.18010752688172044,Brooklyn,never_treated,,0.0,2,False,0.015348273864637309,Q2,Q4
CYPRESS HILLS ST|3|2019|0,1500.4345037563407,56970.0,0.9175156095957936,0.18010752688172044,Brooklyn,switcher,2019,0.0,5,True,0.28417320146900393,Q2,Q4
CYPRESS HILLS ST|4|-1|0,1449.41133473633,86011.12455526798,0.45187672831235876,0.09656555054090837,Queens,never_treated,,4.0,7,False,0.2745097224879413,Q3,Q2
CYPRESS HILLS ST|4|2017|0,2680.0407667199984,107539.99999999999,0.5006901299215563,0.018200491145538206,Queens,switcher,2017,0.0,12,True,0.5075834785454543,Q4,Q2
DAHILL RD|3|-1|0,526.4674940041468,73066.0,0.7176005924463096,0.06442853616391014,Brooklyn,never_treated,,1.0,2,False,0.09970975265230053,Q3,Q3
DAVIDSON AV|2|-1|0,7728.156060303965,48205.08901093126,0.9852160134469218,0.2486994012998044,Bronx,never_treated,,14.0,22,False,1.4636659205121145,Q2,Q5 most POC
DE GRAW ST|3|-1|0,2159.3392246631397,134277.26313805525,0.4085867218634575,0.09239268737706285,Brooklyn,never_treated,,2.0,5,False,0.40896576224680675,Q4,Q2
DE KALB AV|3|-1|0,15955.530567606562,91216.31460072924,0.6167535983340835,0.21573419417285894,Brooklyn,never_treated,,211.0,66,False,3.0218807893194244,Q3,Q3
DEAN ST|3|-1|0,18493.252650219783,130093.29223424723,0.5963954317573431,0.1433393571432174,Brooklyn,never_treated,,124.0,47,False,3.5025099716325347,Q4,Q3
DEKALB AVE|3|-1|0,380.2266352179319,125777.99999999999,0.6235059760956175,0.1409915891987605,Brooklyn,never_treated,,17.0,3,False,0.0720126203064265,Q4,Q3
DELANCEY ST N|1|-1|0,2752.9575941978437,51426.35277683267,0.7037751313186417,0.29596552494147793,Manhattan,never_treated,,7.0,24,False,0.5213934837495916,Q2,Q3
DELANCEY ST|1|-1|0,2735.305418095264,87420.36719480595,0.4779633583584722,0.1521302776871987,Manhattan,never_treated,,4.0,25,False,0.5180502685786484,Q3,Q2
DELANCEY ST|1|-1|1,482.03555903393635,74485.0,0.6924294761082326,0.13241316547853785,Manhattan,never_treated,,26.0,2,False,0.09129461345339704,Q3,Q3
DELANCEY ST|1|2009|0,249.00235736274809,46615.00000000001,0.7318928788800974,0.28797564687975646,Manhattan,always_treated,2009,16.0,2,True,0.04715953737930835,Q1 lowest,Q3
DELANCEY ST|1|2018|0,1438.1463938906913,69142.9449277362,0.6999937269495038,0.16223101057445902,Manhattan,switcher,2018,90.0,10,True,0.2723762109641461,Q2,Q3
DENMAN ST|4|-1|0,1066.1636534712109,67426.2973202056,0.9724070306214475,0.0827144635003262,Queens,never_treated,,1.0,3,False,0.2019249343695475,Q2,Q5 most POC
DEPOT PLACE APPROACH|2|-1|0,613.1368755220275,37433.0,0.9790589451913132,0.411154345006485,Bronx,never_treated,,0.0,4,False,0.11612440824280823,Q1 lowest,Q5 most POC
DEPOT PLACE APPROACH|2|2025|0,614.4066523546942,37433.00000000001,0.9790589451913134,0.4111543450064851,Bronx,treated_after_window,2025,0.0,5,False,0.11636489627929814,Q1 lowest,Q5 most POC
DEPOT PLACE|2|2025|0,330.3751147854955,37433.0,0.9790589451913134,0.411154345006485,Bronx,treated_after_window,2025,0.0,3,False,0.0625710444669499,Q1 lowest,Q5 most POC
DILLON STREET|4|-1|0,1499.5663978402533,96442.98039576967,0.9058759435594043,0.07090123871179095,Queens,never_treated,,1.0,3,False,0.28400878746974495,Q3,Q4
DITMARS BLVD|4|-1|0,1780.7297973936193,81394.95544803336,0.3812125475194953,0.11577207595547886,Queens,never_treated,,1.0,4,False,0.3372594313245491,Q3,Q2
DIVISION AVENUE|3|-1|0,1082.9704227006882,49499.71495413575,0.4512576786527393,0.38789421454553136,Brooklyn,never_treated,,0.0,2,False,0.20510803460240307,Q2,Q2
DOVER ST|1|-1|0,832.4474016026795,119293.0,0.47545654707939394,0.07519110493398194,Manhattan,never_treated,,3.0,8,False,0.1576604927277802,Q4,Q2
DR M L KING JR BLVD|2|-1|0,177.74278868886958,33333.0,0.9839657936932124,0.28119130668097664,Bronx,never_treated,,0.0,3,False,0.03366340694864954,Q1 lowest,Q5 most POC
DR M L KING JR BLVD|2|-1|1,2554.359806929856,41459.44665707818,0.9823103237079597,0.279513444304543,Bronx,never_treated,,15.0,3,False,0.48378026646398786,Q1 lowest,Q5 most POC
DR M L KING JR BLVD|2|-1|2,262.8323718465305,43470.46978208159,0.9656890256190627,0.2600934307477503,Bronx,never_treated,,0.0,2,False,0.04977885830426714,Q1 lowest,Q5 most POC
DR M L KING JR BLVD|2|2024|0,2754.4951938598992,35332.50877313744,0.976038533331112,0.2860753213993744,Bronx,switcher,2024,0.0,10,True,0.5216846958067991,Q1 lowest,Q5 most POC
DRIGGS AV|3|-1|0,10386.454587109445,141957.3204884102,0.37350620084275404,0.11402741636532948,Brooklyn,never_treated,,80.0,42,False,1.96713155058891,Q5 highest,Q2
DRURY AV|5|-1|0,406.8015058654395,73678.0,0.46113572291582755,0.15097037793667006,Staten Island,never_treated,,0.0,2,False,0.07704573974724233,Q3,Q2
DUFFIELD ST|3|-1|0,205.5723449348396,130471.0,0.6362101313320825,0.20007550018875048,Brooklyn,never_treated,,0.0,1,False,0.038934156237659015,Q4,Q3
DUKE ELLINGTON CR|1|-1|0,756.4659993133281,49503.675762217645,0.8614882569564224,0.2790887207510496,Manhattan,never_treated,,0.0,6,False,0.14327007562752425,Q2,Q4
DUMONT AV|3|-1|0,9620.091892095772,62111.354215047904,0.9895098109714497,0.19779935707100926,Brooklyn,never_treated,,30.0,32,False,1.8219871007757145,Q2,Q5 most POC
DYCKMAN STREET|1|-1|0,267.5214398244041,77648.0,0.7219556534982092,0.13216715257531583,Manhattan,never_treated,,0.0,4,False,0.0506669393606826,Q3,Q3
DYCKMAN STREET|1|2014|0,77.50564799894438,77648.0,0.7147716229348882,0.13216715257531583,Manhattan,switcher,2014,0.0,2,True,0.014679099999800072,Q3,Q3
DYCKMAN ST|1|-1|0,2023.3419671796414,77648.0,0.733273327856796,0.13216715257531583,Manhattan,never_treated,,11.0,5,False,0.3832087059052351,Q3,Q3
DYCKMAN ST|1|2017|0,2629.9046071394223,58546.614981006016,0.8751174474221682,0.17953973057713035,Manhattan,switcher,2017,15.0,12,True,0.4980879937764057,Q2,Q4
DYCKMAN ST|1|2021|0,325.8071043950961,77648.0,0.7147716229348882,0.13216715257531583,Manhattan,switcher,2021,2.0,1,True,0.06170589098391971,Q3,Q3
DYKER PL|3|-1|0,256.9366909727348,80476.0,0.4959954233409612,0.1358695652173913,Brooklyn,never_treated,,0.0,2,False,0.048662252078169474,Q3,Q2
E 1 ST|1|-1|0,1990.944513333803,115939.18421164843,0.4320882073712992,0.2621908415839089,Manhattan,never_treated,,7.0,12,False,0.37707282449503843,Q4,Q2
E 10 ST|1|-1|0,7176.406521382077,115332.01941576265,0.4809673141182315,0.19576029366015724,Manhattan,never_treated,,68.0,22,False,1.3591679017769085,Q4,Q2
E 102 ST|1|-1|0,1474.8901298711355,25636.879674366646,0.9075386213481296,0.39410541890812417,Manhattan,never_treated,,5.0,25,False,0.27933525186953323,Q1 lowest,Q4
E 102 ST|3|-1|0,1303.428565592591,17824.0,0.9772114677775057,0.4427836314628768,Brooklyn,never_treated,,1.0,20,False,0.24686147075617254,Q1 lowest,Q5 most POC
E 105 ST|1|-1|0,1501.6318386877213,34380.865356100265,0.9073170494418693,0.31377007624280423,Manhattan,never_treated,,2.0,19,False,0.28439996944843204,Q1 lowest,Q4
E 106 ST|1|-1|0,4006.1503407002174,37854.779226881,0.8799502533305975,0.28970302665885705,Manhattan,never_treated,,59.0,15,False,0.7587405948295867,Q1 lowest,Q4
E 119 ST|1|-1|0,4213.893269727034,47211.55284615909,0.8578580193988041,0.28744776269228495,Manhattan,never_treated,,17.0,13,False,0.798085846539211,Q1 lowest,Q4
E 120 ST|1|-1|0,4671.724238950423,41599.86375257372,0.8824079812803887,0.32050031697878884,Manhattan,never_treated,,12.0,27,False,0.884796257376974,Q1 lowest,Q4
E 133 ST|2|2017|0,1652.2736026933258,67374.99999999999,0.8927243759957514,0.3230429988974642,Bronx,switcher,2017,1.0,11,True,0.31293060657070565,Q2,Q4
E 135 ST|2|-1|0,336.11974934505025,45872.55921095048,0.8775365644629184,0.3152593885816665,Bronx,never_treated,,0.0,3,False,0.06365904343656255,Q1 lowest,Q4
E 138 ST|2|-1|0,1357.0013427931328,67375.0,0.8927243759957516,0.32304299889746424,Bronx,never_treated,,2.0,4,False,0.257007830074457,Q2,Q4
E 138 ST|2|-1|1,7002.4106265836435,23835.10248365155,0.976311982120476,0.44165638924943545,Bronx,never_treated,,91.0,39,False,1.3262141338226598,Q1 lowest,Q5 most POC
E 138 ST|2|2017|0,367.5929542828471,66092.43698964863,0.8962820316599219,0.32697437243464167,Bronx,switcher,2017,1.0,9,True,0.06961987770508467,Q2,Q4
E 138 ST|2|2018|0,53.956865544500076,53948.1935323841,0.8526242702625544,0.2795839875874292,Bronx,switcher,2018,0.0,1,True,0.010219103322821985,Q2,Q4
E 139 ST|2|-1|0,122.09244113157713,22563.142951517966,0.9887265630529308,0.47922909308020634,Bronx,never_treated,,2.0,1,False,0.023123568396132034,Q1 lowest,Q5 most POC
E 146 ST|2|-1|0,361.1151133557392,34890.0,0.976897103252177,0.27339155230796647,Bronx,never_treated,,3.0,1,False,0.06839301389313242,Q1 lowest,Q5 most POC
E 147 ST|2|-1|0,1771.6894586461094,34889.99999999999,0.976895754907086,0.27339784402565215,Bronx,never_treated,,6.0,15,False,0.33554724595570257,Q1 lowest,Q5 most POC
E 148 ST|2|-1|0,1482.3461615806812,34890.0,0.976897103252177,0.2733915523079665,Bronx,never_treated,,4.0,5,False,0.2807473790872502,Q1 lowest,Q5 most POC
E 149 ST|2|-1|0,555.2803055718858,22985.0,0.9461524791185356,0.5349212034383954,Bronx,never_treated,,21.0,2,False,0.10516672454012989,Q1 lowest,Q4
E 15 ST|1|-1|0,2504.0647974708563,182199.89818709306,0.3050443161551837,0.07184675277713928,Manhattan,never_treated,,12.0,11,False,0.47425469649069246,Q5 highest,Q1 least POC
E 150 ST|2|2020|0,206.74813012156943,23008.24551890004,0.9461942901027145,0.534538799817617,Bronx,switcher,2020,1.0,1,True,0.03915684282605482,Q1 lowest,Q4
E 152 ST|2|-1|0,1322.9085322526867,34519.609079024216,0.997588106380795,0.3161589280523187,Bronx,never_treated,,5.0,14,False,0.2505508583811907,Q1 lowest,Q5 most POC
E 16 ST|1|-1|0,1500.8081484584345,188200.64486770565,0.28542548607608736,0.0625868111128654,Manhattan,never_treated,,15.0,5,False,0.2842439675110671,Q5 highest,Q1 least POC
E 161 ST|2|-1|0,1894.3251042419054,55396.00000000001,0.8461933276304534,0.26928999144568005,Bronx,never_treated,,17.0,9,False,0.35877369398520936,Q2,Q4
E 161 ST|2|-1|1,1783.338939186149,33412.0,0.9420411591768164,0.4791755508173418,Bronx,never_treated,,12.0,8,False,0.3377535869670737,Q1 lowest,Q4
E 161 ST|2|-1|2,1151.9540687159015,31781.657973605117,0.9867866888626636,0.3420928754480807,Bronx,never_treated,,0.0,3,False,0.21817311907498135,Q1 lowest,Q5 most POC
E 161 ST|2|-1|3,727.471979077196,42165.30455483861,0.984752964780843,0.2161048171561968,Bronx,never_treated,,0.0,3,False,0.1377787839161356,Q1 lowest,Q5 most POC
E 161 ST|2|2021|0,1000.1542646155344,42193.00463619083,0.9862666972847621,0.24246392031792224,Bronx,switcher,2021,0.0,8,True,0.18942315617718455,Q1 lowest,Q5 most POC
E 163 ST|2|-1|0,382.037158637817,34335.0,0.980191589543757,0.29650783289817234,Bronx,never_treated,,2.0,1,False,0.07235552246928352,Q1 lowest,Q5 most POC
E 165 ST|2|-1|0,1446.1766541298116,30471.5616439376,0.9454281307745608,0.39963215166249844,Bronx,never_treated,,4.0,7,False,0.2738970935851916,Q1 lowest,Q4
E 165 ST|2|-1|1,5231.227396464945,38359.250823545735,0.9612644846923961,0.32665922246197293,Bronx,never_treated,,46.0,21,False,0.9907627644819972,Q1 lowest,Q5 most POC
E 165 ST|2|-1|2,1205.8029150555572,32676.19646810115,0.9344697632290607,0.38539673993611684,Bronx,never_treated,,5.0,7,False,0.22837176421506764,Q1 lowest,Q4
E 165 ST|2|-1|3,614.4320892655215,21637.58019523497,0.9727611800631618,0.45296418004313044,Bronx,never_treated,,1.0,2,False,0.11636971387604575,Q1 lowest,Q5 most POC
E 165 ST|2|2021|0,751.8265232853064,27601.999999999993,0.9779199999999998,0.43423999999999996,Bronx,switcher,2021,0.0,7,True,0.1423913869858535,Q1 lowest,Q5 most POC
E 166 ST|2|-1|0,399.44111300655686,17410.000000000004,0.9467026130236416,0.4381999170468685,Bronx,never_treated,,0.0,3,False,0.07565172594821153,Q1 lowest,Q4
E 166 ST|2|-1|1,457.1885070145736,24613.25334109893,0.9753349361790765,0.44362261094563793,Bronx,never_treated,,1.0,2,False,0.08658873238912379,Q1 lowest,Q5 most POC
E 166 ST|2|2021|0,871.9460131829514,23797.750899736508,0.9662678496548873,0.43571807210191,Bronx,switcher,2021,0.0,8,True,0.165141290375559,Q1 lowest,Q5 most POC
E 167 ST|2|-1|0,122.47400925448326,17409.999999999996,0.9467026130236417,0.4381999170468685,Bronx,never_treated,,2.0,2,False,0.023195835086076377,Q1 lowest,Q4
E 167 ST|2|-1|1,5292.772639791587,34788.80630205195,0.9821244908899958,0.3829412149616345,Bronx,never_treated,,28.0,36,False,1.0024190605665884,Q1 lowest,Q5 most POC
E 167 ST|2|-1|2,1130.214686973682,48573.962151354695,0.9939598172573676,0.29197101311202406,Bronx,never_treated,,2.0,8,False,0.21405581192683373,Q2,Q5 most POC
E 167 ST|2|2022|0,1594.4438561764778,28271.65590120456,0.963020054006365,0.3885753769372365,Bronx,switcher,2022,5.0,6,True,0.30197800306372685,Q1 lowest,Q5 most POC
E 167 ST|2|2023|0,264.4694148177948,55000.0,0.9900439238653003,0.2958579881656805,Bronx,switcher,2023,1.0,1,True,0.050088904321552045,Q2,Q5 most POC
E 168 ST|2|-1|0,2099.7127837501507,29188.255240198407,0.974253164148948,0.4820928621218525,Bronx,never_treated,,19.0,14,False,0.39767287571025584,Q1 lowest,Q5 most POC
E 169 ST|2|-1|0,3437.541073330413,35647.406622399634,0.9858582552262095,0.3853651176212872,Bronx,never_treated,,14.0,15,False,0.6510494457065176,Q1 lowest,Q5 most POC
E 17 ST|1|-1|0,597.7367173000729,193958.0,0.3737212276214834,0.09784993418165862,Manhattan,never_treated,,6.0,1,False,0.11320771160986229,Q5 highest,Q2
E 17 ST|1|2010|0,399.04073583626507,193958.00000000003,0.3737212276214834,0.09784993418165862,Manhattan,always_treated,2010,5.0,1,True,0.07557589693868656,Q5 highest,Q2
E 174 ST BR|2|-1|0,561.0796035842012,47375.0,0.994602929838088,0.2546728971962617,Bronx,never_treated,,0.0,7,False,0.10626507643640175,Q1 lowest,Q5 most POC
E 174 ST BR|2|-1|1,559.0655723484052,39776.0,0.9891304347826086,0.36748410535876475,Bronx,never_treated,,0.0,7,False,0.1058836311265919,Q1 lowest,Q5 most POC
E 174 ST|2|-1|0,2112.9956603201495,33147.08804046878,0.9857324273162448,0.36060005965935193,Bronx,never_treated,,15.0,40,False,0.4001885720303313,Q1 lowest,Q5 most POC
E 174 ST|2|-1|1,1970.2997253566186,24508.883103077256,0.9632470919734049,0.38492557444538084,Bronx,never_treated,,22.0,16,False,0.37316282677208684,Q1 lowest,Q5 most POC
E 181 ST|2|-1|0,2272.6182872543845,40160.160825707426,0.9840441009633947,0.328327612253935,Bronx,never_treated,,19.0,11,False,0.43042013016181524,Q1 lowest,Q5 most POC
E 182 ST|2|-1|0,1079.3689780657899,40774.561807467144,0.9916038517316282,0.36225489403353944,Bronx,never_treated,,4.0,4,False,0.2044259428154905,Q1 lowest,Q5 most POC
E 183 ST|2|-1|0,953.9907339673149,31277.052301442018,0.946637581337241,0.27365948526875833,Bronx,never_treated,,2.0,4,False,0.1806800632513854,Q1 lowest,Q4
E 187 ST|2|-1|0,1373.2950703579977,33443.66156511288,0.9272426957783233,0.30475030860474095,Bronx,never_treated,,14.0,8,False,0.26009376332537837,Q1 lowest,Q4
E 188 ST|2|-1|0,1895.0755078502964,42331.849393332544,0.8876179576486473,0.3787687937406969,Bronx,never_treated,,7.0,7,False,0.35891581588073795,Q1 lowest,Q4
E 188 ST|2|-1|1,2601.432581293096,37522.769435061484,0.9895345506365052,0.38330415086806413,Bronx,never_treated,,27.0,15,False,0.49269556463884395,Q1 lowest,Q5 most POC
E 189 ST|2|-1|0,2797.5910917848264,41280.68919382488,0.8927393940027076,0.3935776370255214,Bronx,never_treated,,7.0,20,False,0.5298467976865201,Q1 lowest,Q4
E 2 ST|1|-1|0,1278.5920806239703,144224.19511103907,0.3829355456678031,0.2557148946022691,Manhattan,never_treated,,7.0,4,False,0.2421575910272671,Q5 highest,Q2
E 20 ST|1|-1|0,3508.7679387069375,162456.30976474844,0.317770798963958,0.10981534870778727,Manhattan,never_treated,,35.0,16,False,0.6645393823308594,Q5 highest,Q1 least POC
E 20 ST|1|2018|0,1935.3166067048735,199153.76960254397,0.26685023438019295,0.033529896354854434,Manhattan,switcher,2018,10.0,17,True,0.36653723611834726,Q5 highest,Q1 least POC
E 21 RD|4|-1|0,126.48173497721291,103333.0,0.21412996075010904,0.0911867364746946,Queens,never_treated,,0.0,1,False,0.023954874048714565,Q4,Q1 least POC
E 21 ST|1|-1|0,3502.4610516848734,154468.48331666322,0.3376861246410881,0.11998896113371083,Manhattan,never_treated,,56.0,14,False,0.6633448961524382,Q5 highest,Q1 least POC
E 213 ST|2|-1|0,2155.9328527681373,60764.473850959905,0.976022579703395,0.2748582166245164,Bronx,never_treated,,0.0,3,False,0.4083206160545715,Q2,Q5 most POC
E 213 ST|2|-1|1,1920.3990596147542,42542.50454905483,0.9633309217155865,0.3085377663897123,Bronx,never_treated,,5.0,10,False,0.36371194310885496,Q1 lowest,Q5 most POC
E 216 ST|2|-1|0,4073.147710410896,59648.79575753492,0.9802029024176268,0.18912702997766323,Bronx,never_treated,,6.0,9,False,0.7714294906081242,Q2,Q5 most POC
E 225 ST|2|-1|0,4215.87782113822,64748.780197667096,0.9764690604012958,0.15050956745969954,Bronx,never_treated,,2.0,5,False,0.7984617085489052,Q2,Q5 most POC
E 226 ST|2|-1|0,4497.826257285352,57914.040784430465,0.9663486103743861,0.14471501967145467,Bronx,never_treated,,2.0,8,False,0.8518610335767712,Q2,Q5 most POC
E 23 ST|3|-1|0,151.00771711209913,83971.0,0.6599939338792842,0.16941391941391942,Brooklyn,never_treated,,0.0,1,False,0.028599946422746048,Q3,Q3
E 233 ST|2|-1|0,6742.255930006514,95168.94364401352,0.9493927988107138,0.06678667918788815,Bronx,never_treated,,11.0,23,False,1.2769424109860823,Q3,Q5 most POC
E 233 ST|2|2022|0,661.6833781257857,28323.923541679458,0.9890642469723101,0.43665626518340994,Bronx,switcher,2022,5.0,14,True,0.12531882161473212,Q1 lowest,Q5 most POC
E 26 ST|1|-1|0,1460.6181751273812,126991.36045983892,0.4329981122702048,0.07085170215202874,Manhattan,never_treated,,17.0,7,False,0.27663223013776156,Q4,Q2
E 26 ST|1|-1|1,506.9825658556888,186028.0,0.43713822644130584,0.1776840131270511,Manhattan,never_treated,,6.0,1,False,0.09601942535145622,Q5 highest,Q2
E 26 ST|1|2018|0,1532.021777773095,159445.07247896935,0.40072729176399235,0.13515359903687463,Manhattan,switcher,2018,11.0,7,True,0.29015563972975283,Q5 highest,Q2
E 29 ST|1|-1|0,1531.896543879527,157410.3621771071,0.33184827800300887,0.08009274777212154,Manhattan,never_treated,,15.0,5,False,0.29013192118930436,Q5 highest,Q1 least POC
E 29 ST|1|2018|0,750.6887889615982,133964.89751294648,0.36456509124613756,0.05899744651261405,Manhattan,switcher,2018,11.0,5,True,0.1421759070003027,Q4,Q1 least POC
E 29 ST|1|2018|1,507.0549035995031,192897.0,0.29806170886075944,0.10135887725551347,Manhattan,switcher,2018,1.0,1,True,0.09603312568172408,Q5 highest,Q1 least POC
E 3 ST|1|-1|0,5012.780646564973,98554.40193612933,0.43523604912375063,0.19887359421627307,Manhattan,never_treated,,36.0,18,False,0.9493902739706388,Q3,Q2
E 30 ST|1|-1|0,3498.7175044458345,158880.57285217705,0.3103006149364743,0.0732854595174452,Manhattan,never_treated,,34.0,12,False,0.6626358909935293,Q5 highest,Q1 least POC
E 37 ST|1|2014|0,378.0614235283893,161548.0,0.49152542372881364,0.16629357211384713,Manhattan,switcher,2014,9.0,1,True,0.07160254233492222,Q5 highest,Q2
E 38 ST|1|-1|0,512.2741231545928,222273.00000000003,0.5716699521261618,0.06786820613911576,Manhattan,never_treated,,0.0,3,False,0.09702161423382438,Q5 highest,Q3
E 38 ST|1|2021|0,2484.379470313934,155469.4171214215,0.45205771586867105,0.0510804229518068,Manhattan,switcher,2021,19.0,8,True,0.47052641483218444,Q5 highest,Q2
E 38 ST|1|2021|1,507.5523047868921,222272.99999999997,0.5716699521261617,0.06786820613911575,Manhattan,switcher,2021,0.0,1,True,0.0961273304520629,Q5 highest,Q3
E 38 ST|3|-1|0,1549.6780324323504,70662.0,0.5219005196733482,0.12026726057906459,Brooklyn,never_treated,,0.0,1,False,0.2934996273546118,Q2,Q2
E 39 ST|1|2021|0,3978.7362647144355,165785.5786575856,0.4696759597084548,0.05884727180527161,Manhattan,switcher,2021,9.0,11,True,0.7535485349837946,Q5 highest,Q2
E 4 ST|1|-1|0,5252.80421527822,86190.03430634714,0.4583577843108251,0.21902914066351944,Manhattan,never_treated,,51.0,30,False,0.9948492831966326,Q3,Q2
E 40 ST|1|-1|0,3497.9123386198617,161398.46385863426,0.4388502276187766,0.06681765434602673,Manhattan,never_treated,,38.0,13,False,0.6624833974658829,Q5 highest,Q2
E 43 ST|1|-1|0,797.591596984563,171873.86612814295,0.5505597508277195,0.17974984883697645,Manhattan,never_treated,,4.0,2,False,0.15105901458040966,Q5 highest,Q3
E 44 ST|1|-1|0,794.8189927947084,171875.0,0.550561797752809,0.1797752808988764,Manhattan,never_treated,,5.0,2,False,0.15053390015051296,Q5 highest,Q3
E 48 ST|1|-1|0,3450.4107984675525,161028.00834273626,0.4174879786315851,0.09336660122979276,Manhattan,never_treated,,27.0,9,False,0.6534868936491577,Q5 highest,Q2
E 51 ST|1|-1|0,3500.3749347776875,108632.97580579614,0.3183943097381832,0.09770564974663529,Manhattan,never_treated,,31.0,10,False,0.6629497982533499,Q4,Q1 least POC
E 52 ST|1|-1|0,677.5415574798943,215948.26555996243,0.3055627977315158,0.03129633862727453,Manhattan,never_treated,,0.0,1,False,0.12832226467422242,Q5 highest,Q1 least POC
E 52 ST|1|2019|0,3499.5832654877495,108612.46016119827,0.3185060496966642,0.09767090898597698,Manhattan,switcher,2019,36.0,10,True,0.6627998608878314,Q4,Q1 least POC
E 54 ST|1|-1|0,3499.9536758554254,127355.93859822756,0.3145900596095447,0.07360954283736182,Manhattan,never_treated,,29.0,8,False,0.6628700143665579,Q4,Q1 least POC
E 54 ST|1|2024|0,703.0653420349556,223278.17379349883,0.1666022008710073,0.02456036336172177,Manhattan,switcher,2024,0.0,2,True,0.13315631477934767,Q5 highest,Q1 least POC
E 55 ST|1|2019|0,4211.470575749241,143838.55145538304,0.28444155940174354,0.0650580597508632,Manhattan,switcher,2019,26.0,11,True,0.7976270029828109,Q5 highest,Q1 least POC
E 56 ST|3|-1|0,8229.557519095146,86683.3354291468,0.9116442777805452,0.10729608602342246,Brooklyn,never_treated,,12.0,25,False,1.5586283180104443,Q3,Q4
E 59 ST|1|-1|0,981.8484536412586,139036.2727704936,0.24241920658970376,0.07143662451788148,Manhattan,never_treated,,29.0,3,False,0.18595614652296566,Q4,Q1 least POC
E 60 ST|1|1900|0,714.0291185765068,190684.99999999997,0.3772035256410256,0.06390224358974358,Manhattan,always_treated,1900,5.0,2,True,0.1352327876091869,Q5 highest,Q2
E 61 ST|1|1900|0,3495.608091100732,192458.2422703696,0.3091294356744507,0.0363471607110366,Manhattan,always_treated,1900,39.0,9,True,0.6620469869508963,Q5 highest,Q1 least POC
E 62 ST|1|1900|0,3499.3205172165335,192475.7695092442,0.30915698746485265,0.036369979757342866,Manhattan,always_treated,1900,25.0,10,True,0.6627500979576768,Q5 highest,Q1 least POC
E 70 ST|1|-1|0,4209.722541614268,166985.6389397702,0.15872157582625232,0.05959935418512289,Manhattan,never_treated,,24.0,15,False,0.7972959359117933,Q5 highest,Q1 least POC
E 71 ST|1|-1|0,4881.430563363773,166913.81992399096,0.20019485666279466,0.048445842854576086,Manhattan,never_treated,,17.0,12,False,0.9245133642734419,Q5 highest,Q1 least POC
E 76 ST|3|-1|0,344.7325483479616,93032.24067586631,0.9602099238471021,0.07453023592159776,Brooklyn,never_treated,,2.0,2,False,0.06529025536893213,Q3,Q5 most POC
E 77 ST|1|-1|0,5177.841744008136,151826.66052200514,0.18726533673018078,0.09714609984567615,Manhattan,never_treated,,18.0,10,False,0.9806518454560863,Q5 highest,Q1 least POC
E 78 ST|1|-1|0,4678.295719446338,158380.0059101099,0.19966231130249681,0.104030131314244,Manhattan,never_treated,,14.0,10,False,0.8860408559557458,Q5 highest,Q1 least POC
E 8 ST|1|-1|0,1670.0672094975082,189456.8107039848,0.2160108419218408,0.03265027062032447,Manhattan,never_treated,,10.0,5,False,0.3163006078593765,Q5 highest,Q1 least POC
E 89 ST|1|-1|0,1497.007489650641,135884.8927879773,0.36390626723097064,0.1036677965582443,Manhattan,never_treated,,4.0,8,False,0.28352414576716684,Q4,Q1 least POC
E 9 ST|1|-1|0,2486.606449385712,86558.66604597327,0.40168614136071357,0.1950061192327811,Manhattan,never_treated,,20.0,11,False,0.47094819117153636,Q3,Q2
E 9 ST|1|-1|1,1264.8161451459432,166250.0,0.24515096980603882,0.02847324496809033,Manhattan,never_treated,,11.0,2,False,0.2395485123382468,Q5 highest,Q1 least POC
E 90 ST|1|-1|0,4956.044358721272,154596.63921082293,0.3004425124883914,0.1076446325481523,Manhattan,never_treated,,24.0,12,False,0.9386447649093318,Q5 highest,Q1 least POC
E 91 ST|1|-1|0,2038.9013822552245,205134.55591320214,0.21218338382461735,0.05474488168016587,Manhattan,never_treated,,7.0,10,False,0.3861555648210652,Q5 highest,Q1 least POC
E 91 ST|1|-1|1,1463.8001094236674,118812.45187577464,0.3287436018567428,0.14341248253684705,Manhattan,never_treated,,5.0,2,False,0.2772348692090279,Q4,Q1 least POC
E BROADWAY|1|-1|0,261.97555553099454,134583.0,0.8016092945352514,0.18529047824819445,Manhattan,never_treated,,2.0,4,False,0.04961658248693079,Q4,Q4
E HAMPTON BLVD|4|-1|0,416.49811323619747,91421.0,0.7757868136917068,0.0907837278786486,Queens,never_treated,,0.0,1,False,0.07888221841594649,Q3,Q4
E HAMPTON BLVD|4|2017|0,2401.2841972945453,91420.99999999997,0.6815981724803095,0.14036050527279526,Queens,switcher,2017,0.0,10,True,0.4547886737300275,Q3,Q3
E HOUSTON ST|1|-1|0,301.72101405370927,77393.21764209202,0.4996166398398799,0.274133147965535,Manhattan,never_treated,,1.0,4,False,0.05714413144956615,Q3,Q2
E HOUSTON ST|1|-1|1,484.6015943357697,68382.0,0.5153494448073155,0.2766165904637492,Manhattan,never_treated,,0.0,4,False,0.09178060498783516,Q2,Q2
E HOUSTON ST|1|-1|2,125.9298706356656,121389.0,0.46370487901626334,0.09916699722332407,Manhattan,never_treated,,0.0,1,False,0.023850354287057878,Q4,Q2
E L GRANT HWY|2|2020|0,6241.248380907551,37672.23808020404,0.9886356871264594,0.33182354218661325,Bronx,switcher,2020,11.0,26,True,1.182054617596127,Q1 lowest,Q5 most POC
E NEW YORK AV|3|-1|0,8736.256007619882,54180.23715777028,0.8415871942936333,0.2163926477634657,Brooklyn,never_treated,,53.0,36,False,1.6545939408370989,Q2,Q4
E NEW YORK AV|3|-1|1,4387.963397396583,32335.458784171573,0.9670324269451591,0.3603488131194296,Brooklyn,never_treated,,11.0,33,False,0.8310536737493528,Q1 lowest,Q5 most POC
E TREMONT AVE|2|-1|0,5373.140374995409,30560.197923286196,0.9888524100677359,0.36042207320293174,Bronx,never_treated,,98.0,21,False,1.0176402225370091,Q1 lowest,Q5 most POC
E TREMONT AVE|2|-1|1,2381.132494845243,44588.35881031096,0.9931653654827219,0.27690254133626485,Bronx,never_treated,,4.0,19,False,0.45097206341765966,Q1 lowest,Q5 most POC
E TREMONT AV|2|-1|0,1690.5230951379829,25078.18609480177,0.9834119806717964,0.5030487000415134,Bronx,never_treated,,8.0,4,False,0.320174828624618,Q1 lowest,Q5 most POC
E TREMONT AV|2|-1|1,956.5210449835902,38427.98751715938,0.9843998394963097,0.38598526463174704,Bronx,never_treated,,2.0,10,False,0.18115928882264964,Q1 lowest,Q5 most POC
E TREMONT AV|2|-1|2,3154.333931681546,87524.61617892057,0.8032070523538171,0.1494071949090405,Bronx,never_treated,,2.0,8,False,0.5974117294851413,Q3,Q4
E TREMONT AV|2|-1|3,246.37553608095132,46269.0,0.9829005699810005,0.3031416265518115,Bronx,never_treated,,1.0,2,False,0.046662033348665026,Q1 lowest,Q5 most POC
E TREMONT AV|2|-1|4,243.08399614115345,36722.0,0.9935897435897436,0.37927420411371676,Bronx,never_treated,,7.0,1,False,0.046038635632794214,Q1 lowest,Q5 most POC
EAGLE ST|3|-1|0,2007.0077562554707,125142.20274168326,0.41036119343281025,0.1105587670904896,Brooklyn,never_treated,,5.0,3,False,0.3801151053514149,Q4,Q2
EAST 106 STREET|1|-1|0,698.5425499559176,26520.000000000007,0.918136439267887,0.36746252082176567,Manhattan,never_treated,,2.0,3,False,0.13229972537043894,Q1 lowest,Q4
EAST 124 STREET|1|2016|0,755.6329335369201,32729.482131221663,0.9378907766156473,0.2947122039334685,Manhattan,switcher,2016,4.0,7,True,0.14311229801835607,Q1 lowest,Q4
EAST 138 STREET|2|2018|0,71.24976991938726,50565.31667307844,0.8676505099570634,0.30363645738682754,Bronx,switcher,2018,0.0,3,True,0.013494274605944557,Q2,Q4
EAST 138 STREET|2|2018|1,108.05713740076682,22850.0,0.9907578558225508,0.5006941230911615,Bronx,switcher,2018,1.0,4,True,0.02046536693196341,Q1 lowest,Q5 most POC
EAST 145 STREET|2|-1|0,806.1464590480637,34241.55512605274,0.9713845318984546,0.2679885254687132,Bronx,never_treated,,2.0,4,False,0.15267925360758783,Q1 lowest,Q5 most POC
EAST 15 STREET|1|-1|0,604.5449915330666,193958.0,0.3737212276214834,0.09784993418165862,Manhattan,never_treated,,2.0,1,False,0.11449715748732323,Q5 highest,Q2
EAST 16 STREET|1|-1|0,602.1377874467759,193958.0,0.3737212276214834,0.09784993418165862,Manhattan,never_treated,,9.0,1,False,0.11404124762249543,Q5 highest,Q2
EAST 172 STREET|2|-1|0,1518.6313960063062,39775.99999999999,0.9891304347826085,0.3674841053587647,Bronx,never_treated,,2.0,7,False,0.2876195825769519,Q1 lowest,Q5 most POC
EAST 172 STREET|2|-1|1,1209.2788236643999,41500.0,0.991664351208669,0.4,Bronx,never_treated,,2.0,4,False,0.22903008023946966,Q1 lowest,Q5 most POC
EAST 172 STREET|2|-1|2,1037.13253725645,41414.975109204446,0.9714391412115809,0.24626485409815715,Bronx,never_treated,,1.0,4,False,0.19642661690463067,Q1 lowest,Q5 most POC
EAST 172 STREET|2|2023|0,92.99316842941187,39775.99999999999,0.9891304347826085,0.36748410535876475,Bronx,switcher,2023,0.0,3,True,0.01761234250557043,Q1 lowest,Q5 most POC
EAST 173 STREET|2|-1|0,268.10293711778445,51964.0,0.9891459582976294,0.3259747706422018,Bronx,never_treated,,3.0,2,False,0.05077707142382281,Q2,Q5 most POC
EAST 173 STREET|2|-1|1,1498.895882266007,42404.30284636872,0.9925936459650541,0.36887935630683366,Bronx,never_treated,,2.0,4,False,0.28388179588371343,Q1 lowest,Q5 most POC
EAST 173 STREET|2|-1|2,2280.9740476984057,37972.663063047,0.9855843602215456,0.3278227863942318,Bronx,never_treated,,9.0,9,False,0.4320026605489405,Q1 lowest,Q5 most POC
EAST 173 STREET|2|2024|0,100.23610913366949,41500.00000000001,0.9916643512086691,0.4,Bronx,switcher,2024,0.0,3,True,0.018984111578346494,Q1 lowest,Q5 most POC
EAST 174 STREET|2|-1|0,1037.5509683211596,32275.71370066507,0.9727075470941667,0.3572323826527868,Bronx,never_treated,,4.0,4,False,0.19650586521234084,Q1 lowest,Q5 most POC
EAST 175 STREET|2|-1|0,1840.6753156562836,15000.0,0.9806854938902657,0.4397395414905542,Bronx,never_treated,,2.0,6,False,0.34861274917732643,Q1 lowest,Q5 most POC
EAST 176 STREET|2|-1|0,2389.140382818223,29317.486956895333,0.9905305244996414,0.3935539625493312,Bronx,never_treated,,1.0,10,False,0.45248870886708764,Q1 lowest,Q5 most POC
EAST 177 STREET|2|-1|0,193.90616898679494,61328.0,0.9631469315814772,0.22802773746169971,Bronx,never_treated,,0.0,1,False,0.036724653217196014,Q2,Q5 most POC
EAST 179 STREET|2|-1|0,234.45766541308427,24728.0,0.998589562764457,0.5194209039548022,Bronx,never_treated,,0.0,1,False,0.0444048608736902,Q1 lowest,Q5 most POC
EAST 179 STREET|2|-1|1,847.3001270491604,23194.0,0.9897759408309768,0.4111964873765093,Bronx,never_treated,,1.0,3,False,0.16047350891082585,Q1 lowest,Q5 most POC
EAST 179 STREET|2|-1|2,143.00889608359876,26524.0,0.9600060596879261,0.4247665697229451,Bronx,never_treated,,0.0,1,False,0.02708501819765128,Q1 lowest,Q5 most POC
EAST 179 STREET|2|2024|0,1863.282025173592,25695.536739910684,0.9778039520846125,0.4684289518606445,Bronx,switcher,2024,1.0,6,True,0.3528943229495439,Q1 lowest,Q5 most POC
EAST 179 STREET|2|2024|1,3258.11552770641,33502.15622337009,0.9834865648076548,0.313821977457296,Bronx,switcher,2024,9.0,12,True,0.6170673347928807,Q1 lowest,Q5 most POC
EAST 180 STREET|2|-1|0,1286.46764341972,38774.12233362146,0.9922990498606645,0.3603481297424166,Bronx,never_treated,,9.0,6,False,0.24364917489009846,Q1 lowest,Q5 most POC
EAST 180 STREET|2|-1|1,325.63703963232183,26532.928273950536,0.9600279408746473,0.4246938814997336,Bronx,never_treated,,1.0,2,False,0.0616736817485458,Q1 lowest,Q5 most POC
EAST 180 STREET|2|2023|0,1804.8195794847882,25739.62622881879,0.976856776733316,0.46610530975640174,Bronx,switcher,2023,11.0,6,True,0.34182189005393715,Q1 lowest,Q5 most POC
EAST 180 STREET|2|2023|1,4251.870017841258,31525.52929840727,0.9850718372871011,0.3322779908398689,Bronx,switcher,2023,30.0,13,True,0.8052784124699353,Q1 lowest,Q5 most POC
EAST 182 STREET|2|-1|0,466.91252349128905,35427.199915503166,0.9896454751054543,0.40955303352613903,Bronx,never_treated,,1.0,2,False,0.0884304021763805,Q1 lowest,Q5 most POC
EAST 222 STREET|2|-1|0,9105.28676842147,62017.42092666959,0.9784781450814749,0.20826288080038585,Bronx,never_treated,,12.0,28,False,1.7244861303828543,Q2,Q5 most POC
EAST BROADWAY|1|-1|0,4143.334700353419,56082.43034229898,0.6216464902702191,0.2102568003087523,Manhattan,never_treated,,39.0,29,False,0.7847224811275415,Q2,Q3
EAST BURNSIDE AVENUE|2|-1|0,1630.0541969537196,43087.32767001391,0.9729706538746989,0.2706384307724098,Bronx,never_treated,,14.0,11,False,0.3087223857866893,Q1 lowest,Q5 most POC
EAST LOOP RD|1|-1|0,1385.600982517497,180677.0,0.5073295092415551,0.1151495657767771,Manhattan,never_treated,,0.0,5,False,0.2624244285071017,Q5 highest,Q2
EAST MOSHOLU PARKWAY NORTH|2|-1|0,4187.963481151339,47632.61113322455,0.9093502912765278,0.2759976316262043,Bronx,never_treated,,16.0,12,False,0.7931749017332081,Q1 lowest,Q4
EAST MOSHOLU PARKWAY SOUTH|2|-1|0,4002.7320954056245,51881.869327221364,0.8818256723001742,0.23747607233269016,Bronx,never_treated,,8.0,17,False,0.7580931998874288,Q2,Q4
EAST MT EDEN AVENUE|2|-1|0,494.05436385852454,51964.0,0.9891459582976293,0.3259747706422018,Bronx,never_treated,,0.0,2,False,0.09357090224593267,Q2,Q5 most POC
EAST MT EDEN AVENUE|2|-1|1,710.690383533649,37800.39664498036,0.9791536361412635,0.34362011111308427,Bronx,never_treated,,0.0,6,False,0.13460045142682744,Q1 lowest,Q5 most POC
EAST RIVER ESPLANADE|1|-1|0,47.843148076024484,96912.00000000001,0.627302786962683,0.25,Manhattan,never_treated,,0.0,1,False,0.00906120228712585,Q3,Q3
EAST TREMONT AVENUE|2|-1|0,203.6334845912902,52092.0,0.99252536038441,0.2733582487987186,Bronx,never_treated,,1.0,3,False,0.038566947839259506,Q2,Q5 most POC
EAST TREMONT AVENUE|2|-1|1,299.7759501915315,24823.0,0.9800995024875621,0.5188916876574307,Bronx,never_treated,,6.0,2,False,0.056775748142335505,Q1 lowest,Q5 most POC
EAST TREMONT AVENUE|2|-1|2,73.75399579592023,36722.0,0.9935897435897437,0.37927420411371676,Bronx,never_treated,,0.0,1,False,0.013968559809833378,Q1 lowest,Q5 most POC
EAST TREMONT AVENUE|2|-1|3,50.578941163069025,24728.0,0.998589562764457,0.5194209039548022,Bronx,never_treated,,9.0,1,False,0.009579344917247922,Q1 lowest,Q5 most POC
EASTCHESTER RD|2|-1|0,9808.02395317085,89050.1214619637,0.9269693756435543,0.11711912946511263,Bronx,never_treated,,15.0,35,False,1.857580294161146,Q3,Q4
ED KOCH QUEENSBORO BR|1|1900|0,287.4837516872468,163371.0,0.3853211009174312,0.026571702506505958,Manhattan,always_treated,1900,0.0,4,True,0.054447680243796745,Q5 highest,Q2
EDGECOMBE AV|1|-1|0,2694.164412386474,65632.212089897,0.8634768434843432,0.1388552559218325,Manhattan,never_treated,,9.0,11,False,0.5102584114368321,Q2,Q4
EDGECOMBE AV|1|2015|0,1658.1956049207633,87917.0,0.8230842005676443,0.04019138755980862,Manhattan,switcher,2015,0.0,5,True,0.3140521979016597,Q3,Q4
EDGEWATER RD|2|2023|0,97.44120824561125,47402.0,1.0,0.12533062054933877,Bronx,switcher,2023,0.0,2,True,0.018454774288941524,Q1 lowest,Q5 most POC
EDSON AVE|2|-1|0,194.55566831086466,87762.99999999999,0.9674167153711279,0.09725315515961397,Bronx,never_treated,,0.0,2,False,0.036847664452815274,Q3,Q5 most POC
ELDER AV|4|-1|0,1758.2878454888096,56311.71169779549,0.957068696122208,0.3221669150437441,Queens,never_treated,,0.0,4,False,0.3330090616456079,Q2,Q5 most POC
ELDRIDGE ST|1|-1|0,615.7469890233928,40951.371227212854,0.7996232828479751,0.172434933899786,Manhattan,never_treated,,2.0,2,False,0.11661874792109711,Q1 lowest,Q4
ELIOT AVE|4|2016|0,143.0627646283676,99719.00000000001,0.6703470031545742,0.1302388463271744,Queens,switcher,2016,2.0,7,True,0.02709522057355447,Q3,Q3
ELIOT AV|4|-1|0,7622.150761275024,94521.96694777011,0.4408936119933044,0.08330687540416676,Queens,never_treated,,20.0,42,False,1.4435891593323908,Q3,Q2
ELLIS AVENUE|2|-1|0,1255.647288133989,56208.0,0.9392515522738715,0.22033898305084745,Bronx,never_treated,,2.0,2,False,0.23781198638901305,Q2,Q4
ELMHURST AV|4|-1|0,7332.009933437516,65234.6266837116,0.9562345966654582,0.1445007444182612,Queens,never_treated,,26.0,17,False,1.3886382449692265,Q2,Q5 most POC
EMMONS AV|3|-1|0,4837.761347419743,67455.83858317738,0.3661132813444156,0.17135443422326915,Brooklyn,never_treated,,5.0,33,False,0.9162426794355575,Q2,Q1 least POC
EMMONS AV|3|-1|1,275.71701029138495,66313.0,0.36996336996337,0.20421052631578948,Brooklyn,never_treated,,0.0,2,False,0.052219130737004724,Q2,Q1 least POC
EMMONS AV|3|2022|0,6170.8590386459455,67483.11818028755,0.36602137959388875,0.17057015815130935,Brooklyn,switcher,2022,3.0,36,True,1.1687233027738533,Q2,Q1 least POC
EMPIRE BLVD|3|-1|0,9446.253076675284,68173.75900774059,0.6823607251008079,0.19540035700975963,Brooklyn,never_treated,,71.0,15,False,1.7890630827036524,Q2,Q3
ENGERT AVENUE|3|-1|0,1034.0525059971728,123223.722405878,0.23886945453951758,0.04539946805326436,Brooklyn,never_treated,,1.0,5,False,0.1958432776509797,Q4,Q1 least POC
ERSKINE STREET|3|-1|0,567.6964952116862,60919.00000000001,0.980392156862745,0.14800099329525704,Brooklyn,never_treated,,0.0,9,False,0.1075182756082739,Q2,Q5 most POC
ERSKINE ST|3|-1|0,243.84683447737865,60919.00000000001,0.9803921568627452,0.14800099329525704,Brooklyn,never_treated,,1.0,6,False,0.04618311259041262,Q2,Q5 most POC
ESPLANADE|2|-1|0,48.694290043871206,55550.45052096579,0.6874445283915885,0.11140753273858878,Bronx,never_treated,,0.0,1,False,0.00922240341739985,Q2,Q3
ESPLANADE|2|2024|0,219.42580242429028,55486.0,0.6881621372639337,0.11145996860282574,Bronx,switcher,2024,0.0,1,True,0.041557917125812555,Q2,Q3
EVERGREEN AV|3|-1|0,11632.365502140685,73696.79090130703,0.7766179154448435,0.2266533518686875,Brooklyn,never_treated,,81.0,54,False,2.2030995269205844,Q3,Q4
EXTERIOR STREET|2|-1|0,1303.5605968796813,37433.0,0.9790589451913135,0.4111543450064851,Bronx,never_treated,,0.0,4,False,0.2468864766817578,Q1 lowest,Q5 most POC
F D R DR|1|-1|0,117.75421590989491,96912.0,0.627302786962683,0.25,Manhattan,never_treated,,0.0,2,False,0.02230193483141949,Q3,Q3
F D R DR|1|2003|0,785.9793433548303,96912.0,0.627302786962683,0.25,Manhattan,always_treated,2003,0.0,7,True,0.14885972412023302,Q3,Q3
FAHY AVENUE|5|-1|0,420.434306862934,107292.0,0.41076363636363633,0.06894545454545455,Staten Island,never_treated,,0.0,1,False,0.07962770963313144,Q4,Q2
FARRAGUT ROAD|3|-1|0,4188.1871221935435,78017.80318821591,0.8466171956913079,0.10194034008720168,Brooklyn,never_treated,,20.0,11,False,0.7932172579912015,Q3,Q4
FATHER CAPODANNO BOULEVARD|5|2025|0,2563.9972387938765,76068.0,0.7203880055086089,0.0629984356722956,Staten Island,treated_after_window,2025,0.0,8,False,0.4856055376503554,Q3,Q3
FELTON STREET|5|-1|0,1320.1753925679195,107292.0,0.4107636363636363,0.06894545454545455,Staten Island,never_treated,,0.0,5,False,0.2500332182893787,Q4,Q2
FERRIS ST|3|-1|0,1301.0320786406453,166302.00000000003,0.39073129251700683,0.0840443686006826,Brooklyn,never_treated,,1.0,5,False,0.24640759065163736,Q5 highest,Q2
FERRY TERMINAL RAMP C|5|2018|0,833.0600938331869,74258.0,0.5656612529002322,0.21398404504927265,Staten Island,switcher,2018,0.0,7,True,0.15777653292295207,Q3,Q3
FERRY TERMINAL VIADUCT|5|2019|0,958.1037904359406,74258.00000000001,0.5656612529002322,0.21398404504927268,Staten Island,switcher,2019,0.0,5,True,0.18145905121892814,Q3,Q3
FINDLAY AVENUE|2|-1|0,3385.5288211422035,33520.26150757717,0.9704092025193974,0.34835574351562243,Bronx,never_treated,,2.0,22,False,0.6411986403678416,Q1 lowest,Q5 most POC
FLATBUSH AV|3|-1|0,271.0199836269394,92757.0,0.7474808544941557,0.17150342603788793,Brooklyn,never_treated,,9.0,2,False,0.051329542353587006,Q3,Q3
FLATBUSH AV|3|-1|1,276.620863847644,61500.43550290963,0.9282208885354329,0.15565357304457467,Brooklyn,never_treated,,1.0,2,False,0.05239031512265985,Q2,Q4
FLUSHING AVENUE|4|-1|0,521.8100696224977,88585.0,0.6917792534920999,0.08232056867690897,Queens,never_treated,,8.0,2,False,0.09882766470123064,Q3,Q3
FLUSHING AV|3|-1|0,3988.916561475699,87848.64321353,0.7334922118493531,0.12404682315252843,Brooklyn,never_treated,,61.0,15,False,0.7554766214916097,Q3,Q3
FLUSHING AV|3|-1|1,67.82748110564661,80460.50000000001,0.40949287631647935,0.29117043168496937,Brooklyn,never_treated,,9.0,1,False,0.012846113845766404,Q3,Q2
FLUSHING AV|3|-1|2,1649.3807073001062,65346.591869361095,0.13797880670132937,0.3604417176707355,Brooklyn,never_treated,,36.0,10,False,0.3123827097159292,Q2,Q1 least POC
FLUSHING AV|3|2010|0,1369.8508158304135,87850.0,0.7334869431643625,0.12403993855606758,Brooklyn,always_treated,2010,7.0,5,True,0.25944144239212374,Q3,Q3
FOLIN STREET|2|-1|0,525.6069984421682,26837.0,1.0,0.3366523143164693,Bronx,never_treated,,0.0,1,False,0.0995467800079864,Q1 lowest,Q5 most POC
FOREST PARK DR E|4|-1|0,1447.6254653184399,101750.0,0.48066298342541436,0.05662983425414365,Queens,never_treated,,0.0,3,False,0.2741714896436439,Q4,Q2
FOREST PARK DR W|4|-1|0,3825.2133384283825,84291.0,0.3780634793089595,0.037037037037037035,Queens,never_treated,,6.0,14,False,0.7244722231871936,Q3,Q2
FORLEY ST|4|-1|0,1135.0842463976608,74712.3784424977,0.9350313836541462,0.13711266027807933,Queens,never_treated,,1.0,3,False,0.21497807696925395,Q3,Q4
FORSYTH ST|1|-1|0,726.8942496572519,41868.80302956185,0.7936278611870821,0.16209517286516686,Manhattan,never_treated,,2.0,3,False,0.1376693654653886,Q1 lowest,Q4
FORT GEORGE HILL|1|2015|0,98.10518092376722,67417.0,0.8222356495468278,0.17914634146341463,Manhattan,switcher,2015,1.0,1,True,0.01858052669010743,Q2,Q4
FOSTER AVENUE|3|-1|0,7184.643268513657,72405.62433692657,0.6965624581133399,0.1498354109023541,Brooklyn,never_treated,,38.0,24,False,1.3607278917639503,Q2,Q3
FOSTER AV|3|-1|0,62.9946931824383,63444.97947020201,0.8925117815011255,0.19981559209143243,Brooklyn,never_treated,,0.0,1,False,0.011930813102734526,Q2,Q4
FOSTER AV|3|-1|1,134.4717126779246,48112.03350795598,0.48026421982335976,0.14215563918648105,Brooklyn,never_treated,,2.0,2,False,0.02546812740112208,Q1 lowest,Q2
FOUNTAIN AVENUE|3|-1|0,56.45801162667597,57055.0,1.0,0.21291666666666664,Brooklyn,never_treated,,0.0,2,False,0.010692805232324994,Q2,Q5 most POC
FOUNTAIN AVENUE|3|2017|0,57.2302720555341,57055.0,1.0,0.21291666666666667,Brooklyn,switcher,2017,0.0,1,True,0.010839066677184489,Q2,Q5 most POC
FOUNTAIN AVENUE|3|2025|0,82.41423921944205,71574.30423546727,0.9932562732099992,0.16574776816499956,Brooklyn,treated_after_window,2025,0.0,2,False,0.01560875742792463,Q2,Q5 most POC
FOUNTAIN AV|3|-1|0,334.15202374080025,46613.28895311848,0.9969042721878396,0.33382753041190694,Brooklyn,never_treated,,0.0,11,False,0.06328636813272732,Q1 lowest,Q5 most POC
FOUNTAIN AV|3|-1|1,1530.3827409188593,60919.0,0.9803921568627451,0.14800099329525704,Brooklyn,never_treated,,0.0,8,False,0.2898452160831173,Q2,Q5 most POC
FOUNTAIN AV|3|-1|2,939.2298395382654,59949.99179725631,0.9854211599161464,0.2493522212463027,Brooklyn,never_treated,,1.0,2,False,0.17788443930648967,Q2,Q5 most POC
FOUNTAIN AV|3|-1|3,85.30117258837325,58756.03732258719,0.991368097051784,0.1843390312563023,Brooklyn,never_treated,,0.0,2,False,0.016155525111434327,Q2,Q5 most POC
FOUNTAIN AV|3|-1|4,50.98030548016014,17708.0,1.0,0.5403533906399236,Brooklyn,never_treated,,0.0,1,False,0.009655360886393965,Q1 lowest,Q5 most POC
FOUNTAIN AV|3|2019|0,1636.1078978651194,57444.43464063502,0.9932527810518288,0.301388491978912,Brooklyn,switcher,2019,4.0,35,True,0.309868920050212,Q2,Q5 most POC
FOUNTAIN AV|3|2019|1,3617.076261308217,59139.741051104116,0.9727527680915572,0.185678954802227,Brooklyn,switcher,2019,0.0,20,True,0.6850523222174654,Q2,Q5 most POC
FOUNTAIN AV|3|2019|2,383.56396283143954,17707.999999999996,1.0,0.5403533906399235,Brooklyn,switcher,2019,0.0,11,True,0.07264468993019688,Q1 lowest,Q5 most POC
FOUNTAIN AV|3|2019|3,1166.139681928146,85011.0,0.9870195978620514,0.12290809327846366,Brooklyn,switcher,2019,0.0,2,True,0.22085978824396704,Q3,Q5 most POC
FOUNTAIN AV|3|2019|4,1295.653641575932,75881.0,0.9910055350553506,0.10352014821676704,Brooklyn,switcher,2019,2.0,3,True,0.24538894726816893,Q3,Q5 most POC
FOUNTAIN AV|3|2019|5,1167.1617213662844,57055.0,1.0,0.21291666666666667,Brooklyn,switcher,2019,1.0,2,True,0.22105335631937204,Q2,Q5 most POC
FR CAPODANNO BLVD|5|-1|0,1112.9810473051748,73677.99999999999,0.46113572291582755,0.15097037793667006,Staten Island,never_treated,,1.0,6,False,0.21079186501991948,Q3,Q2
FRANCIS LEWIS BLVD|4|-1|0,4900.264135669269,118248.50947485972,0.9916088119292928,0.026885860016920834,Queens,never_treated,,3.0,24,False,0.9280803287252404,Q4,Q5 most POC
FRANKFORT ST|1|-1|0,767.0971975313648,119293.0,0.47545654707939394,0.07519110493398193,Manhattan,never_treated,,2.0,7,False,0.14528356013851607,Q4,Q2
FRANKFORT ST|1|2019|0,497.2523147767466,119292.99999999999,0.4754565470793939,0.07519110493398193,Manhattan,switcher,2019,0.0,4,True,0.09417657476832321,Q4,Q2
FRANKFORT ST|1|2025|0,309.14095964817733,119293.0,0.4754565470793939,0.07519110493398193,Manhattan,treated_after_window,2025,1.0,4,False,0.05854942417579116,Q4,Q2
FRANKLIN AVENUE|3|-1|0,2702.264301051366,97826.22524158172,0.6646765566578468,0.16124724896947948,Brooklyn,never_treated,,31.0,10,False,0.5117924812597284,Q3,Q3
FRANKLIN AVE|3|-1|0,3395.4845026422945,82791.65868536288,0.800412407342353,0.21297299603261194,Brooklyn,never_treated,,32.0,8,False,0.6430841861064952,Q3,Q4
FRANKLIN AV|2|-1|0,660.5841483998389,41311.0,0.9646125686394142,0.3726027397260274,Bronx,never_treated,,1.0,2,False,0.12511063416663615,Q1 lowest,Q5 most POC
FRANKLIN AV|3|-1|0,8349.106301788817,88558.48144761127,0.4170951530480673,0.29327393018030334,Brooklyn,never_treated,,125.0,35,False,1.5812701329145487,Q3,Q2
FRANKLIN AV|3|2020|0,741.1422857282106,146061.2281300275,0.30283869473634106,0.06007904494420393,Brooklyn,switcher,2020,9.0,4,True,0.14036785714549443,Q5 highest,Q1 least POC
FRANKLIN D ROOSEVELT DRIVE|1|-1|0,866.0835274840761,80870.74708248493,0.49340620773826444,0.11363047399274223,Manhattan,never_treated,,1.0,3,False,0.16403097111440834,Q3,Q2
FRANKLIN D ROOSEVELT DR|1|-1|0,152.1838301519919,96912.0,0.627302786962683,0.25,Manhattan,never_treated,,0.0,1,False,0.028822695104543924,Q3,Q3
FRANKLIN D ROOSEVELT DR|1|2019|0,650.6788143923014,96912.0,0.6273027869626832,0.25,Manhattan,switcher,2019,0.0,3,True,0.12323462393793588,Q3,Q3
FRANKLIN D ROOSEVELT DR|1|2019|1,292.27057280471814,96912.0,0.627302786962683,0.25,Manhattan,switcher,2019,0.0,3,True,0.05535427515240874,Q3,Q3
FRANKLIN STREET|3|-1|0,113.43037583895416,146250.0,0.30224904004388375,0.06016079844746327,Brooklyn,never_treated,,0.0,1,False,0.021483025727074653,Q5 highest,Q1 least POC
FRANKLIN ST|3|-1|0,3640.272758015968,123136.46165415893,0.34081959508463733,0.08252933156042869,Brooklyn,never_treated,,62.0,15,False,0.6894455981090849,Q4,Q1 least POC
FRED DOUGLASS BLVD|1|-1|0,3431.81292536442,76765.78284140574,0.7319123736374944,0.18227125727834229,Manhattan,never_treated,,111.0,12,False,0.6499645691978069,Q3,Q3
FRED DOUGLASS CIR|1|-1|0,280.7716283879524,59809.97426399153,0.7757380189227423,0.2034269860086596,Manhattan,never_treated,,4.0,3,False,0.05317644477044552,Q2,Q4
FREDERICK DOUGLASS CR|1|-1|0,284.4389067728452,86641.40740532076,0.7129355938703251,0.2087708002299758,Manhattan,never_treated,,0.0,2,False,0.05387100507061462,Q3,Q3
FREEDOM PLACE SOUTH|1|-1|0,531.0752516503537,158593.0,0.5681901727729446,0.14115917167013847,Manhattan,never_treated,,0.0,2,False,0.10058243402468821,Q5 highest,Q3
FREEMAN STREET|3|-1|0,675.5162112861861,140781.0,0.5442443226311668,0.24075531077891424,Brooklyn,never_treated,,0.0,1,False,0.1279386763799595,Q4,Q3
FREEMAN STREET|3|2024|0,60.303528729708106,140781.0,0.5442443226311668,0.24075531077891424,Brooklyn,switcher,2024,0.0,2,True,0.01142112286547502,Q4,Q3
FREEMAN ST|2|-1|0,816.5541704988955,43156.63855242008,0.9992831796343127,0.19212874851025655,Bronx,never_treated,,5.0,3,False,0.15465041107933628,Q1 lowest,Q5 most POC
FREEMAN ST|3|-1|0,2062.7688578950497,139432.0234162827,0.3943622100112295,0.11278689950669653,Brooklyn,never_treated,,7.0,3,False,0.39067592005588064,Q4,Q2
FRESH POND ROAD|4|-1|0,1445.257549074595,97619.78104091372,0.4964198212357981,0.08064270558172068,Queens,never_treated,,7.0,6,False,0.27372302065806725,Q3,Q2
FRONT STREET|3|-1|0,1140.8595588443116,250001.00000000006,0.2817446951835635,0.07106769956214215,Brooklyn,never_treated,,2.0,9,False,0.21607188614475598,Q5 highest,Q1 least POC
FRONT ST|3|-1|0,444.4497979506018,248822.12421541693,0.28269929226148677,0.0707156482091148,Brooklyn,never_treated,,2.0,4,False,0.08417609809670488,Q5 highest,Q1 least POC
FRONT ST|5|-1|0,1896.9596864835335,47005.50957557685,0.6511128514948866,0.29068996362487637,Staten Island,never_treated,,3.0,11,False,0.3592726678946086,Q1 lowest,Q3
FT GEORGE AV|1|-1|0,271.34568130326704,37681.0,0.8858006912442397,0.26911953727506427,Manhattan,never_treated,,1.0,1,False,0.05139122751955815,Q1 lowest,Q4
FT GEORGE AV|1|2022|0,1351.2434413677718,37681.0,0.8858006912442397,0.26911953727506427,Manhattan,switcher,2022,0.0,6,True,0.25591731844086585,Q1 lowest,Q4
FT GEORGE HILL|1|2015|0,2262.93941887161,55692.568823469446,0.8472983330487984,0.21462133951379778,Manhattan,switcher,2015,1.0,5,True,0.42858701114992614,Q2,Q4
FT HAMILTON PARKWAY|3|-1|0,3830.0809038102407,90136.37259143054,0.5124547268539472,0.12852254875357885,Brooklyn,never_treated,,11.0,16,False,0.7253941105701214,Q3,Q2
FT HAMILTON PKWY|3|-1|0,508.96761295563357,79022.0,0.5350344268934791,0.09275010125556905,Brooklyn,never_treated,,2.0,1,False,0.09639538124159727,Q3,Q3
FT HAMILTON PKWY|3|2009|0,1214.0344303922093,132247.35452453545,0.4324063518924513,0.08489545145077941,Brooklyn,always_treated,2009,0.0,9,True,0.22993076333185783,Q4,Q2
FT HAMILTON PKWY|3|2021|0,1484.0984782794324,113780.0,0.3818604651162791,0.05813953488372094,Brooklyn,switcher,2021,8.0,5,True,0.28107925724989247,Q4,Q2
FT WASHINGTON AV|1|-1|0,10826.65964567043,82806.4368419053,0.643366532265381,0.1364469809562169,Manhattan,never_treated,,85.0,42,False,2.050503720770915,Q3,Q3
FULTON AVENUE|2|-1|0,3734.2827908499694,47246.89937956631,0.9955587154354144,0.2878826632170218,Bronx,never_treated,,12.0,14,False,0.70725052857007,Q1 lowest,Q5 most POC
FULTON ST|1|-1|0,463.26802521316574,199576.0,0.37996297058218476,0.05657272166220942,Manhattan,never_treated,,1.0,1,False,0.0877401562903723,Q5 highest,Q2
FULTON ST|3|-1|0,343.2040628648857,123107.00000000001,0.535175879396985,0.10315907184791726,Brooklyn,never_treated,,16.0,2,False,0.06500076948198594,Q4,Q3
G WASHINGTON BR|1|1936|0,3343.2739845165315,71303.28797124207,0.7622394606053752,0.16906672902567654,Manhattan,always_treated,1936,0.0,19,True,0.6331958304008583,Q2,Q4
GANSEVOORT STREET|1|-1|0,422.60891804061964,161094.0,0.19172800560813175,0.06747283561163687,Manhattan,never_treated,,0.0,1,False,0.08003956781072341,Q5 highest,Q1 least POC
GANSEVOORT STREET|1|-1|1,895.2176334784074,127188.00000000001,0.25599620042745186,0.07361671811921158,Manhattan,never_treated,,0.0,3,False,0.16954879421939534,Q4,Q1 least POC
GANSEVOORT STREET|1|2025|0,136.61217812750206,127188.0,0.25599620042745186,0.07361671811921158,Manhattan,treated_after_window,2025,0.0,4,False,0.025873518584754177,Q4,Q1 least POC
GANSEVOORT ST|1|-1|0,293.831320127049,127187.99999999999,0.2559962004274518,0.07361671811921158,Manhattan,never_treated,,0.0,2,False,0.05564987123618353,Q4,Q1 least POC
GARNET STREET|3|-1|0,608.0990616336398,194212.8558195221,0.21055708311794918,0.03814537467097363,Brooklyn,never_treated,,3.0,3,False,0.115170276824553,Q5 highest,Q1 least POC
GARRISON AV|2|-1|0,4751.480262761461,39027.99866358862,0.9549198482270423,0.33485698182343904,Bronx,never_treated,,9.0,16,False,0.8999015649169433,Q1 lowest,Q5 most POC
GERARD AV|2|-1|0,8521.296612726352,47378.986132905666,0.885211728383409,0.3488798811164684,Bronx,never_treated,,21.0,35,False,1.6138819342284756,Q1 lowest,Q4
GERRITSEN AV|3|-1|0,7944.728373442614,89470.88010628986,0.3839011809199222,0.11240549188747034,Brooklyn,never_treated,,17.0,21,False,1.504683404061101,Q3,Q2
GERRITSEN AV|3|2017|0,4881.662391118926,108227.0,0.24188851913477538,0.03410981697171381,Brooklyn,switcher,2017,2.0,12,True,0.9245572710452512,Q4,Q1 least POC
GLEASON AVENUE|2|-1|0,5158.555555756541,52799.52788657693,0.960966330634569,0.256949901728566,Bronx,never_treated,,14.0,15,False,0.9769991582872237,Q2,Q5 most POC
GOETHALS ROAD NORTH|5|2023|0,2624.66539271962,88558.0,0.9037952338923212,0.049426301853486315,Staten Island,switcher,2023,0.0,2,True,0.49709571831810984,Q3,Q4
GOLD STREET|3|-1|0,247.7132167167008,250001.0,0.2817446951835635,0.07106769956214214,Brooklyn,never_treated,,0.0,1,False,0.04691538195392061,Q5 highest,Q1 least POC
GOLD STREET|3|2009|0,42.72708608941437,21841.0,0.9898136645962733,0.4589823468328141,Brooklyn,always_treated,2009,6.0,2,True,0.008092251153298176,Q1 lowest,Q5 most POC
GOLD ST|1|-1|0,1453.116415513047,135800.39035261702,0.43450075759170576,0.08140613042573944,Manhattan,never_treated,,14.0,10,False,0.2752114423320165,Q4,Q2
GOULDEN AV|2|-1|0,4916.003471661508,58466.0,0.8364161849710984,0.05173410404624278,Bronx,never_treated,,4.0,8,False,0.9310612635722554,Q2,Q4
GRAFTON ST|3|-1|0,74.17410750992252,33889.0,0.9474258289703315,0.4018324607329843,Brooklyn,never_treated,,0.0,1,False,0.014048126422333811,Q1 lowest,Q5 most POC
GRAND AVE|4|-1|0,3209.9499231756267,63925.64452638149,0.7612530661546527,0.1578855215186042,Queens,never_treated,,15.0,12,False,0.607945061207505,Q2,Q4
GRAND AV|2|-1|0,6634.528917052412,48335.042620067514,0.982704215031807,0.24081227782433107,Bronx,never_treated,,16.0,19,False,1.256539567623563,Q2,Q5 most POC
GRAND AV|4|-1|0,3809.7884147987784,79708.6215638228,0.91647889261898,0.09295506526174696,Queens,never_treated,,27.0,27,False,0.7215508361361322,Q3,Q4
GRAND CENTRAL PARKWAY|4|2023|0,1642.8345613461179,106964.00000000001,0.8498293515358363,0.09463233012721069,Queens,switcher,2023,0.0,3,True,0.31114290934585564,Q4,Q4
GRAND CONCOURSE|2|-1|0,8812.993980595744,49738.704273465795,0.9578746163443764,0.25952288942226703,Bronx,never_treated,,32.0,65,False,1.669127647840103,Q2,Q5 most POC
GRAND CONCOURSE|2|-1|1,348.47277987456863,33412.0,0.9420411591768164,0.47917555081734187,Bronx,never_treated,,0.0,3,False,0.06599863255200164,Q1 lowest,Q4
GRAND CONCOURSE|2|-1|2,6737.657962016023,47157.4713742308,0.9489287118014498,0.26629172952483043,Bronx,never_treated,,8.0,51,False,1.2760715837151557,Q1 lowest,Q5 most POC
GRAND CONCOURSE|2|-1|3,7746.428393119256,36898.33386287238,0.9771978614471735,0.3745998310540083,Bronx,never_treated,,25.0,57,False,1.4671265896059196,Q1 lowest,Q5 most POC
GRAND CONCOURSE|2|-1|4,6480.338234320416,38279.761879000616,0.9508380248171886,0.2830654101289686,Bronx,never_treated,,23.0,48,False,1.227336786803109,Q1 lowest,Q5 most POC
GRAND CONCOURSE|2|2021|0,404.5244102343621,33412.00000000001,0.9420411591768165,0.47917555081734187,Bronx,switcher,2021,2.0,2,True,0.07661447163529585,Q1 lowest,Q4
GRAND CONCOURSE|2|2021|1,302.0761061120361,33412.0,0.9420411591768165,0.479175550817342,Bronx,switcher,2021,0.0,3,True,0.05721138373334017,Q1 lowest,Q4
GRAND CONCOURSE|2|2023|0,6057.379429345325,31819.268403177393,0.989349487608966,0.40240118179336926,Bronx,switcher,2023,0.0,50,True,1.1472309525275237,Q1 lowest,Q5 most POC
GRAND CONCOURSE|2|2023|1,6089.878494926871,49547.890045170534,0.9887044481619073,0.2717260646662231,Bronx,switcher,2023,3.0,50,True,1.1533860785846346,Q2,Q5 most POC
GRAND STREET|1|-1|0,1644.4111492015224,70588.87859085444,0.5679147032973795,0.18877109728294325,Manhattan,never_treated,,12.0,8,False,0.31144150553059136,Q2,Q3
GRAND ST|1|-1|0,534.1799772284435,90186.00829496905,0.3478265321029856,0.08844690596223312,Manhattan,never_treated,,5.0,3,False,0.10117045023265975,Q3,Q1 least POC
GRAND ST|1|-1|1,1537.9792522245332,61002.18419234395,0.7259014566246382,0.11944504439616581,Manhattan,never_treated,,51.0,8,False,0.29128394928494944,Q2,Q3
GRAND ST|1|2008|0,3916.473794062184,136886.63685739745,0.36670800997883013,0.08750244693612261,Manhattan,always_treated,2008,15.0,17,True,0.7417564003905651,Q4,Q1 least POC
GRAND ST|1|2023|0,1705.796729632906,74166.11830014786,0.500596274147505,0.1456073617912799,Manhattan,switcher,2023,7.0,9,True,0.32306756243047463,Q3,Q2
GRAND ST|3|2018|0,4436.732271414315,117398.44448451955,0.4621370831832279,0.1752514614107558,Brooklyn,switcher,2018,80.0,9,True,0.8402902029193778,Q4,Q2
GRAND ST|3|2019|0,1746.7170375456185,104538.44135754973,0.544533782429665,0.13281007417164864,Brooklyn,switcher,2019,22.0,5,True,0.3308176207472762,Q4,Q3
GRATTAN ST|3|-1|0,1382.0469188319696,61420.0,0.7341322680869952,0.4458855098389983,Brooklyn,never_treated,,3.0,3,False,0.26175131038484273,Q2,Q3
GREAT JONES ST|1|-1|0,1261.8504109556081,148734.92866926655,0.3881005038581092,0.12461384453658833,Manhattan,never_treated,,17.0,6,False,0.23898682025674398,Q5 highest,Q2
GREEN STREET|3|-1|0,657.8813176424401,140781.0,0.5442443226311668,0.24075531077891424,Brooklyn,never_treated,,0.0,1,False,0.12459873440197729,Q4,Q3
GREEN STREET|3|-1|1,2090.8399178740333,139422.25900999582,0.39418115666450404,0.11278206951013363,Brooklyn,never_treated,,6.0,3,False,0.3959924086882639,Q4,Q2
GREEN STREET|3|2024|0,50.81883201015801,140781.0,0.5442443226311668,0.24075531077891424,Brooklyn,switcher,2024,0.0,2,True,0.009624778789802654,Q4,Q3
GREENPOINT AV BRIDGE|3|2015|0,640.3486018638029,100938.00000000001,0.10214446952595933,0.05699774266365688,Brooklyn,switcher,2015,0.0,4,True,0.12127814429238691,Q4,Q1 least POC
GREENPOINT AVE|3|-1|0,2167.9592768638213,122602.28348631914,0.3109388555781931,0.08376700039939985,Brooklyn,never_treated,,27.0,6,False,0.41059834789087524,Q4,Q1 least POC
GREENPOINT AV|3|-1|0,2561.923737367923,137406.4665673829,0.5068003366145858,0.2251918226605157,Brooklyn,never_treated,,30.0,10,False,0.4852128290469551,Q4,Q2
GREENPOINT AV|4|-1|0,8376.748128357713,78258.71695739235,0.7315708656339956,0.14758645569431308,Queens,never_treated,,75.0,28,False,1.586505327340476,Q3,Q3
GREENWICH AVENUE|1|-1|0,1434.0671329575487,169724.41788064947,0.25248892821236907,0.06603292814687978,Manhattan,never_treated,,16.0,6,False,0.2716036236662024,Q5 highest,Q1 least POC
GREENWICH STREET|1|-1|0,1085.8595041069118,127187.64095581643,0.25599396903682053,0.07361680641383382,Manhattan,never_treated,,2.0,5,False,0.20565520911115753,Q4,Q1 least POC
GREENWICH ST|1|-1|0,4340.862274254405,202290.96547874692,0.2660777985364999,0.056084176495011184,Manhattan,never_treated,,11.0,21,False,0.8221330064875767,Q5 highest,Q1 least POC
GREENWICH ST|1|-1|1,711.136684037964,199576.0,0.37996297058218476,0.05657272166220941,Manhattan,never_treated,,2.0,3,False,0.13468497803749319,Q5 highest,Q2
GREENWICH ST|1|-1|2,432.46978867188807,161094.00000000003,0.19172800560813177,0.06747283561163687,Manhattan,never_treated,,2.0,2,False,0.08190715694543335,Q5 highest,Q1 least POC
GREENWICH ST|1|-1|3,229.59323651600369,250001.0,0.36536082474226805,0.010309278350515464,Manhattan,never_treated,,3.0,1,False,0.0434835675219704,Q5 highest,Q1 least POC
GREENWICH ST|1|2018|0,258.00199613416174,161094.00000000003,0.19172800560813175,0.06747283561163687,Manhattan,switcher,2018,0.0,2,True,0.04886401441934882,Q5 highest,Q1 least POC
GRENADA PL|2|-1|0,254.15989186371974,87763.0,0.9674167153711279,0.09725315515961395,Bronx,never_treated,,0.0,1,False,0.048136343156007524,Q3,Q5 most POC
GRENFELL ST|4|-1|0,74.19922741568868,100750.0,0.41376104137610414,0.055323105532310554,Queens,never_treated,,0.0,1,False,0.014052883980244069,Q4,Q2
GUILFORD ST|5|-1|0,457.2015347356306,73678.0,0.4611357229158276,0.15097037793667006,Staten Island,never_treated,,0.0,1,False,0.0865911997605361,Q3,Q2
GULF AV|5|2020|0,2386.1875231513277,99458.00000000001,0.4084778420038536,0.07450224791265253,Staten Island,switcher,2020,0.0,6,True,0.45192945514229693,Q3,Q2
GUYON AV|5|-1|0,4632.604151516917,114822.37222744516,0.238715424199879,0.07931131957633043,Staten Island,never_treated,,3.0,19,False,0.8773871499085071,Q4,Q1 least POC
HALL OF FAME TERRACE|2|-1|0,1325.0256407404108,39250.6266619786,0.9926231999265483,0.2858158621832538,Bronx,never_treated,,1.0,5,False,0.25095182589780507,Q1 lowest,Q5 most POC
HALLECK ST|3|-1|0,548.3725553390758,129659.0,0.5376344086021506,0.043010752688172046,Brooklyn,never_treated,,0.0,2,False,0.1038584385111886,Q4,Q3
HAMILTON AVENUE|3|2026|0,585.315130334742,129659.0,0.5376344086021505,0.043010752688172046,Brooklyn,treated_after_window,2026,1.0,4,False,0.11085513832097386,Q4,Q3
HAMILTON AV|3|-1|0,327.6545142046759,178040.99999999997,0.22138738423903548,0.02638937434463474,Brooklyn,never_treated,,0.0,6,False,0.06205577920543104,Q5 highest,Q1 least POC
HANCOCK ST|3|-1|0,5433.969973686959,74445.28031211294,0.8156104013564682,0.17812043876402198,Brooklyn,never_treated,,21.0,8,False,1.0291609798649544,Q3,Q4
HANCOCK ST|4|-1|0,1473.3769254244016,84315.00000000001,0.8400893712097033,0.1260772422598149,Queens,never_treated,,7.0,2,False,0.2790486601182579,Q3,Q4
HANOVER SQ|1|-1|0,327.7850193891563,217318.07460145824,0.38992109932744656,0.07613548204081116,Manhattan,never_treated,,0.0,3,False,0.06208049609643111,Q5 highest,Q2
HARBOR RD|5|-1|0,33.1548910871651,61453.313194014874,0.8954246698351771,0.2252820420155567,Staten Island,never_treated,,0.0,1,False,0.006279335433175208,Q2,Q4
HARDING AVENUE|2|-1|0,3037.2989567305867,107493.97764036975,0.5776693466035817,0.1044705378507279,Bronx,never_treated,,1.0,9,False,0.5752460145323081,Q4,Q3
HARDING AV|2|-1|0,2657.0602187922595,104650.99999999999,0.7646571940957373,0.0993240446958201,Bronx,never_treated,,0.0,12,False,0.5032311020439886,Q4,Q4
HARLEM RIVER DRWY|1|2003|0,1562.9194570471832,26302.119914259012,0.9849381067344843,0.3989374609081765,Manhattan,always_treated,2003,0.0,7,True,0.29600747292560287,Q1 lowest,Q5 most POC
HARMAN ST|3|-1|0,6165.6180774623535,77364.1991027288,0.6904308260399276,0.19074982913705987,Brooklyn,never_treated,,21.0,15,False,1.1677306964890821,Q3,Q3
HARRISON AV|3|-1|0,699.1558509409716,54342.0,0.13157219799948705,0.3990766863298282,Brooklyn,never_treated,,11.0,3,False,0.1324158808600325,Q2,Q1 least POC
HART STREET|3|-1|0,593.503531226897,98660.83643270769,0.7143856971930459,0.13867811254074439,Brooklyn,never_treated,,0.0,1,False,0.11240597182327595,Q3,Q3
HART STREET|3|-1|1,903.592991495058,97398.65496589795,0.7126373023566646,0.13409027062408257,Brooklyn,never_treated,,2.0,2,False,0.1711350362680034,Q3,Q3
HAVEMEYER AV|2|-1|0,3431.3479100008217,40856.319068208504,0.9740844809319635,0.30995383978807717,Bronx,never_treated,,1.0,14,False,0.6498764981062163,Q1 lowest,Q5 most POC
HAVEMEYER ST|3|-1|0,119.08884062400146,205184.0,0.32201745877788557,0.06964112512124151,Brooklyn,never_treated,,0.0,1,False,0.02255470466363664,Q5 highest,Q1 least POC
HAVEN AVENUE|1|-1|0,1919.5563389002514,64760.99999999999,0.769322033898305,0.19229279628195195,Manhattan,never_treated,,5.0,12,False,0.3635523369129264,Q2,Q4
HAVEN AV|1|-1|0,45.22637102743489,105286.17369695251,0.6938204838624168,0.07294311069325957,Manhattan,never_treated,,0.0,1,False,0.008565600573377819,Q4,Q3
HEGEMAN AV|3|2021|0,521.7058442611104,48095.0,0.9273142112125163,0.06915949702183984,Brooklyn,switcher,2021,0.0,2,True,0.09880792504945274,Q1 lowest,Q4
HENDRICKSON ST|3|2016|0,823.8761496193208,70662.0,0.5219005196733482,0.1202672605790646,Brooklyn,switcher,2016,1.0,1,True,0.1560371495491138,Q2,Q2
HENDRIX STREET|3|-1|0,4061.542564337674,52572.848779813394,0.9563668966140381,0.18730364405339048,Brooklyn,never_treated,,9.0,8,False,0.7692315462760746,Q2,Q5 most POC
HENRY STREET|3|2025|0,868.6549162747135,165188.00000000003,0.350422195416164,0.04573972879983809,Brooklyn,treated_after_window,2025,0.0,5,False,0.1645179765671806,Q5 highest,Q1 least POC
HENRY ST|3|-1|0,7847.187735240803,169377.53488350802,0.28308638771922545,0.06060615908415672,Brooklyn,never_treated,,26.0,21,False,1.4862097983410612,Q5 highest,Q1 least POC
HERING AV|2|-1|0,3762.0746499595043,87278.14339199869,0.504371854171965,0.1161941078084948,Bronx,never_treated,,0.0,7,False,0.7125141382499062,Q3,Q2
HICKS ST|3|-1|0,421.44543629031557,145417.00000000003,0.49007936507936517,0.07199602780536246,Brooklyn,never_treated,,2.0,2,False,0.07981921141862038,Q5 highest,Q2
HIGHLAND BLVD|3|-1|0,2469.8050686742667,58633.44824377894,0.9019000025911348,0.23235584946481325,Brooklyn,never_treated,,2.0,9,False,0.4677661114913384,Q2,Q4
HIMROD ST|3|-1|0,6169.762741544172,86276.7001196532,0.665396802193394,0.14673755121197776,Brooklyn,never_treated,,27.0,15,False,1.1685156707470024,Q3,Q3
HINSDALE|3|-1|0,7272.533521794262,52994.522099033886,0.9775714704167686,0.2949775477364007,Brooklyn,never_treated,,14.0,18,False,1.3773737730670952,Q2,Q5 most POC
HOE AVENUE|2|2017|0,53.528525902230626,34158.7278028941,0.9805752735223061,0.3004154365263035,Bronx,switcher,2017,0.0,1,True,0.010137978390573982,Q1 lowest,Q5 most POC
HOOVER AVE|4|-1|0,2467.2687885881896,104902.59317930437,0.5896520855558998,0.0997210475765898,Queens,never_treated,,3.0,4,False,0.46728575541442985,Q4,Q3
HOOVER AV|4|-1|0,2790.4957202697296,87637.4700027562,0.7022097834272633,0.11641552160062797,Queens,never_treated,,5.0,13,False,0.5285029773238125,Q3,Q3
HORATIO PKWY|4|2017|0,986.7691802091791,91420.99999999999,0.31872897663900035,0.33135896447172436,Queens,switcher,2017,0.0,4,True,0.18688810231234454,Q3,Q1 least POC
HORATIO STREET|1|-1|0,1140.1644063228682,127187.99999999999,0.25599620042745186,0.07361671811921158,Manhattan,never_treated,,5.0,3,False,0.2159402284702402,Q4,Q1 least POC
HORATIO ST|1|-1|0,859.0856978440733,161094.00000000003,0.19172800560813175,0.06747283561163687,Manhattan,never_treated,,0.0,8,False,0.16270562459168053,Q5 highest,Q1 least POC
HOUSTON ST|1|-1|0,190.22124600773208,144464.0,0.3825168671164565,0.25564880568108456,Manhattan,never_treated,,0.0,1,False,0.03602675113782804,Q5 highest,Q2
HOUSTON ST|1|-1|1,209.0973935787411,90222.0,0.4457083764219235,0.10237849017580143,Manhattan,never_treated,,0.0,1,False,0.03960177908688278,Q3,Q2
HOUSTON ST|1|-1|2,61.73850991381222,71750.35230388756,0.5848474189471486,0.139641539761145,Manhattan,never_treated,,0.0,2,False,0.011692899604888679,Q2,Q3
HOUSTON ST|1|-1|3,617.6917668020423,23658.0,0.9736183002170647,0.5032559692770079,Manhattan,never_treated,,0.0,7,False,0.11698707704584134,Q1 lowest,Q5 most POC
HOUSTON ST|1|-1|4,233.96069260981722,144464.0,0.3825168671164565,0.25564880568108456,Manhattan,never_treated,,14.0,1,False,0.04431073723670781,Q5 highest,Q2
HOUSTON ST|1|-1|5,26.68472219728971,68382.0,0.5153494448073155,0.2766165904637492,Manhattan,never_treated,,6.0,1,False,0.0050539246585775965,Q2,Q2
HOUSTON ST|1|-1|6,219.27232002094016,55714.0,0.7056424201223657,0.17199184228416042,Manhattan,never_treated,,0.0,1,False,0.04152884848881443,Q2,Q3
HOUSTON ST|1|-1|7,107.57903762391015,26031.000000000004,0.9814459373000641,0.38067818298144596,Manhattan,never_treated,,0.0,2,False,0.020374817731801165,Q1 lowest,Q5 most POC
HOUSTON ST|1|-1|8,223.69144419985673,23658.0,0.9736183002170646,0.5032559692770079,Manhattan,never_treated,,0.0,1,False,0.04236580382573044,Q1 lowest,Q5 most POC
HOUSTON ST|1|2022|0,1620.059418002264,104790.03263617167,0.47987720459750266,0.15473475255606173,Manhattan,switcher,2022,46.0,6,True,0.3068294352277015,Q4,Q2
HOUSTON ST|1|2022|1,2251.484857370797,53561.14208081763,0.6224404412486314,0.21849095858397746,Manhattan,switcher,2022,0.0,10,True,0.42641758662325696,Q2,Q3
HOUSTON ST|1|2022|2,963.5404114371024,53148.06487370497,0.8342153130707127,0.30062452112951327,Manhattan,switcher,2022,8.0,5,True,0.18248871428733002,Q2,Q4
HOUSTON ST|1|2022|3,454.4078553342948,55714.0,0.7056424201223658,0.17199184228416042,Manhattan,switcher,2022,0.0,2,True,0.08606209381331341,Q2,Q3
HOUSTON ST|1|2022|4,279.5137923027517,26031.0,0.9814459373000639,0.38067818298144596,Manhattan,switcher,2022,1.0,3,True,0.05293821823915752,Q1 lowest,Q5 most POC
HOUSTON ST|1|2022|5,262.2015512084151,144464.0,0.3825168671164565,0.25564880568108456,Manhattan,switcher,2022,2.0,1,True,0.049659384698563465,Q5 highest,Q2
HOUSTON ST|1|2022|6,260.32750799682503,23658.0,0.9736183002170646,0.5032559692770079,Manhattan,switcher,2022,0.0,1,True,0.04930445227212595,Q1 lowest,Q5 most POC
HOUSTON ST|1|2022|7,155.96449346351196,68382.0,0.5153494448073155,0.2766165904637492,Manhattan,switcher,2022,0.0,1,True,0.029538729822634842,Q2,Q2
HOUSTON ST|1|2022|8,461.363441195405,90222.0,0.4457083764219236,0.10237849017580146,Manhattan,switcher,2022,27.0,5,True,0.08737943962034186,Q3,Q2
HOWARD AV|3|-1|0,566.8276988918917,35678.99999999999,0.9424051916446968,0.2922918807810894,Brooklyn,never_treated,,2.0,3,False,0.10735373085073707,Q1 lowest,Q4
HOYT AV N|4|-1|0,519.7907485013793,94250.00000000001,0.5444763271162124,0.03730272596843616,Queens,never_treated,,1.0,2,False,0.09844521751920063,Q3,Q3
HOYT AV N|4|2017|0,2378.564787960371,104026.73043654516,0.3253758400270635,0.06899444718163789,Queens,switcher,2017,0.0,7,True,0.45048575529552487,Q4,Q1 least POC
HOYT AV S|4|-1|0,3356.773966359324,109765.6668250392,0.4115109164031889,0.08370874177145277,Queens,never_treated,,5.0,8,False,0.6357526451438114,Q4,Q2
HOYT ST|3|-1|0,4841.778258398369,162540.07054912663,0.36707563784002695,0.1071488212155769,Brooklyn,never_treated,,35.0,39,False,0.9170034580299942,Q5 highest,Q1 least POC
HUDSON RIVER GREENWAY 79 STREET ACCESS|1|-1|0,49.3784424228292,223952.0,0.1592551417454141,0.07184546970539188,Manhattan,never_treated,,0.0,1,False,0.00935197773159644,Q5 highest,Q1 least POC
HUDSON ST|1|-1|0,127.5040156080299,161094.0,0.19172800560813175,0.06747283561163687,Manhattan,never_treated,,0.0,1,False,0.024148487804551116,Q5 highest,Q1 least POC
HUDSON ST|1|2014|0,4799.372257755087,164285.6469522788,0.23516238230391165,0.059877970679225935,Manhattan,switcher,2014,7.0,12,True,0.908972018514221,Q5 highest,Q1 least POC
HUDSON ST|1|2014|1,1736.3906899870165,140377.06409596835,0.23127133502890804,0.07132771445814583,Manhattan,switcher,2014,0.0,6,True,0.3288618731036016,Q4,Q1 least POC
HUDSON ST|1|2021|0,1861.957318131594,246250.00000000003,0.32455621301775156,0.042603550295857995,Manhattan,switcher,2021,11.0,9,True,0.35264343146431704,Q5 highest,Q1 least POC
HULL AVENUE|2|-1|0,4102.889950761556,44042.33174596254,0.8838739629931737,0.22175231869343995,Bronx,never_treated,,7.0,9,False,0.7770624906745371,Q1 lowest,Q4
HUMBOLDT STREET|3|2024|0,144.75990347278358,113318.42169912434,0.25811429303408245,0.05466033926695669,Brooklyn,switcher,2024,0.0,1,True,0.02741664838499689,Q4,Q1 least POC
HUMBOLDT STREET|3|2025|0,146.28268885924098,101250.0,0.2815618221258135,0.06594360086767896,Brooklyn,treated_after_window,2025,0.0,1,False,0.02770505470818958,Q4,Q1 least POC
HUNTS POINT AVENUE|2|2024|0,1491.6434839441158,33967.0,0.9710111408642321,0.3399602385685885,Bronx,switcher,2024,0.0,9,True,0.2825082355954765,Q1 lowest,Q5 most POC
HUNTS PT AVE|2|-1|0,355.4210648016529,36181.61146674883,0.983347075417836,0.3591210245875716,Bronx,never_treated,,2.0,9,False,0.06731459560637365,Q1 lowest,Q5 most POC
HUNTS PT AVE|2|-1|1,1139.6334102767466,42431.282094322065,0.9792302811660887,0.29216524753186585,Bronx,never_treated,,1.0,3,False,0.21583966103726263,Q1 lowest,Q5 most POC
HUNTS PT AV|2|-1|0,3743.8116772941157,39891.37334796126,0.9813460372538887,0.3176842038022655,Bronx,never_treated,,5.0,72,False,0.7090552419117644,Q1 lowest,Q5 most POC
HYLAN BLVD|5|-1|0,13540.96555869182,122507.52786910842,0.19590511262012592,0.06040359788816881,Staten Island,never_treated,,5.0,31,False,2.5645768103582993,Q4,Q1 least POC
HYLAN BLVD|5|-1|1,2140.239151819606,97600.49095308234,0.36890921098857654,0.059278143252153484,Staten Island,never_treated,,4.0,6,False,0.40534832420825867,Q3,Q1 least POC
HYLAN BLVD|5|-1|2,3373.652650700416,175865.00000000003,0.0972951150585386,0.03693984658861526,Staten Island,never_treated,,1.0,11,False,0.6389493656629576,Q5 highest,Q1 least POC
HYLAN BL|5|-1|0,2966.854005489794,126057.0959965966,0.10925488102301321,0.038978446455583904,Staten Island,never_treated,,0.0,10,False,0.5619041677064004,Q4,Q1 least POC
HYLAN BOULEVARD|5|-1|0,3070.843077608843,127005.93999632154,0.10835339974733631,0.03454403867502452,Staten Island,never_treated,,4.0,7,False,0.5815990677289475,Q4,Q1 least POC
HYLAN BOULEVARD|5|-1|1,1354.6765849481867,127007.51860403758,0.10835189993778062,0.03453666107624067,Staten Island,never_treated,,0.0,4,False,0.2565675350280657,Q4,Q1 least POC
HYLAN BOULEVARD|5|-1|2,346.21104946468574,122358.83853353938,0.20989097046289948,0.06206411646116549,Staten Island,never_treated,,0.0,1,False,0.06557027451982685,Q4,Q1 least POC
IMLAY ST|3|-1|0,2058.175945065941,103578.0,0.3965107057890564,0.10978520286396183,Brooklyn,never_treated,,0.0,4,False,0.38980605020188275,Q4,Q2
INTERVALE AVENUE|2|-1|0,66.7226687685584,17410.0,0.9467026130236417,0.4381999170468685,Bronx,never_treated,,0.0,1,False,0.012636869084954244,Q1 lowest,Q4
INTERVALE AVE|2|-1|0,407.7133893155507,36402.0,0.9902650891118766,0.4241037376048818,Bronx,never_treated,,13.0,1,False,0.07721844494612704,Q1 lowest,Q5 most POC
INTERVALE AV|2|-1|0,1738.499044124982,45643.08302683236,0.9937381033135863,0.28390776896407444,Bronx,never_treated,,2.0,6,False,0.3292611825994284,Q1 lowest,Q5 most POC
INTERVALE AV|2|-1|1,2253.4464611602675,23889.7480964071,0.941510371109574,0.4157875704559827,Bronx,never_treated,,5.0,6,False,0.4267891024924749,Q1 lowest,Q4
IRVING  AVE|3|-1|0,10886.77387400491,73202.31605034381,0.7880658488617291,0.21839636166994833,Brooklyn,never_treated,,90.0,33,False,2.0618889912888085,Q3,Q4
IRWIN AV|2|-1|0,112.49741592207104,70543.0,0.648798010500138,0.10931849791376913,Bronx,never_treated,,0.0,2,False,0.021306328773119516,Q2,Q3
ITHACA ST|4|-1|0,1816.4820171283463,58580.41935643141,0.9520741635883552,0.14469412442751695,Queens,never_treated,,2.0,3,False,0.3440306850621868,Q2,Q5 most POC
JACKSON AVENUE|4|-1|0,174.73051037356112,145922.00000000003,0.5540414989160732,0.03536469845279445,Queens,never_treated,,3.0,4,False,0.03309289969196233,Q5 highest,Q3
JACKSON AV|2|2022|0,4387.546196483427,29446.808843334544,0.9815524383821771,0.3803806784617941,Bronx,switcher,2022,22.0,21,True,0.8309746584248914,Q1 lowest,Q5 most POC
JACKSON AV|4|-1|0,38.6608013496425,145922.0,0.5540414989160731,0.03536469845279444,Queens,never_treated,,1.0,1,False,0.007322121467735322,Q5 highest,Q3
JACKSON AV|4|2023|0,642.960530613002,145922.0,0.5540414989160731,0.03536469845279444,Queens,switcher,2023,1.0,3,True,0.12177282776761401,Q5 highest,Q3
JACKSON ST|1|-1|0,492.28756506644106,34709.999999999985,0.77131838308813,0.28250607924474314,Manhattan,never_treated,,0.0,14,False,0.09323628126258353,Q1 lowest,Q4
JAY STREET|3|-1|0,574.1124637076059,250001.00000000003,0.2817446951835635,0.07106769956214215,Brooklyn,never_treated,,4.0,2,False,0.10873342115674355,Q5 highest,Q1 least POC
JAY STREET|3|2025|0,478.8670912405942,250001.00000000003,0.2817446951835635,0.07106769956214214,Brooklyn,treated_after_window,2025,0.0,2,False,0.09069452485617314,Q5 highest,Q1 least POC
JAY ST|3|-1|0,438.6784111015312,25276.09730589865,0.9732656379709589,0.44940855315601647,Brooklyn,never_treated,,7.0,3,False,0.08308303240559303,Q1 lowest,Q5 most POC
JAY ST|3|2016|0,2655.338657334641,157071.18637684177,0.42514880567620167,0.09629805584930029,Brooklyn,switcher,2016,28.0,14,True,0.5029050487376214,Q5 highest,Q2
JAY ST|3|2017|0,325.741008491441,250001.00000000006,0.2817446951835635,0.07106769956214212,Brooklyn,switcher,2017,3.0,6,True,0.061693372820348674,Q5 highest,Q1 least POC
JEFFERSON AVE|3|-1|0,3333.7900370466577,81937.67107421088,0.8363828721916629,0.19947026631841033,Brooklyn,never_treated,,14.0,5,False,0.6313996282285337,Q3,Q4
JEFFERSON AV|5|-1|0,1624.7756157355764,96792.0,0.2550631053712944,0.03668916935720575,Staten Island,never_treated,,0.0,4,False,0.30772265449537434,Q3,Q1 least POC
JEFFERSON ST|5|-1|0,1778.586724980355,83100.06467618328,0.5702739373394664,0.16502083191638273,Staten Island,never_treated,,2.0,15,False,0.3368535463977945,Q3,Q3
JEROME AVENUE|2|-1|0,293.12894846037017,58466.0,0.8364161849710983,0.051734104046242776,Bronx,never_treated,,2.0,1,False,0.055516846299312535,Q2,Q4
JEROME AV|2|-1|0,152.81464486319226,46927.0,0.9936935957377405,0.2936917169500823,Bronx,never_treated,,3.0,1,False,0.028942167587725807,Q1 lowest,Q5 most POC
JEROME AV|2|-1|1,2474.7894649708505,40117.81711617953,0.9560674531058848,0.3201158971986778,Bronx,never_treated,,27.0,10,False,0.46871012594144895,Q1 lowest,Q5 most POC
JEWEL AV|4|-1|0,13833.672952738403,68103.32185171018,0.5863244112726873,0.1518077069351125,Queens,never_treated,,18.0,65,False,2.620013816806516,Q2,Q3
JEWEL AV|4|-1|1,543.9041361339089,102581.0,0.3055883510428965,0.15171192443919718,Queens,never_treated,,0.0,5,False,0.10301214699505849,Q4,Q1 least POC
JOAN STREET|1|-1|0,94.83158178529561,246009.46201886708,0.3243134280248372,0.04266973528661475,Manhattan,never_treated,,0.0,1,False,0.017960526853275684,Q5 highest,Q1 least POC
JOHN STREET|3|-1|0,516.5542009677584,250001.0,0.28174469518356354,0.07106769956214214,Brooklyn,never_treated,,0.0,2,False,0.09783223503177244,Q5 highest,Q1 least POC
JOHNSON ST|3|2020|0,442.9340237928429,148542.0,0.37945205479452065,0.10586011342155009,Brooklyn,switcher,2020,0.0,2,True,0.08388901965773539,Q5 highest,Q2
JUNCTION BOULEVARD|4|-1|0,466.73978703132343,63503.99999999999,0.9455858191140207,0.13412375326469955,Queens,never_treated,,4.0,1,False,0.08839768693775064,Q2,Q4
KANE ST|3|-1|0,2135.7495300050155,166832.68951336783,0.33735055133717573,0.06468546144084245,Brooklyn,never_treated,,4.0,15,False,0.4044980170464044,Q5 highest,Q1 least POC
KEARNEY ST|4|-1|0,495.24093332650784,56118.755654607805,0.9611574561659189,0.1715064818111347,Queens,never_treated,,1.0,3,False,0.0937956313118386,Q2,Q5 most POC
KELLY BLVD|5|-1|0,1035.7242842026915,99881.10300480768,0.3753979241949151,0.11245677791609444,Staten Island,never_treated,,0.0,4,False,0.1961599023111158,Q3,Q2
KELLY BOULEVARD|5|-1|0,2063.7407231172983,99146.82886459738,0.3889534075304814,0.11093472530681206,Staten Island,never_treated,,0.0,3,False,0.3908599854388823,Q3,Q2
KENT AVENUE|3|2020|0,162.0501011419656,117353.0,0.39251276233692567,0.0476460578559274,Brooklyn,switcher,2020,0.0,1,True,0.03069130703446318,Q4,Q2
KENT AV|3|2009|0,2448.183987765257,69654.57113923792,0.387818171997746,0.33216075965395525,Brooklyn,always_treated,2009,5.0,8,True,0.46367120980402593,Q2,Q2
KENT AV|3|2020|0,5565.678050364821,148433.8492283169,0.4367800587180937,0.09419921646092276,Brooklyn,switcher,2020,68.0,27,True,1.0541056913569735,Q5 highest,Q2
KENT AV|3|2020|1,110.68543126025635,117353.0,0.39251276233692567,0.047646057855927404,Brooklyn,switcher,2020,1.0,1,True,0.020963149859897036,Q4,Q2
KEW GARDENS RD|4|-1|0,1054.7468732456773,100689.99999999999,0.5199540013247309,0.051558160370315055,Queens,never_treated,,0.0,2,False,0.1997626653874389,Q3,Q2
KEW GARDENS RD|4|2021|0,276.77977993672664,101750.0,0.4806629834254143,0.05662983425414365,Queens,switcher,2021,0.0,1,True,0.05242041286680429,Q4,Q2
KEW GARDENS ROAD|4|-1|0,128.18967870591626,108337.59759983578,0.58355197569036,0.04889626753438272,Queens,never_treated,,0.0,6,False,0.02427834823975687,Q4,Q3
KEW GDNS RD|4|-1|0,1282.3219900197503,100190.0,0.4865030303000758,0.05090479600939851,Queens,never_treated,,0.0,5,False,0.24286401326131635,Q3,Q2
KING ST|3|-1|0,559.3432651604568,166302.0,0.3907312925170068,0.0840443686006826,Brooklyn,never_treated,,0.0,1,False,0.10593622446220773,Q5 highest,Q2
KINGSLAND AV|3|2023|0,1042.1910307545763,100938.0,0.10214446952595935,0.05699774266365689,Brooklyn,switcher,2023,2.0,3,True,0.19738466491563947,Q4,Q1 least POC
KINGSTON AVENUE|3|-1|0,3802.2632590531916,71923.07430102483,0.7898115990270145,0.21105634049881297,Brooklyn,never_treated,,48.0,13,False,0.7201256172449226,Q2,Q4
KISSENA BOULEVARD|4|-1|0,7823.967670929233,43669.75681930639,0.9205089481686294,0.22045909714615167,Queens,never_treated,,46.0,22,False,1.4818120588881123,Q1 lowest,Q4
KISSENA BOULEVARD|4|-1|1,1498.6777638269716,82840.2821734725,0.8316415450574354,0.10422027995043226,Queens,never_treated,,5.0,11,False,0.28384048557329006,Q3,Q4
KISSENA BOULEVARD|4|2021|0,1773.9591923864887,58385.99999999999,0.8726088726088727,0.1338100102145046,Queens,switcher,2021,3.0,3,True,0.3359771197701683,Q2,Q4
KNAPP ST|3|-1|0,85.6854482511833,108226.99999999999,0.24188851913477538,0.03410981697171381,Brooklyn,never_treated,,0.0,1,False,0.01622830459302714,Q4,Q1 least POC
KNICKERBOCKER AV|3|-1|0,8446.283518831111,70401.2829507893,0.7776677518889058,0.20832545380600917,Brooklyn,never_treated,,139.0,46,False,1.5996749088695286,Q2,Q4
KNICKERBOCKER AV|3|-1|1,206.60103027469782,106893.0,0.5524008350730689,0.22379958246346554,Brooklyn,never_treated,,0.0,1,False,0.039128983006571555,Q4,Q3
KNICKERBOCKER AV|3|2018|0,1464.1540398492289,61421.979459913164,0.7341243572368947,0.4458758423398115,Brooklyn,switcher,2018,8.0,5,True,0.2773019014865964,Q2,Q3
LA GUARDIA PL|1|-1|0,1304.6617150364464,175428.63592428665,0.41023321807892954,0.1429966271709403,Manhattan,never_treated,,7.0,4,False,0.24709502178720574,Q5 highest,Q2
LA TOURETTE PARK GREENWAY|5|-1|0,51.83181432970981,141250.0,0.2332123411978222,0.10916072408118487,Staten Island,never_treated,,0.0,1,False,0.00981663150183898,Q4,Q1 least POC
LACOMBE AVENUE|2|-1|0,3732.9152055744116,64766.951214827735,0.9727771165492328,0.15327455448047334,Bronx,never_treated,,3.0,14,False,0.706991516207275,Q2,Q5 most POC
LACOMBE AV|2|-1|0,129.59757727800869,67724.0,0.9747420846673781,0.05193881181074351,Bronx,never_treated,,0.0,1,False,0.024544995696592554,Q2,Q5 most POC
LACONIA AV|2|-1|0,13009.080994985787,74312.38622919939,0.9038797824727656,0.19260203585409366,Bronx,never_treated,,23.0,52,False,2.463841097535187,Q3,Q4
LAFAYETTE AVENUE|2|-1|0,7.482415793239125,47185.0,0.9697986577181208,0.2653225806451613,Bronx,never_treated,,0.0,1,False,0.0014171242032649856,Q1 lowest,Q5 most POC
LAFAYETTE AVENUE|2|2025|0,3159.5182465832277,46390.314902217775,0.9864246903028898,0.31040459348941823,Bronx,treated_after_window,2025,5.0,21,False,0.5983936073074295,Q1 lowest,Q5 most POC
LAFAYETTE AVE|2|-1|0,1353.7909284246884,47185.0,0.9697986577181209,0.2653225806451613,Bronx,never_treated,,3.0,6,False,0.2563997970501304,Q1 lowest,Q5 most POC
LAFAYETTE AV|2|-1|0,2322.3225213755604,30432.681891404605,0.9938181617912498,0.39515822470083206,Bronx,never_treated,,1.0,14,False,0.4398338108665834,Q1 lowest,Q5 most POC
LAFAYETTE AV|2|-1|1,558.0870430426871,47185.0,0.9697986577181207,0.2653225806451613,Bronx,never_treated,,0.0,9,False,0.10569830360656954,Q1 lowest,Q5 most POC
LAFAYETTE AV|2|-1|2,560.6264306161115,46892.49999999999,0.9890356285240933,0.17265387590147385,Bronx,never_treated,,0.0,1,False,0.10617924822274839,Q1 lowest,Q5 most POC
LAFAYETTE AV|2|2023|0,5179.316131235731,47791.50190052636,0.9735657678144966,0.2190785950092358,Bronx,switcher,2023,1.0,5,True,0.9809310854613126,Q1 lowest,Q5 most POC
LAFAYETTE AV|3|-1|0,5725.381725756901,126147.32654259272,0.489734930169237,0.09767497256174386,Brooklyn,never_treated,,95.0,22,False,1.0843525995751706,Q4,Q2
LAFAYETTE STREET|1|-1|0,317.87527650110286,158393.0,0.2985318107667211,0.11500815660685154,Manhattan,never_treated,,4.0,1,False,0.060203650852481604,Q5 highest,Q1 least POC
LAFAYETTE STREET|1|2021|0,726.8651756219906,190645.34967963694,0.5512588582970984,0.12970298846981032,Manhattan,switcher,2021,7.0,3,True,0.1376638590193164,Q5 highest,Q3
LAFAYETTE STREET|1|2023|0,2626.9556023073687,173761.7598128382,0.4184634354088856,0.12176529523726484,Manhattan,switcher,2023,6.0,11,True,0.49752947013397136,Q5 highest,Q2
LAFAYETTE ST|1|-1|0,363.3996719553034,236250.0,0.15725397362191407,0.04107264086897487,Manhattan,never_treated,,5.0,2,False,0.06882569544608019,Q5 highest,Q1 least POC
LAFAYETTE ST|1|1994|0,1257.6926047198035,118936.44574472624,0.40264633795470767,0.1580501404435203,Manhattan,always_treated,1994,20.0,7,True,0.23819935695450825,Q4,Q2
LAFAYETTE ST|1|2014|0,1392.0162389153152,199608.12204331206,0.2361821030763245,0.06798884916983115,Manhattan,switcher,2014,12.0,6,True,0.2636394391885067,Q5 highest,Q1 least POC
LAFAYETTE ST|1|2023|0,538.5377926388758,97133.0,0.44161419576416716,0.20778477389811104,Manhattan,switcher,2023,0.0,2,True,0.10199579406039314,Q3,Q2
LAMBERTS LANE|5|-1|0,1386.6654497708118,107291.99999999999,0.41076363636363633,0.06894545454545455,Staten Island,never_treated,,4.0,5,False,0.26262603215356284,Q4,Q2
LAURELTON PARKWAY|4|-1|0,33.625624575497724,134716.36215316635,0.9716694910553928,0.02585851437823597,Queens,never_treated,,0.0,2,False,0.006368489502935175,Q4,Q5 most POC
LAWRENCE ST|4|-1|0,1424.1664276167915,54528.00000000001,0.9270557029177721,0.1127320954907162,Queens,never_treated,,5.0,6,False,0.2697284900789378,Q2,Q4
LEFFERTS AV|3|-1|0,513.6405530828731,75809.5,0.8064526236599243,0.15281950924504314,Brooklyn,never_treated,,0.0,1,False,0.09728040778084718,Q3,Q4
LEFFERTS BLVD|4|-1|0,2087.855243466348,102612.92325810382,0.9173209252341007,0.08377113191033494,Queens,never_treated,,6.0,3,False,0.3954271294443841,Q4,Q4
LEGGETT AVENUE|2|2010|0,362.12815719245475,34543.0,0.9614812399654967,0.3578353604794641,Bronx,always_treated,2010,1.0,5,True,0.06858487825614673,Q1 lowest,Q5 most POC
LEONARD ST|3|-1|0,12075.67208890941,120958.24036543048,0.4219212712713754,0.1318220255285215,Brooklyn,never_treated,,30.0,34,False,2.2870591077479943,Q4,Q2
LEWIS AV|4|-1|0,1043.674555561045,26172.000000000004,0.9742363877822048,0.24603814128391088,Queens,never_treated,,2.0,4,False,0.1976656355229252,Q1 lowest,Q5 most POC
LEWIS ST|1|-1|0,777.6885485019786,97833.22728011392,0.4118805268242674,0.112887464180229,Manhattan,never_treated,,1.0,8,False,0.14728949782234443,Q3,Q2
LIBERTY AV|3|-1|0,5752.751003239401,51969.33629906513,0.9654292259132533,0.4352268406382358,Brooklyn,never_treated,,21.0,21,False,1.0895361748559471,Q2,Q5 most POC
LILY POND AV|5|-1|0,4782.841381552894,79531.47785758681,0.40559813503182324,0.06097066620863434,Staten Island,never_treated,,4.0,34,False,0.9058411707486541,Q3,Q2
LINCOLN AV|2|-1|0,907.0372823336374,24562.25564600273,0.9785811777304727,0.4607615313419077,Bronx,never_treated,,4.0,11,False,0.17178736407834042,Q1 lowest,Q5 most POC
LINCOLN AV|5|-1|0,510.5636972604412,76068.0,0.8582578975988373,0.005439535769110105,Staten Island,never_treated,,0.0,3,False,0.09669766993568962,Q3,Q4
LINCOLN PL|3|-1|0,2544.517745033436,182704.39643530909,0.3130675561202954,0.06476969644655763,Brooklyn,never_treated,,10.0,4,False,0.4819162395896659,Q5 highest,Q1 least POC
LINCOLN RD|3|-1|0,4190.121337062897,82451.09543842201,0.7265285557117963,0.10072906098966844,Brooklyn,never_treated,,14.0,9,False,0.7935835865649425,Q3,Q3
LINDEN BLVD|4|-1|0,10648.802416933173,79684.12859251845,0.9451489260120229,0.17751879088778486,Queens,never_treated,,27.0,39,False,2.0168186395706766,Q3,Q4
LIVONIA AV|3|-1|0,256.59635975124695,40525.0,0.9796084828711256,0.2699836867862969,Brooklyn,never_treated,,0.0,3,False,0.048597795407433135,Q1 lowest,Q5 most POC
LONGFELLOW AV|2|-1|0,5091.889750804023,40967.41290079959,0.9865630323616059,0.2980661694378507,Bronx,never_treated,,5.0,18,False,0.9643730588643983,Q1 lowest,Q5 most POC
LONGFELLOW AV|2|-1|1,1520.2178539844344,28591.999999999996,0.9926921263554928,0.4238187078109933,Bronx,never_treated,,1.0,2,False,0.28792004810311256,Q1 lowest,Q5 most POC
LONGFELLOW AV|2|2014|0,106.89395745258254,34335.0,0.9801915895437571,0.29650783289817234,Bronx,switcher,2014,0.0,1,True,0.020245067699352755,Q1 lowest,Q5 most POC
LONGWOOD AVENUE|2|-1|0,2436.0005302445493,35781.77734621438,0.9897404452101172,0.40198647818283545,Bronx,never_treated,,28.0,7,False,0.4613637367887404,Q1 lowest,Q5 most POC
LONGWOOD AVE|2|-1|0,386.24587429271077,36407.42203240716,0.9691897985373737,0.3441917230010347,Bronx,never_treated,,2.0,7,False,0.0731526277069528,Q1 lowest,Q5 most POC
LORING AVE|3|-1|0,3122.522499786107,41211.292549020116,0.9979822487782689,0.337396031681502,Brooklyn,never_treated,,3.0,15,False,0.591386837080702,Q1 lowest,Q5 most POC
LORING AVE|3|2017|0,546.4175895344351,57054.99999999999,1.0,0.21291666666666667,Brooklyn,switcher,2017,1.0,3,True,0.10348817983606726,Q2,Q5 most POC
LORRAINE ST|3|-1|0,368.30148193813636,129658.99999999999,0.5376344086021505,0.043010752688172046,Brooklyn,never_treated,,1.0,1,False,0.06975406854888946,Q4,Q3
LOUIS NINE BLVD|2|-1|0,1913.795519443856,42724.27739109262,0.9992101763601278,0.19893168308633274,Bronx,never_treated,,6.0,9,False,0.3624612726219424,Q1 lowest,Q5 most POC
LOUISIANA AVENUE|3|2023|0,1195.7489597651997,43669.501276509545,0.9941536934998632,0.3142155149676349,Brooklyn,switcher,2023,1.0,2,True,0.2264676060161363,Q1 lowest,Q5 most POC
MAC DOUGAL ST|1|-1|0,812.6344424781427,118697.99999999999,0.22404730617608415,0.07784431137724551,Manhattan,never_treated,,5.0,6,False,0.15390803834813307,Q4,Q1 least POC
MACOMBS ROAD|2|-1|0,3456.344980618452,33169.92184017622,0.984525717650984,0.3545187788413296,Bronx,never_treated,,12.0,29,False,0.6546107917837978,Q1 lowest,Q5 most POC
MADISON AVE|1|-1|0,1042.331465999665,96771.0,0.7738450074515648,0.07196224931183641,Manhattan,never_treated,,10.0,7,False,0.19741126249993654,Q3,Q4
MADISON ST|1|-1|0,5706.223811385868,31574.80096206432,0.872043015367431,0.3683165512949927,Manhattan,never_treated,,43.0,75,False,1.080724206701869,Q1 lowest,Q4
MAIN AV|4|-1|0,243.39516524227818,116875.0,0.5408805031446541,0.031559963931469794,Queens,never_treated,,2.0,1,False,0.0460975691746739,Q4,Q3
MAIN STREET|3|-1|0,497.7935004455494,250001.0,0.2817446951835635,0.07106769956214214,Brooklyn,never_treated,,0.0,3,False,0.09427907205408133,Q5 highest,Q1 least POC
MAIN ST|4|-1|0,2205.077530640413,96186.02746948712,0.6256117568971933,0.08381396347434707,Queens,never_treated,,0.0,19,False,0.41762832019704793,Q3,Q3
MAIN ST|4|-1|1,379.85562241125905,48749.99999999999,0.9277864992150707,0.3633785061456035,Queens,never_treated,,3.0,2,False,0.07194235272940512,Q2,Q4
MAIN ST|4|-1|2,2478.573911141767,100772.13892255662,0.5600320998648318,0.08214512480137855,Queens,never_treated,,6.0,20,False,0.46942687711018316,Q4,Q3
MALCOLM X BLVD|3|-1|0,432.63180387230886,48433.65656593665,0.7879535874845849,0.28491261973989634,Brooklyn,never_treated,,8.0,2,False,0.08193784164248274,Q2,Q4
MANGIN ST|1|-1|0,246.67179092879104,109352.00000000001,0.321933962264151,0.009433962264150945,Manhattan,never_treated,,0.0,8,False,0.04671814222136194,Q4,Q1 least POC
MANHATTAN AV|3|-1|0,8069.876791955361,95815.8554025317,0.5123821689793528,0.1818217408514833,Brooklyn,never_treated,,77.0,38,False,1.5283857560521517,Q3,Q2
MANHATTAN AV|3|-1|1,5074.78356420438,126892.51779561394,0.41413198093017284,0.12177431273450448,Brooklyn,never_treated,,37.0,13,False,0.9611332507962841,Q4,Q2
MANHATTAN BR|1|2004|0,4280.166547685488,30222.883311058453,0.8785768142443134,0.31488689479838006,Manhattan,always_treated,2004,10.0,21,True,0.8106376037283121,Q1 lowest,Q4
MANHATTAN BR|3|2004|0,2864.552893490121,164359.13042440044,0.5474368995465059,0.2165874236415865,Brooklyn,always_treated,2004,2.0,18,True,0.5425289571004017,Q5 highest,Q3
MANHATTAN COLLEGE PKWY|2|-1|0,791.440936539388,86198.6198470407,0.6205357684826812,0.10294495669282233,Bronx,never_treated,,0.0,8,False,0.14989411676882347,Q3,Q3
MAPLE AV|4|-1|0,2877.1099079627643,47299.31280109877,0.9676085474455447,0.19374663997056646,Queens,never_treated,,16.0,4,False,0.5449071795384023,Q1 lowest,Q5 most POC
MAPLE ST|3|-1|0,8113.186377436524,70715.3176715188,0.7578955214657365,0.1324969184091217,Brooklyn,never_treated,,22.0,19,False,1.5365883290599478,Q2,Q4
MARBLE HILL AV|1|-1|0,1473.1741483976548,45042.87067589342,0.9440556461858204,0.2996981636017275,Manhattan,never_treated,,0.0,6,False,0.27901025537834373,Q1 lowest,Q4
MARBLE HILL AV|2|-1|0,163.41286544667082,53137.99999999999,0.8696813977389516,0.29830148619957536,Bronx,never_treated,,2.0,1,False,0.030949406334596745,Q2,Q4
MARCY AVENUE|3|-1|0,155.7544304989408,114537.40950561673,0.556752306062654,0.19218407743655175,Brooklyn,never_treated,,3.0,2,False,0.029498945170253938,Q4,Q3
MARGARET CORBIN DR|1|-1|0,3629.0696960510504,77647.99999999999,0.7147716229348882,0.1321671525753158,Manhattan,never_treated,,0.0,18,False,0.6873238060702747,Q3,Q3
MARGARET CORBIN PLZ|1|2024|0,240.05112209838492,97360.66345486313,0.5168712858841044,0.07590137624450591,Manhattan,switcher,2024,0.0,4,True,0.04546422767014866,Q3,Q2
MARINE AVENUE|3|-1|0,3656.564029735349,85856.60341320767,0.3468304738706687,0.10019089971714217,Brooklyn,never_treated,,2.0,19,False,0.6925310662377555,Q3,Q1 least POC
MARION AVENUE|2|-1|0,4682.261239577561,39434.136222763,0.9515501618602493,0.2533469913892379,Bronx,never_treated,,17.0,16,False,0.8867919014351442,Q1 lowest,Q5 most POC
MARKET SLIP|1|-1|0,477.2963823906091,28607.0,0.8802938138413864,0.3115600964298014,Manhattan,never_treated,,4.0,7,False,0.09039704211943354,Q1 lowest,Q4
MARKET ST|1|-1|0,1143.2440092569736,28607.0,0.8802938138413864,0.3115600964298014,Manhattan,never_treated,,4.0,4,False,0.21652348660169957,Q1 lowest,Q4
MARTENSE AV|4|-1|0,2916.8965100372207,53052.291551268565,0.9275799868502386,0.18626826643327857,Queens,never_treated,,5.0,14,False,0.5524425208403827,Q2,Q4
MASON AVENUE|5|2025|0,1286.9992561611068,85510.71780199616,0.36202200964323206,0.09219642043851695,Staten Island,treated_after_window,2025,0.0,7,False,0.24374985912142175,Q3,Q1 least POC
MASON AV|5|-1|0,645.7560643696586,109351.53027934869,0.4066461392390178,0.04891147470828826,Staten Island,never_treated,,1.0,4,False,0.12230228491849594,Q4,Q2
MC DONALD AV|3|-1|0,146.01146202234602,113780.0,0.381860465116279,0.05813953488372093,Brooklyn,never_treated,,6.0,1,False,0.027653685989080686,Q4,Q2
MCGUINNESS BLVD SOUTH|3|2024|0,679.5348654661163,101250.0,0.28156182212581343,0.06594360086767896,Brooklyn,switcher,2024,0.0,3,True,0.1286997851261584,Q4,Q1 least POC
MCGUINNESS BLVD SOUTH|3|2024|1,916.4925584349129,101250.0,0.2815618221258134,0.06594360086767898,Brooklyn,switcher,2024,0.0,5,True,0.17357813606721836,Q4,Q1 least POC
MCGUINNESS BLVD SOUTH|3|2025|0,260.2198824766487,101250.0,0.28156182212581354,0.06594360086767896,Brooklyn,treated_after_window,2025,0.0,2,False,0.04928406865088044,Q4,Q1 least POC
MCGUINNESS BLVD|3|-1|0,235.31997593919027,140781.0,0.5442443226311668,0.24075531077891424,Brooklyn,never_treated,,0.0,1,False,0.044568177261210276,Q4,Q3
MCGUINNESS BOULEVARD|3|-1|0,1035.1339004031256,140781.0,0.544244322631167,0.24075531077891427,Brooklyn,never_treated,,0.0,6,False,0.19604808719756167,Q4,Q3
MCGUINNESS BOULEVARD|3|-1|1,955.2995700616475,140424.7059370365,0.5159342612768268,0.2184527698294922,Brooklyn,never_treated,,1.0,5,False,0.18092794887531202,Q4,Q2
MCGUINNESS BOULEVARD|3|2024|0,5096.878558128485,131432.36443387618,0.3469657426485748,0.12248484064479252,Brooklyn,switcher,2024,11.0,14,True,0.9653179087364554,Q4,Q1 least POC
MCGUINNESS BOULEVARD|3|2024|1,4622.644782537991,131179.79557795567,0.38456911912719904,0.15607839066370455,Brooklyn,switcher,2024,15.0,12,True,0.8755009057837104,Q4,Q2
MEEKER AVENUE|3|2023|0,139.19721882533383,106389.0,0.23940677966101695,0.0961864406779661,Brooklyn,switcher,2023,0.0,1,True,0.026363109626010194,Q4,Q1 least POC
MEEKER AV|3|-1|0,55.35445842180359,205184.0,0.32201745877788557,0.06964112512124151,Brooklyn,never_treated,,2.0,1,False,0.010483798943523408,Q5 highest,Q1 least POC
MEEKER AV|3|2019|0,339.9741006458602,55156.0,0.8401841499506741,0.33212758960868133,Brooklyn,switcher,2019,0.0,1,True,0.0643890342132311,Q2,Q4
MEEKER AV|3|2023|0,417.96738588652477,73084.05193733626,0.629953089943857,0.24956429696166382,Brooklyn,switcher,2023,0.0,2,True,0.07916048975123575,Q3,Q3
MELROSE AV|2|-1|0,4753.488903132621,24413.778887658576,0.9852849079039875,0.4171806300586933,Bronx,never_treated,,53.0,22,False,0.9002819892296631,Q1 lowest,Q5 most POC
MERRILL AV|5|-1|0,3823.0351983599157,109511.64101433007,0.4234654546570428,0.0712500114774061,Staten Island,never_treated,,1.0,13,False,0.724059696659075,Q4,Q2
MERRYMOUNT ST|5|-1|0,3114.2125226548055,89511.6822928112,0.4146459811344515,0.146000444626085,Staten Island,never_treated,,0.0,6,False,0.5898129777755313,Q3,Q2
MESEROLE ST|3|-1|0,4920.380519530941,81966.8107168801,0.6600498006702658,0.2576402600740494,Brooklyn,never_treated,,37.0,10,False,0.931890249911163,Q3,Q3
METROPOLITAN AVE|4|-1|0,890.17222890416,88585.0,0.6917792534920999,0.08232056867690898,Queens,never_treated,,6.0,1,False,0.16859322517124242,Q3,Q3
METROPOLITAN AV|3|-1|0,1383.6695403398483,148374.05008463698,0.42253468357832197,0.12493189401674444,Brooklyn,never_treated,,37.0,8,False,0.2620586250643652,Q5 highest,Q2
METROTECH RD|3|-1|0,822.1816751494048,154869.0221299305,0.5258199254006716,0.12229164205760686,Brooklyn,never_treated,,0.0,3,False,0.15571622635405394,Q5 highest,Q3
MIDLAND AV|5|-1|0,6072.088506188244,82145.46416720812,0.46576194198098075,0.10484635713339761,Staten Island,never_treated,,7.0,26,False,1.150016762535652,Q3,Q2
MILL RD|5|-1|0,5024.353500191457,70547.2272730546,0.4672437293111043,0.10011039877559025,Staten Island,never_treated,,1.0,20,False,0.9515821023089881,Q2,Q2
MILL STREET|3|-1|0,435.4896216383934,138495.2320182301,0.47987672842466006,0.03997511225358314,Brooklyn,never_treated,,0.0,5,False,0.08247909500727148,Q4,Q2
MILLER AV|3|-1|0,2483.2371697260887,60067.261160630085,0.9572249847975128,0.3034953841299397,Brooklyn,never_treated,,11.0,8,False,0.4703100700238804,Q2,Q5 most POC
MONITOR STREET|3|-1|0,108.29800057161346,130372.0,0.22498118886380736,0.03871625063678044,Brooklyn,never_treated,,0.0,1,False,0.020510984956744974,Q4,Q1 least POC
MONROE AVENUE|2|-1|0,2444.0064094401796,51150.594926053775,0.9857612039499299,0.3072145559869122,Bronx,never_treated,,4.0,18,False,0.4628800017879128,Q2,Q5 most POC
MONROE ST|1|-1|0,1206.8668843056112,28606.666454815673,0.8802980929761629,0.31157059822563227,Manhattan,never_treated,,0.0,11,False,0.22857327354272938,Q1 lowest,Q4
MONTAGUE ST|3|-1|0,554.0546191409761,193158.0,0.13285679073206802,0.03758829465186679,Brooklyn,never_treated,,1.0,5,False,0.1049345869585182,Q5 highest,Q1 least POC
MONTGOMERY ST|1|-1|0,1012.3923006439421,38507.37972757467,0.8200113600216629,0.3656020445659932,Manhattan,never_treated,,1.0,10,False,0.19174096603104965,Q1 lowest,Q4
MONTGOMERY ST|1|2019|0,517.5526711005463,40146.0,0.8410230325043052,0.40145906785587027,Manhattan,switcher,2019,3.0,1,True,0.09802133922358831,Q1 lowest,Q4
MOORE ST|3|-1|0,122.53144326941191,41156.0,0.748153511947864,0.3060101375814627,Brooklyn,never_treated,,0.0,1,False,0.02320671274041892,Q1 lowest,Q3
MORANI ST|5|-1|0,435.0625244210921,107294.93111965863,0.41077266283066205,0.06896960402343313,Staten Island,never_treated,,0.0,2,False,0.0823982053827826,Q4,Q2
MORGAN AV|3|-1|0,3489.0929986335696,87573.85962970353,0.6296091798950769,0.3181524777031767,Brooklyn,never_treated,,49.0,14,False,0.6608130679230245,Q3,Q3
MORNINGSIDE DRIVE|1|-1|0,280.2262759310488,49336.0,0.6419624217118998,0.27244258872651356,Manhattan,never_treated,,3.0,1,False,0.05307315832027439,Q2,Q3
MORNINGSIDE DRIVE|1|-1|1,2018.7441346728267,57718.153411153806,0.7165514129267514,0.24977609364796172,Manhattan,never_treated,,16.0,18,False,0.382337904294096,Q2,Q3
MORNINGSIDE DR|1|-1|0,538.8524277771879,62554.50202718507,0.6996945767834505,0.23197087836228616,Manhattan,never_treated,,0.0,6,False,0.10205538404870984,Q2,Q3
MORRIS AVENUE|2|-1|0,666.7606413015596,52818.99497651355,0.9373437405760081,0.2780684705862805,Bronx,never_treated,,1.0,4,False,0.12628042448893176,Q2,Q4
MORRIS PARK AV|2|-1|0,9353.99040998753,68798.92528171824,0.7109460333179578,0.18893660452782812,Bronx,never_treated,,44.0,38,False,1.7715890928006683,Q2,Q3
MOSHOLU AVENUE|2|-1|0,251.59709047142897,118583.0,0.5825471698113207,0.1192390139335477,Bronx,never_treated,,1.0,1,False,0.0476509641044373,Q4,Q3
MOSHOLU AV|2|-1|0,2881.906317837823,134860.92072426525,0.4358633945873523,0.07212162420336873,Bronx,never_treated,,4.0,9,False,0.5458155904995876,Q4,Q2
MOSHOLU PARKWAY|2|2023|0,1224.7245873896193,42839.00000000001,0.8331980298596012,0.18706604816852113,Bronx,switcher,2023,2.0,10,True,0.231955414278337,Q1 lowest,Q4
MOSHOLU PKWY N|2|2022|0,1992.663883105199,47603.4104797979,0.908704681312985,0.27560642165671295,Bronx,switcher,2022,0.0,9,True,0.377398462709318,Q1 lowest,Q4
MOSHOLU PKWY S|2|2022|0,2139.3692997222392,47833.0217311709,0.9138453003246938,0.27871771382992067,Bronx,switcher,2022,4.0,9,True,0.40518357949284833,Q1 lowest,Q4
MOTHER GASTON BLVD|3|-1|0,305.33168580809286,24971.999999999996,0.9977226720647774,0.39195344129554655,Brooklyn,never_treated,,0.0,4,False,0.05782797079698728,Q1 lowest,Q5 most POC
MOTHER GASTON BLVD|3|-1|1,187.56130023032512,47257.9718752468,0.9922089447296588,0.3624823059288815,Brooklyn,never_treated,,0.0,1,False,0.03552297352847067,Q1 lowest,Q5 most POC
MOTHER GASTON BOULEVARD|3|-1|0,6479.951649448611,30082.687192712714,0.9894516604500858,0.35285183287502164,Brooklyn,never_treated,,19.0,44,False,1.2272635699713277,Q1 lowest,Q5 most POC
MT EDEN PARKWAY|2|-1|0,1170.5337083147858,55903.73376669254,0.962646607759991,0.30776740823926546,Bronx,never_treated,,2.0,8,False,0.22169199021113367,Q2,Q5 most POC
MT EDEN PARKWAY|2|-1|1,1206.9428704848726,52834.0,0.9364346200373915,0.27722772277227725,Bronx,never_treated,,0.0,8,False,0.2285876648645592,Q2,Q4
MURRAY ST|1|-1|0,1992.9225722103574,250001.00000000003,0.35972691893648057,0.013671617582341334,Manhattan,never_treated,,24.0,10,False,0.3774474568580222,Q5 highest,Q1 least POC
MYRTLE AV|3|-1|0,1730.1989703798452,96005.88694414007,0.7154408187679022,0.1543423764099794,Brooklyn,never_treated,,33.0,8,False,0.32768919893557674,Q3,Q3
MYRTLE AV|3|-1|1,3517.6435896918997,118996.871318154,0.6836006375476893,0.19418108294721126,Brooklyn,never_treated,,57.0,33,False,0.6662203768355871,Q4,Q3
MYRTLE AV|4|-1|0,1730.0717363347628,85054.77609905181,0.47443047318613596,0.12435361541316776,Queens,never_treated,,18.0,9,False,0.32766510157855355,Q3,Q2
MYRTLE AV|4|-1|1,948.3782041675073,120758.90690849727,0.3957790372278044,0.04311414722718563,Queens,never_treated,,2.0,3,False,0.17961708412263397,Q4,Q2
N 11 ST|3|-1|0,2524.824735118824,166537.7043962439,0.36683619457031313,0.05981921425761943,Brooklyn,never_treated,,9.0,6,False,0.4781865028634136,Q5 highest,Q1 least POC
N 12 ST|3|-1|0,2584.3505451278224,164504.7947970001,0.3722020055119032,0.062249923416238376,Brooklyn,never_treated,,6.0,5,False,0.489460330516633,Q5 highest,Q2
N 14 ST|3|2020|0,1052.2117935651986,131543.64012670153,0.3481863616878243,0.05379175394941494,Brooklyn,switcher,2020,3.0,3,True,0.1992825366600755,Q4,Q1 least POC
N 5 ST|3|-1|0,3212.809115236746,176214.8937581177,0.392765814632281,0.10440103076708718,Brooklyn,never_treated,,17.0,9,False,0.6084865748554443,Q5 highest,Q2
N 6 ST|3|-1|0,3556.506622706255,179292.96100402004,0.38411310762931855,0.10121847128259383,Brooklyn,never_treated,,17.0,9,False,0.6735807997549725,Q5 highest,Q2
N CHANNEL BR|4|-1|0,2544.0920958713486,102727.0,0.2953440639516042,0.0662487841781044,Queens,never_treated,,0.0,2,False,0.4818356242180585,Q4,Q1 least POC
N RAILROAD AV|5|-1|0,5324.37886700203,102875.60778408716,0.32629084820435844,0.04445394512465394,Staten Island,never_treated,,3.0,20,False,1.0084050884473543,Q4,Q1 least POC
NASSAU AV|3|-1|0,6332.981522613666,130206.8329742952,0.227856679448512,0.05584606071367985,Brooklyn,never_treated,,50.0,23,False,1.1994283186768306,Q4,Q1 least POC
NASSAU ST|1|-1|0,238.85137939149809,119292.99999999999,0.4754565470793938,0.07519110493398193,Manhattan,never_treated,,0.0,3,False,0.04523700367263221,Q4,Q2
NATIONAL ST|4|-1|0,2332.623879205749,83613.70682310226,0.9862648853750583,0.14040823664140856,Queens,never_treated,,25.0,12,False,0.4417848256071494,Q3,Q5 most POC
NAVY ST|3|-1|0,616.9391666068376,50486.434747542386,0.9009157707495369,0.41027975340711303,Brooklyn,never_treated,,1.0,4,False,0.11684453913008289,Q2,Q4
NAVY ST|3|2021|0,530.9512582557214,21840.999999999996,0.9898136645962733,0.45898234683281414,Brooklyn,switcher,2021,0.0,3,True,0.10055895042721996,Q1 lowest,Q5 most POC
NAVY ST|3|2023|0,1824.3374122439857,84586.42829397741,0.7612337108558599,0.18056025244897372,Brooklyn,switcher,2023,3.0,14,True,0.3455184492886337,Q3,Q4
NEPTUNE AVE|3|-1|0,156.5721559150171,57025.2963139552,0.312850654264575,0.13808702743947388,Brooklyn,never_treated,,0.0,3,False,0.029653817408147178,Q2,Q1 least POC
NEPTUNE AVE|3|-1|1,781.7115171723118,56930.332402673375,0.05724241379567682,0.13345616882217443,Brooklyn,never_treated,,0.0,2,False,0.14805142370687724,Q2,Q1 least POC
NEPTUNE AV|3|-1|0,18315.437283344134,44934.54548121651,0.6060984430091254,0.26307170460663193,Brooklyn,never_treated,,129.0,87,False,3.468832818815177,Q1 lowest,Q3
NEPTUNE AV|3|-1|1,1148.01068522349,57763.99999999999,0.16379859783301465,0.10755258126195028,Brooklyn,never_treated,,6.0,4,False,0.2174262661408125,Q2,Q1 least POC
NETHERLAND AV|5|-1|0,977.7794947983236,87837.0,0.8513459220570511,0.11790744466800805,Staten Island,never_treated,,0.0,4,False,0.1851855103784704,Q3,Q4
NETHERLAND AV|5|-1|1,1678.7815202082752,45942.00000000001,0.9213391399020142,0.28840896664844184,Staten Island,never_treated,,0.0,5,False,0.3179510454939915,Q1 lowest,Q4
NETHERLAND AV|5|-1|2,679.53343633853,87837.0,0.851345922057051,0.11790744466800807,Staten Island,never_treated,,0.0,1,False,0.12869951445805491,Q3,Q4
NETHERLAND AV|5|-1|3,261.4978968293281,87837.0,0.8513459220570511,0.11790744466800805,Staten Island,never_treated,,0.0,1,False,0.04952611682373639,Q3,Q4
NEVINS ST|3|-1|0,520.2409419392465,134117.9538504637,0.4209085176342732,0.10101161554896164,Brooklyn,never_treated,,1.0,2,False,0.09853048142788759,Q4,Q2
NEW DORP LN|5|-1|0,3576.1463958689837,84137.00000000001,0.5886715220591933,0.04850869607481431,Staten Island,never_treated,,4.0,11,False,0.6773004537630651,Q3,Q3
NEW DORP PLZ|5|-1|0,1399.388507349926,76979.0,0.36908943528776006,0.24317751958930023,Staten Island,never_treated,,2.0,3,False,0.2650357021496072,Q3,Q1 least POC
NEW DORP PLZ|5|-1|1,1677.994123363152,82101.33828159815,0.3719090726069818,0.21142973811686003,Staten Island,never_treated,,1.0,4,False,0.3178019173036273,Q3,Q2
NEW LOTS AVENUE|3|-1|0,243.02348726613405,80467.0,0.991675338189386,0.14854318418314255,Brooklyn,never_treated,,0.0,1,False,0.046027175618586,Q3,Q5 most POC
NEW LOTS AVE|3|-1|0,9064.992484670727,49361.32957740317,0.9882706269508483,0.24184697684873052,Brooklyn,never_treated,,65.0,45,False,1.7168546372482438,Q2,Q5 most POC
NEWTON STREET|3|-1|0,696.3611461423777,101250.0,0.28156182212581343,0.06594360086767895,Brooklyn,never_treated,,1.0,2,False,0.13188658070878365,Q4,Q1 least POC
NOBLE AVENUE|2|-1|0,2718.9877557370082,42303.75275484983,0.990624237327618,0.2503054460877982,Bronx,never_treated,,8.0,4,False,0.5149598022229183,Q1 lowest,Q5 most POC
NOME AVE|5|-1|0,374.827032356303,73750.0,0.43285371702637887,0.21187462326702833,Staten Island,never_treated,,0.0,3,False,0.0709899682492998,Q3,Q2
NORTH END AVE|1|-1|0,237.851786370365,250001.0,0.2857364341085271,0.057829457364341086,Manhattan,never_treated,,0.0,6,False,0.04504768681256913,Q5 highest,Q1 least POC
NORTH END AV|1|-1|0,219.7683360149119,250001.0,0.2857364341085271,0.057829457364341086,Manhattan,never_treated,,0.0,1,False,0.041622790911915133,Q5 highest,Q1 least POC
NORTH LOOP RD|1|-1|0,540.0772826601672,180676.99999999997,0.5073295092415551,0.1151495657767771,Manhattan,never_treated,,0.0,2,False,0.10228736414018318,Q5 highest,Q2
NORTH SHORE ESPLANADE|5|-1|0,4713.373673356558,64538.54791422752,0.7734064922884389,0.17555493888467055,Staten Island,never_treated,,0.0,5,False,0.8926844078326815,Q2,Q4
NORTHERN BLVD|4|2017|0,4467.215301853574,124342.11010239706,0.3384177052122522,0.24880874345327758,Queens,switcher,2017,19.0,22,True,0.8460635041389344,Q4,Q1 least POC
NORTHERN BL|4|2021|0,3699.1770121243226,76231.13160519557,0.8126761562661745,0.29963638112637153,Queens,switcher,2021,46.0,10,True,0.7006017068417277,Q3,Q4
NORTHERN BL|4|2022|0,125.24883080171519,88699.0,0.7130168133140876,0.0926279843155514,Queens,switcher,2022,0.0,1,True,0.023721369470021816,Q3,Q3
NORTHERN BOULEVARD|4|2021|0,9958.389151317342,92294.49533553177,0.8242137722093942,0.5643035211610584,Queens,switcher,2021,140.0,22,True,1.8860585513858603,Q3,Q4
NORTHERN BOULEVARD|4|2021|1,382.33717624429033,88699.0,0.7130168133140877,0.0926279843155514,Queens,switcher,2021,11.0,1,True,0.07241234398566104,Q3,Q3
O'BRIEN AVENUE|2|-1|0,1381.959340334125,107996.15462089166,0.9692282689116564,0.10188840168928269,Bronx,never_treated,,1.0,7,False,0.26173472354812977,Q4,Q5 most POC
OAK AV|4|-1|0,2280.7829896688977,104779.0,0.7634059148521287,0.056548586285342865,Queens,never_treated,,3.0,7,False,0.4319664753160791,Q4,Q4
OCEAN AV|3|-1|0,9720.586907501165,72836.14661721696,0.8706336450882634,0.14440917517166368,Brooklyn,never_treated,,162.0,18,False,1.8410202476327964,Q2,Q4
OCEAN AV|5|-1|0,872.2518370968537,73678.0,0.46113572291582755,0.15097037793667006,Staten Island,never_treated,,0.0,5,False,0.1651992115713738,Q3,Q2
OCEAN PKWY|3|-1|0,1291.4435969414142,84670.79595622567,0.22072385664927066,0.1242695123004554,Brooklyn,never_treated,,25.0,6,False,0.24459159032981329,Q3,Q1 least POC
OCEAN PKWY|3|-1|1,361.01964148604634,139947.00000000003,0.45348058902275773,0.0960508701472557,Brooklyn,never_treated,,0.0,3,False,0.06837493209962998,Q4,Q2
OCEANIA STREET|4|-1|0,804.7383585205268,95069.00000000001,0.9395284327323161,0.15324602953468933,Queens,never_treated,,1.0,3,False,0.15241256790161492,Q3,Q4
OCEANIA STREET|4|2024|0,3290.027402387256,102157.15565490004,0.6915274483040902,0.07074255000225065,Queens,switcher,2024,2.0,5,True,0.6231112504521319,Q4,Q3
OCEANIA STREET|4|2024|1,958.1909176740407,95069.0,0.9395284327323162,0.15324602953468933,Queens,switcher,2024,1.0,3,True,0.18147555258978043,Q3,Q4
OCEANIA ST|4|-1|0,198.38457106046022,99612.92766191161,0.7402176355315764,0.06488869458512955,Queens,never_treated,,0.0,4,False,0.037572835428117464,Q3,Q3
OCEANIA ST|4|2017|0,1417.5575606324658,105348.0,0.8090937402678294,0.04391155403301152,Queens,switcher,2017,0.0,3,True,0.2684768107258458,Q4,Q4
OLD FULTON ST|3|-1|0,1240.2005210408502,165188.00000000003,0.3504221954161641,0.0457397287998381,Brooklyn,never_treated,,2.0,18,False,0.23488646231834284,Q5 highest,Q1 least POC
OLD SLIP|1|-1|0,431.08475636177013,184730.0,0.30597186995619097,0.04957343786027208,Manhattan,never_treated,,2.0,2,False,0.08164484022003222,Q5 highest,Q1 least POC
OLD SLIP|1|-1|1,432.1950878261022,184730.00000000003,0.30597186995619097,0.04957343786027208,Manhattan,never_treated,,0.0,2,False,0.08185513027009512,Q5 highest,Q1 least POC
OLIVER ST|3|-1|0,693.6781332214243,103673.0,0.13614864864864862,0.08257191201353638,Brooklyn,never_treated,,0.0,2,False,0.13137843432223945,Q4,Q1 least POC
ONDERDONK AVENUE|4|-1|0,7634.296673131828,81937.98298294032,0.6802271011585618,0.12119438389289366,Queens,never_treated,,11.0,26,False,1.4458895214264826,Q3,Q3
ONSLOW PL|4|-1|0,306.7476041912681,101243.97070771731,0.4468086410378635,0.05596859124382897,Queens,never_treated,,0.0,1,False,0.058096137157437146,Q4,Q2
ORIENTAL BLVD|3|-1|0,7993.5735386024335,133193.4436392858,0.029868313057956876,0.03831719342058915,Brooklyn,never_treated,,4.0,38,False,1.513934382311067,Q4,Q1 least POC
OVINGTON RD|3|-1|0,319.6705982820312,108654.0,0.4446235321206539,0.10767441860465117,Brooklyn,never_treated,,3.0,6,False,0.060543673917051365,Q4,Q2
PACIFIC ST|3|-1|0,8468.751925725031,57861.29607423505,0.9055834656677532,0.26118369867726704,Brooklyn,never_treated,,40.0,38,False,1.6039302889630742,Q2,Q4
PACIFIC ST|3|-1|1,1139.8917218418896,165714.00000000003,0.29884057971014494,0.04899971006088722,Brooklyn,never_treated,,0.0,2,False,0.21588858368217606,Q5 highest,Q1 least POC
PACIFIC ST|3|-1|2,937.3808039238289,162499.99999999997,0.4355670103092783,0.10724637681159419,Brooklyn,never_treated,,2.0,2,False,0.17753424316739183,Q5 highest,Q2
PAERDEGAT AV N|3|2014|0,4045.6167909948713,91458.0,0.9572897442657528,0.07144740311099394,Brooklyn,switcher,2014,2.0,16,True,0.7662153013247862,Q3,Q5 most POC
PAERDEGAT AVENUE NORTH|3|-1|0,703.8353798338962,98747.53860926343,0.9708116676479673,0.08572249404423639,Brooklyn,never_treated,,1.0,1,False,0.13330215527157127,Q3,Q5 most POC
PAIDGE AV|3|-1|0,824.257617464895,140780.99999999997,0.5442443226311668,0.2407553107789142,Brooklyn,never_treated,,1.0,4,False,0.1561093972471392,Q4,Q3
PARK AVENUE|2|2025|0,6345.6918987344125,34892.778183561946,0.986257499132064,0.414991133905234,Bronx,treated_after_window,2025,3.0,16,False,1.2018355868815176,Q1 lowest,Q5 most POC
PARK AV|2|2023|0,5890.327557322719,23650.304928503792,0.9909267692977114,0.4705302466878746,Bronx,switcher,2023,3.0,20,True,1.1155923404020303,Q1 lowest,Q5 most POC
PARK AV|2|2024|0,799.6509847777917,44461.30323240479,0.9959722090056541,0.2518472368775662,Bronx,switcher,2024,0.0,10,True,0.15144905014730903,Q1 lowest,Q5 most POC
PARK AV|2|2024|1,6713.561924130195,30778.468886212035,0.9859260629425147,0.41766036548214536,Bronx,switcher,2024,6.0,30,True,1.2715079401761733,Q1 lowest,Q5 most POC
PARK AV|3|-1|0,4152.085368982013,81404.46903167453,0.752343225724202,0.23149036089755595,Brooklyn,never_treated,,3.0,20,False,0.7863798047314419,Q3,Q4
PARK CIR|3|-1|0,279.17054578053944,139947.0,0.4534805890227577,0.09605087014725568,Brooklyn,never_treated,,0.0,4,False,0.05287320942813247,Q4,Q2
PARK CIR|3|1980|0,160.94024992621044,139947.00000000003,0.4534805890227577,0.09605087014725569,Brooklyn,always_treated,1980,0.0,6,True,0.03048110794057016,Q4,Q2
PARK CIR|3|2009|0,827.0072122006343,139947.0,0.4534805890227577,0.09605087014725569,Brooklyn,always_treated,2009,5.0,6,True,0.1566301538258777,Q4,Q2
PARK DR E|4|-1|0,4004.5617824851715,102564.0156477078,0.3056863885638755,0.15169415810274553,Queens,never_treated,,3.0,7,False,0.7584397315312825,Q4,Q1 least POC
PARK LA|4|-1|0,696.1508534756042,101749.69155458121,0.48064234782788073,0.056629431199655786,Queens,never_treated,,0.0,4,False,0.13184675255219777,Q4,Q2
PARK PL|1|-1|0,1247.937098838841,250000.99999999997,0.36536082474226805,0.010309278350515462,Manhattan,never_treated,,10.0,4,False,0.236351723264932,Q5 highest,Q1 least POC
PARK PL|3|-1|0,269.4901018248261,168594.0,0.37248592115848755,0.01926207270754205,Brooklyn,never_treated,,7.0,2,False,0.05103979201227767,Q5 highest,Q2
PARK ROW|1|-1|0,627.2761054687905,149912.4317052394,0.507896007162382,0.09834618906317526,Manhattan,never_treated,,4.0,6,False,0.11880229270242246,Q5 highest,Q2
PARK ROW|1|2017|0,95.86422243901352,190769.0,0.5511811023622047,0.12924281984334204,Manhattan,switcher,2017,0.0,1,True,0.01815610273466165,Q5 highest,Q3
PARK ROW|1|2018|0,1825.6079744195797,67702.43118388685,0.6937537726672498,0.4953595414205896,Manhattan,switcher,2018,0.0,22,True,0.3457590860643143,Q2,Q3
PARKSIDE AV|3|2022|0,2986.0352440838024,92757.0,0.7474808544941556,0.17150342603788796,Brooklyn,switcher,2022,18.0,3,True,0.5655369780461746,Q3,Q3
PARSONS BLVD|4|-1|0,20455.725984614593,75402.1023846116,0.802714586762821,0.17553439676606883,Queens,never_treated,,40.0,105,False,3.8741905273891275,Q3,Q4
PARSONS BOULEVARD|4|-1|0,9531.28497674443,54341.15483647449,0.884322672148251,0.17568417297301098,Queens,never_treated,,37.0,27,False,1.8051676092318996,Q2,Q4
PARSONS BOULEVARD|4|-1|1,617.9440330924501,95856.0,0.8098368087035358,0.08847123538849415,Queens,never_treated,,1.0,1,False,0.11703485475235798,Q3,Q4
PAUL AV|2|-1|0,2999.722775889136,58063.73324922446,0.8390725573803098,0.06652987247216825,Bronx,never_treated,,1.0,10,False,0.5681293136153667,Q2,Q4
PEARL STREET|1|-1|0,673.456732853413,32500.78230218753,0.6517991123385669,0.6398534088333175,Manhattan,never_treated,,15.0,13,False,0.12754862364647973,Q1 lowest,Q3
PEARL STREET|1|2018|0,17.52622631505461,11406.0,0.6950635087128463,0.7377990510542712,Manhattan,switcher,2018,1.0,2,True,0.0033193610445179187,Q1 lowest,Q3
PEARL STREET|3|-1|0,730.576795819456,250001.00000000006,0.28174469518356354,0.07106769956214214,Brooklyn,never_treated,,0.0,4,False,0.1383668173900485,Q5 highest,Q1 least POC
PEARL ST|1|-1|0,2927.7005351591315,201943.24604609056,0.36327607225824204,0.06968295434375069,Manhattan,never_treated,,8.0,14,False,0.5544887377195324,Q5 highest,Q1 least POC
PEARL ST|3|-1|0,654.4246496304371,250001.0,0.2817446951835635,0.07106769956214214,Brooklyn,never_treated,,0.0,11,False,0.12394406243000702,Q5 highest,Q1 least POC
PECK AV|4|-1|0,1090.7894095238362,55410.0,0.9535768809692959,0.32708127508105483,Queens,never_treated,,0.0,3,False,0.20658890331890836,Q2,Q5 most POC
PECK AV|4|-1|1,517.0747390103154,58386.0,0.8726088726088727,0.1338100102145046,Queens,never_treated,,0.0,2,False,0.0979308217822567,Q2,Q4
PELHAM PKWY N|2|-1|0,39.209200798787165,55486.0,0.6881621372639337,0.11145996860282575,Bronx,never_treated,,0.0,1,False,0.007425984999770296,Q2,Q3
PENNSYLVANIA AVENUE|3|-1|0,4000.192554898319,23701.5380377921,0.764701825597314,0.3261417904791882,Brooklyn,never_treated,,15.0,19,False,0.7576122263064998,Q1 lowest,Q4
PENNSYLVANIA AVE|3|2016|0,140.64069312482823,45000.0,0.847520355292376,0.18300751879699248,Brooklyn,switcher,2016,0.0,1,True,0.026636494910005346,Q1 lowest,Q4
PIGEON MEADOW RD|4|-1|0,1492.6038942363593,104779.0,0.7634059148521288,0.05654858628534287,Queens,never_treated,,3.0,4,False,0.28269013148415895,Q4,Q4
PIKE SLIP|1|-1|0,488.03119582227635,25873.427464601806,0.9171550411810687,0.3886399505321459,Manhattan,never_treated,,0.0,8,False,0.09243015072391597,Q1 lowest,Q4
PIKE SLIP|1|-1|1,494.0591760734792,28269.539966454704,0.8848443391534058,0.3210756186316863,Manhattan,never_treated,,1.0,8,False,0.09357181365028015,Q1 lowest,Q4
PIKE ST|1|-1|0,1059.027470115194,28607.0,0.8802938138413863,0.3115600964298014,Manhattan,never_treated,,5.0,13,False,0.20057338449151405,Q1 lowest,Q4
PIKE ST|1|-1|1,573.3947367720568,27323.16801255503,0.8976058193368882,0.3477609219073543,Manhattan,never_treated,,4.0,11,False,0.10859748802501076,Q1 lowest,Q4
PIKE ST|1|-1|2,424.82148335273644,27011.451953855445,0.9018091965498072,0.3565505289197108,Manhattan,never_treated,,0.0,2,False,0.08045861427135159,Q1 lowest,Q4
PIKE ST|1|-1|3,192.31208974740332,28607.0,0.8802938138413864,0.3115600964298014,Manhattan,never_treated,,2.0,1,False,0.03642274427034154,Q1 lowest,Q4
PIKE ST|1|-1|4,191.7899788418764,28607.0,0.8802938138413864,0.3115600964298014,Manhattan,never_treated,,0.0,1,False,0.03632385962914326,Q1 lowest,Q4
PIKE ST|1|2009|0,740.511898314988,26714.11715815875,0.9058186476831671,0.36493462057086345,Manhattan,always_treated,2009,0.0,2,True,0.14024846558995985,Q1 lowest,Q4
PIKE ST|1|2009|1,30.45342045223216,28607.0,0.8802938138413864,0.3115600964298014,Manhattan,always_treated,2009,0.0,1,True,0.005767693267468212,Q1 lowest,Q4
PITKIN AVENUE|3|-1|0,3974.1346305196303,33914.67992485021,0.9764907780960386,0.4177247500176693,Brooklyn,never_treated,,56.0,17,False,0.7526770133559906,Q1 lowest,Q5 most POC
PITKIN AVE|3|-1|0,8693.160608100017,66234.60415930803,0.9746769003065708,0.2700350383369628,Brooklyn,never_treated,,89.0,52,False,1.646431933352276,Q2,Q5 most POC
PITKIN AV|3|-1|0,508.97390743252197,33592.45895127464,0.9473240935470371,0.40181894859211553,Brooklyn,never_treated,,7.0,4,False,0.09639657337737159,Q1 lowest,Q5 most POC
PITKIN AV|3|-1|1,2300.6522347237496,48535.1550168228,0.9847030550481368,0.2336000465370439,Brooklyn,never_treated,,23.0,10,False,0.4357295899098011,Q2,Q5 most POC
PLATT ST|1|-1|0,341.9116549033894,160466.0,0.3733039545401833,0.09069272203432294,Manhattan,never_treated,,0.0,1,False,0.06475599524685405,Q5 highest,Q2
PLAZA ST E|3|-1|0,1055.274263515327,187029.56252559126,0.30646132896693745,0.053019577179794296,Brooklyn,never_treated,,5.0,5,False,0.19986254990820587,Q5 highest,Q1 least POC
PLAZA ST W|3|-1|0,956.8373942490647,203936.0,0.28000764525993876,0.05893608878683506,Brooklyn,never_treated,,5.0,4,False,0.18121920345626225,Q5 highest,Q1 least POC
PLAZA ST W|3|2007|0,329.1305533082036,203440.14475880555,0.28078351526418255,0.05876256120041245,Brooklyn,always_treated,2007,2.0,4,True,0.06233533206594766,Q5 highest,Q1 least POC
PLAZA ST W|3|2011|0,268.5356196673259,216202.06529165746,0.280944363853898,0.06090485198886196,Brooklyn,always_treated,2011,0.0,3,True,0.050859018876387475,Q5 highest,Q1 least POC
PLEASANT AV|1|-1|0,272.2946174468072,16939.13429223399,0.9488949604427488,0.48597778860612917,Manhattan,never_treated,,2.0,1,False,0.051570950274016515,Q1 lowest,Q5 most POC
PLYMOUTH STREET|3|-1|0,1125.6720759866744,250001.00000000003,0.28174469518356354,0.07106769956214215,Brooklyn,never_treated,,0.0,9,False,0.21319546893687014,Q5 highest,Q1 least POC
POLY PLACE|3|-1|0,1855.1127005928947,136583.0,0.448345035105316,0.0,Brooklyn,never_treated,,1.0,4,False,0.35134710238501793,Q4,Q2
POLY PLACE|3|2024|0,567.5520574352591,136583.00000000003,0.44834503510531604,0.0,Brooklyn,switcher,2024,0.0,2,True,0.10749091996879909,Q4,Q2
POWELL ST|3|-1|0,938.0208412574373,23821.0,0.984729064039409,0.5977475205916961,Brooklyn,never_treated,,2.0,10,False,0.1776554623593631,Q1 lowest,Q5 most POC
POWELL ST|3|-1|1,2334.272886844501,39746.455219200325,0.9900530284193308,0.2542957116747428,Brooklyn,never_treated,,1.0,5,False,0.4420971376599434,Q1 lowest,Q5 most POC
POWELL ST|3|2021|0,1712.4890319802273,16628.0,1.0,0.5369065281899111,Brooklyn,switcher,2021,1.0,13,True,0.3243350439356491,Q1 lowest,Q5 most POC
PRINCE ST|1|-1|0,3211.8127453367674,121416.8315826095,0.32074103225658174,0.132628584675921,Manhattan,never_treated,,55.0,16,False,0.6082978684349938,Q4,Q1 least POC
PROSPECT AV|2|-1|0,9497.663901607137,34534.07928551756,0.9779430514937786,0.32742606487309,Bronx,never_treated,,47.0,37,False,1.798799981364988,Q1 lowest,Q5 most POC
PROSPECT PARK SW|3|-1|0,5873.450698013835,136858.74040270838,0.29841032483256774,0.05498773724024196,Brooklyn,never_treated,,28.0,13,False,1.1123959655329232,Q4,Q1 least POC
PROSPECT PARK WEST|3|-1|0,1886.9757471639703,148301.03545246055,0.1522185631122426,0.08589210806637139,Brooklyn,never_treated,,6.0,12,False,0.3573817702962065,Q5 highest,Q1 least POC
PROSPECT PARK W|3|-1|0,161.01214247381404,207046.5989250528,0.3068433462303322,0.03886091791747587,Brooklyn,never_treated,,0.0,1,False,0.03049472395337387,Q5 highest,Q1 least POC
PROSPECT PARK W|3|2010|0,6272.869626068162,215545.2249108973,0.300940670242286,0.04531441472580691,Brooklyn,always_treated,2010,19.0,25,True,1.1880434897856367,Q5 highest,Q1 least POC
PROSPECT STREET|3|-1|0,551.624130935391,250000.99999999997,0.2817446951835635,0.07106769956214212,Brooklyn,never_treated,,2.0,3,False,0.10447426722261194,Q5 highest,Q1 least POC
PROSPECT ST|3|-1|0,263.513364644155,172415.74844026653,0.3564610838198939,0.09767330558676807,Brooklyn,never_treated,,0.0,5,False,0.04990783421290814,Q5 highest,Q1 least POC
PROVOST ST|3|-1|0,2212.7913748892106,140781.0,0.5442443226311667,0.24075531077891424,Brooklyn,never_treated,,2.0,10,False,0.419089275547199,Q4,Q3
PUGSLEY AVENUE|2|-1|0,6061.885086552495,49208.43973763157,0.9821749945903837,0.1773694641465931,Bronx,never_treated,,3.0,12,False,1.1480842966955482,Q2,Q5 most POC
PUGSLEY AVENUE|2|-1|1,2666.961750547623,66156.50072240905,0.9583503597564562,0.15846210845496256,Bronx,never_treated,,3.0,8,False,0.5051063921491711,Q2,Q5 most POC
PUGSLEY CREEK GREENWAY|2|-1|0,49.96850821077218,100553.0,0.954770656864312,0.06041233818123702,Bronx,never_treated,,0.0,1,False,0.009463732615676549,Q3,Q5 most POC
PULASKI BRIDGE BIKE PATH|3|2016|0,1433.5140086466458,140780.98249817747,0.5442429319886591,0.24075421523690596,Brooklyn,switcher,2016,0.0,6,True,0.271498865273986,Q4,Q3
PULASKI BRIDGE BIKE PATH|3|2024|0,57.39248943351749,138750.0,0.3828671328671329,0.11362307542389398,Brooklyn,switcher,2024,0.0,1,True,0.010869789665438919,Q4,Q2
PULASKI BRIDGE BIKE PATH|4|2016|0,1423.7342032892232,145921.3480131516,0.6710822352043988,0.28383193803622786,Queens,switcher,2016,0.0,13,True,0.2696466294108377,Q5 highest,Q3
PULASKI BR|3|-1|0,1442.9450094861465,140780.94346744672,0.5442398307234483,0.2407517720739083,Brooklyn,never_treated,,0.0,6,False,0.2732850396754065,Q4,Q3
PULASKI BR|4|-1|0,1421.9320155402154,145922.0,0.6715832850140234,0.28487926783812517,Queens,never_treated,,0.0,16,False,0.26930530597352564,Q5 highest,Q3
QUAY ST|3|2020|0,355.6181689081434,146250.0,0.30224904004388375,0.06016079844746327,Brooklyn,switcher,2020,1.0,1,True,0.0673519259295726,Q5 highest,Q1 least POC
QUEENS BLVD SR|4|-1|0,124.1630234841858,108007.0,0.5007173601147776,0.04071018651362984,Queens,never_treated,,0.0,1,False,0.02351572414473216,Q4,Q2
QUEENS BLVD|4|-1|0,1859.9522756671263,68238.51719676147,0.9563189108031759,0.1354705880328756,Queens,never_treated,,0.0,5,False,0.35226368857331936,Q2,Q5 most POC
QUEENS BLVD|4|-1|1,526.7306228687094,72000.0,0.8032845412352733,0.20099964298464837,Queens,never_treated,,2.0,5,False,0.09975958766452829,Q2,Q4
QUEENS BLVD|4|-1|2,232.85189323498543,65671.26080275647,0.6557135044644306,0.14433662964516009,Queens,never_treated,,0.0,1,False,0.04410073735511088,Q2,Q3
QUEENS BLVD|4|2011|0,1374.2961328362494,154420.0,0.5801910591335949,0.06044216538438778,Queens,always_treated,2011,19.0,7,True,0.2602833584917139,Q5 highest,Q3
QUEENS BLVD|4|2015|0,7304.681275121093,69621.81850788121,0.8055501213311362,0.1196452523531008,Queens,switcher,2015,12.0,52,True,1.3834623627123281,Q2,Q4
QUEENS BLVD|4|2015|1,6035.781456005288,75980.29201495874,0.8186468992175878,0.11419081654248374,Queens,switcher,2015,47.0,50,True,1.1431404272737289,Q3,Q4
QUEENS BLVD|4|2016|0,6206.110782525847,68866.44296609532,0.9369837316950002,0.10015128162373868,Queens,switcher,2016,38.0,36,True,1.175399769417774,Q2,Q4
QUEENS BLVD|4|2016|1,7324.652418934267,73854.15726124488,0.9230597832979209,0.11151542982091461,Queens,switcher,2016,14.0,51,True,1.3872447763133082,Q3,Q4
QUEENS BLVD|4|2017|0,6991.921410280214,86088.63921449769,0.5609050299007265,0.10425449938371452,Queens,switcher,2017,18.0,44,True,1.324227539825798,Q3,Q3
QUEENS BLVD|4|2017|1,7195.742449845123,88021.2774552118,0.6280659911657828,0.08119611088692191,Queens,switcher,2017,19.0,44,True,1.3628300094403643,Q3,Q3
QUEENS BL|4|2023|0,760.3309573883946,99630.00000000001,0.5592450192240475,0.046486486486486484,Queens,switcher,2023,0.0,2,True,0.14400207526295353,Q3,Q3
QUEENS BL|4|2023|1,803.2769906236608,99629.99999999999,0.5592450192240476,0.046486486486486484,Queens,switcher,2023,0.0,2,True,0.15213579367872365,Q3,Q3
QUEENS BOULEVARD|4|-1|0,180.32231949232485,65666.99999999999,0.6556581986143188,0.14434180138568128,Queens,never_treated,,2.0,2,False,0.034151954449303946,Q2,Q3
QUEENS BOULEVARD|4|-1|1,32.06676991998793,65667.0,0.6556581986143187,0.14434180138568128,Queens,never_treated,,0.0,1,False,0.006073251878785592,Q2,Q3
QUEENS BOULEVARD|4|2021|0,1016.5720802028187,113206.13013520162,0.5069347600977506,0.033109268142763625,Queens,switcher,2021,0.0,7,True,0.19253259094750355,Q4,Q2
QUEENS BOULEVARD|4|2021|1,5914.038544698381,107680.64372443214,0.533330855210454,0.0486031876598217,Queens,switcher,2021,21.0,39,True,1.1200830577080267,Q4,Q3
QUEENS BOULEVARD|4|2021|2,3919.402820351994,112296.99476083968,0.5650242540115922,0.04122228045017014,Queens,switcher,2021,19.0,27,True,0.7423111402181807,Q4,Q3
QUEENS BOULEVARD|4|2022|0,666.5828021154384,113332.99999999997,0.506934306569343,0.03289719626168224,Queens,switcher,2022,2.0,3,True,0.12624674282489365,Q4,Q2
QUEENS BOULEVARD|4|2023|0,9596.528032286298,81123.13988881391,0.7449772168894508,0.12948058700467094,Queens,switcher,2023,27.0,44,True,1.8175242485390717,Q3,Q3
QUEENS BOULEVARD|4|2023|1,54.82818426601376,99630.64786089225,0.5592210049656388,0.04648958624041811,Queens,switcher,2023,0.0,1,True,0.01038412580795715,Q3,Q3
QUEENS BOULEVARD|4|2023|2,109.31422634867471,99630.0,0.5592450192240476,0.04648648648648649,Queens,switcher,2023,0.0,2,True,0.02070345195997627,Q3,Q3
QUEENS BOULEVARD|4|2024|0,4666.653681528657,76792.39270761368,0.6957480135295385,0.3646157541884028,Queens,switcher,2024,47.0,17,True,0.8838359245319427,Q3,Q3
QUEENS BOULEVARD|4|2024|1,4571.333618373607,77197.99920256525,0.6920921019070218,0.3868892786462235,Queens,switcher,2024,0.0,18,True,0.8657828822677287,Q3,Q3
QUEENS PLAZA N|4|-1|0,515.415469767515,154419.99999999997,0.5801217038539553,0.06017579445571332,Queens,never_treated,,7.0,3,False,0.09761656624384754,Q5 highest,Q3
QUEENSBORO BRIDGE|1|1979|0,357.7200920803523,163385.56688684708,0.3853167717162697,0.02659161133596705,Manhattan,always_treated,1979,2.0,1,True,0.06775001743946066,Q5 highest,Q2
QUEENSBORO BR|1|1979|0,3996.547299118519,183594.2932248584,0.4267691202628121,0.0784441125394109,Manhattan,always_treated,1979,4.0,19,True,0.756921836954265,Q5 highest,Q2
QUEENSBORO BR|4|1979|0,3294.0622276172703,76294.15152484344,0.8128089959856838,0.2148086745328427,Queens,always_treated,1979,3.0,20,True,0.6238754218972102,Q3,Q4
QUIMBY AV|2|-1|0,858.0528082681078,56127.466329822346,0.9624606391026824,0.18371908238439227,Bronx,never_treated,,1.0,2,False,0.1625100015659295,Q2,Q5 most POC
RANDALL AV|2|-1|0,3405.917932072224,43622.31419755395,0.9540813945309286,0.28543988464059317,Bronx,never_treated,,7.0,14,False,0.6450602144076182,Q1 lowest,Q5 most POC
READE ST|1|-1|0,3395.5203227775164,227939.06117039005,0.3973539112128861,0.050172898819233855,Manhattan,never_treated,,7.0,7,False,0.6430909702230144,Q5 highest,Q2
RESERVOIR AV|2|-1|0,536.6692505008727,65500.0,0.9518363197356716,0.2219086711133915,Bronx,never_treated,,7.0,1,False,0.10164190350395318,Q2,Q5 most POC
REVIEW AVENUE|4|-1|0,2067.5030351425244,53958.0,0.6108374698152882,0.5323600168970573,Queens,never_treated,,2.0,6,False,0.391572544534569,Q2,Q3
REVIEW AVENUE|4|2025|0,3011.104742896401,53958.0,0.5998068043581555,0.548474405585954,Queens,treated_after_window,2025,1.0,7,False,0.5702849891849244,Q2,Q3
RICHMOND RD|5|-1|0,2262.550265638671,105663.9403906058,0.6937510115093976,0.137099282602747,Staten Island,never_treated,,3.0,7,False,0.42851330788611197,Q4,Q3
RICHMOND TERRACE|5|-1|0,3590.337656717291,96150.96504935497,0.39265219752464775,0.062089433931376274,Staten Island,never_treated,,7.0,8,False,0.679988192560093,Q3,Q2
RICHMOND TER|5|-1|0,11050.297108586434,68430.17820913714,0.7230118882615593,0.18047645431962483,Staten Island,never_treated,,25.0,48,False,2.0928593008686427,Q2,Q3
RICHMOND TR|5|2018|0,249.0466000033228,74257.99999999999,0.565661252900232,0.21398404504927265,Staten Island,switcher,2018,1.0,4,True,0.04716791666729599,Q3,Q3
RIDGE BOULEVARD|3|-1|0,10996.900716487504,87202.95733015124,0.37096121298961493,0.11269238982508062,Brooklyn,never_treated,,25.0,35,False,2.082746347819603,Q3,Q2
RIDGE BOULEVARD|3|2022|0,177.51029742327074,40708.0,0.7135416666666667,0.25634939473059576,Brooklyn,switcher,2022,0.0,4,True,0.033619374511983095,Q1 lowest,Q3
RIDGE BOULEVARD|3|2023|0,498.91729468028905,40707.99999999999,0.7135416666666666,0.2563493947305957,Brooklyn,switcher,2023,1.0,6,True,0.09449191187126686,Q1 lowest,Q3
RIVERDALE AV|2|-1|0,6568.944957348412,127903.75074204153,0.3729829207200481,0.17428114730051064,Bronx,never_treated,,2.0,8,False,1.2441183631341688,Q4,Q2
RIVERSIDE DR|1|-1|0,307.2400043952594,154424.59964728632,0.42476369879652487,0.06583785086733446,Manhattan,never_treated,,0.0,3,False,0.05818939477182943,Q5 highest,Q2
RIVERSIDE DR|1|-1|1,1530.4204509529275,77648.0,0.714771622934888,0.13216715257531583,Manhattan,never_treated,,2.0,12,False,0.28985235813502414,Q3,Q3
RIVERSIDE DR|1|-1|2,559.8554944856298,176873.00049252633,0.19629863010233392,0.05971296878153776,Manhattan,never_treated,,3.0,2,False,0.10603323759197535,Q5 highest,Q1 least POC
RIVINGTON ST|1|-1|0,2694.01626433801,69363.88300694435,0.6388537206088123,0.16803675546106575,Manhattan,never_treated,,37.0,13,False,0.5102303530943201,Q2,Q3
RIVINGTON ST|1|-1|1,363.8965983151404,55713.99999999999,0.7056424201223657,0.17199184228416042,Manhattan,never_treated,,5.0,2,False,0.06891981028695841,Q2,Q3
ROCHESTER AV|3|-1|0,608.8175950035156,42901.77551337939,0.9021762963361819,0.2843011379049462,Brooklyn,never_treated,,13.0,2,False,0.11530636269005978,Q1 lowest,Q4
ROCKAWAY AVENUE|3|2015|0,59.11201574367444,41253.545155150736,0.9887136244902187,0.339756665195855,Brooklyn,switcher,2015,1.0,2,True,0.011195457527211069,Q1 lowest,Q5 most POC
ROCKAWAY BEACH BLVD|4|-1|0,17429.666255177715,130176.57395940086,0.1523981832313683,0.07675316335240774,Queens,never_treated,,31.0,89,False,3.301073154389719,Q4,Q1 least POC
ROCKAWAY BREEZY BLVD|4|-1|0,4500.5528912590635,134562.99999999997,0.06284845413076534,0.03852002027369488,Queens,never_treated,,2.0,16,False,0.8523774415263378,Q4,Q1 least POC
ROCKAWAY FWY|4|-1|0,34.91853139220125,54637.0,0.7543264336613505,0.2663725822870716,Queens,never_treated,,0.0,1,False,0.006613358218219934,Q2,Q4
ROCKAWAY FWY|4|-1|1,344.2737554630337,54636.99999999999,0.7543264336613505,0.2663725822870716,Queens,never_treated,,0.0,1,False,0.06520336277708971,Q2,Q4
ROCKAWAY PARKWAY|3|2015|0,675.1352730246008,17824.0,0.9772114677775056,0.44278363146287675,Brooklyn,switcher,2015,1.0,7,True,0.12786652898193196,Q1 lowest,Q5 most POC
ROCKAWAY PKWY|3|-1|0,8146.206616475871,58593.49322727579,0.9803572341640054,0.23188410951134356,Brooklyn,never_treated,,42.0,24,False,1.542842162211339,Q2,Q5 most POC
ROCKLAND AVE|5|-1|0,1546.8434506186338,106095.08440924813,0.39547912577931554,0.10416485307465938,Staten Island,never_treated,,0.0,6,False,0.2929627747383776,Q4,Q2
ROCKLAND AV|5|-1|0,2119.943291495136,102210.01807637178,0.4097002602338354,0.1051431764577182,Staten Island,never_treated,,1.0,8,False,0.4015044112680181,Q4,Q2
ROEBLING ST|3|-1|0,258.4189996206355,91111.0,0.6304430863254393,0.22593582887700533,Brooklyn,never_treated,,16.0,1,False,0.048942992352393085,Q3,Q3
ROGERS PL|2|-1|0,1162.7340994470665,34193.56741595579,0.9332637130658965,0.3801570345883949,Bronx,never_treated,,5.0,4,False,0.2202147915619444,Q1 lowest,Q4
ROOSEVELT AV|4|-1|0,95.84804345968432,65667.0,0.6556581986143187,0.14434180138568128,Queens,never_treated,,2.0,1,False,0.01815303853403112,Q2,Q3
ROOSEVELT ISLAND BR|1|2022|0,648.9037848952735,103068.0,0.6374531835205992,0.08951916685131842,Manhattan,switcher,2022,0.0,2,True,0.12289844410895331,Q4,Q3
ROOSEVELT ISLAND BR|1|2022|1,649.2459410554982,103068.0,0.6374531835205991,0.0895191668513184,Manhattan,switcher,2022,0.0,3,True,0.12296324641202618,Q4,Q3
ROOSEVELT ISLAND GREENWAY|1|1987|0,215.3764934509859,180677.0,0.5073295092415551,0.1151495657767771,Manhattan,always_treated,1987,0.0,1,True,0.040791002547535204,Q5 highest,Q2
ROSEDALE AVENUE|2|-1|0,2821.474756710385,40944.69557323262,0.9907465965417295,0.2623356788528966,Bronx,never_treated,,12.0,7,False,0.5343702190739366,Q1 lowest,Q5 most POC
ROSEDALE AVENUE|2|-1|1,128.85533258202491,17319.0,0.984973867595819,0.4871969181962384,Bronx,never_treated,,0.0,4,False,0.024404419049625932,Q1 lowest,Q5 most POC
ROSEDALE AVENUE|2|-1|2,176.83526305115402,52423.0,0.9952316909157598,0.19550067245384523,Bronx,never_treated,,0.0,2,False,0.03349152709302159,Q2,Q5 most POC
ROSEDALE AVENUE|2|-1|3,164.37749133780787,43022.929768366754,0.9907668278034483,0.3045545713746508,Bronx,never_treated,,0.0,3,False,0.03113210063216058,Q1 lowest,Q5 most POC
ROSEDALE AVENUE|2|-1|4,204.04144522346184,17319.0,0.9849738675958187,0.4871969181962383,Bronx,never_treated,,0.0,5,False,0.03864421311050414,Q1 lowest,Q5 most POC
ROSEDALE AVENUE|2|2024|0,498.3270053310775,52423.0,0.9952316909157598,0.19550067245384523,Bronx,switcher,2024,0.0,1,True,0.0943801146460374,Q2,Q5 most POC
ROSEDALE AVENUE|2|2024|1,493.5263983294569,17319.0,0.9849738675958188,0.48719691819623834,Bronx,switcher,2024,0.0,4,True,0.09347090877451836,Q1 lowest,Q5 most POC
ROSEDALE AVENUE|2|2024|2,1120.0639474304282,50459.063233256406,0.9942988565210507,0.21828507260934235,Bronx,switcher,2024,0.0,10,True,0.21213332337697505,Q2,Q5 most POC
ROSEDALE AVENUE|2|2024|3,214.25169727009325,17319.0,0.9849738675958188,0.48719691819623845,Bronx,switcher,2024,0.0,2,True,0.04057797296782069,Q1 lowest,Q5 most POC
ROSEDALE AVENUE|2|2024|4,140.48052984214118,17319.0,0.984973867595819,0.4871969181962384,Bronx,switcher,2024,0.0,1,True,0.02660616095495098,Q1 lowest,Q5 most POC
ROSEDALE AVENUE|2|2024|5,385.82083990950554,17319.0,0.984973867595819,0.48719691819623845,Bronx,switcher,2024,0.0,2,True,0.07307212877073968,Q1 lowest,Q5 most POC
ROSEDALE AVENUE|2|2024|6,70.94459089527871,17083.0,0.9784458309699375,0.6054938632378726,Bronx,switcher,2024,0.0,2,True,0.01343647554834824,Q1 lowest,Q5 most POC
RUGBY RD|3|-1|0,7401.074802159386,149361.20734552672,0.595361115690477,0.09955834687210077,Brooklyn,never_treated,,22.0,18,False,1.4017187125301869,Q5 highest,Q3
RUTGERS ST|1|-1|0,128.531928740544,25655.0,0.9201004557715562,0.3947990543735225,Manhattan,never_treated,,3.0,1,False,0.024343168322072728,Q1 lowest,Q4
S 3 ST|3|-1|0,822.0743121680671,91111.0,0.6304430863254393,0.2259358288770053,Brooklyn,never_treated,,11.0,3,False,0.15569589245607332,Q3,Q3
S 4 ST|3|-1|0,2068.6946465159863,139840.95101955615,0.4408963477142588,0.1924012695159504,Brooklyn,never_treated,,15.0,5,False,0.39179822850681556,Q4,Q2
S 4 ST|3|2017|0,673.5719165439739,91111.0,0.6304430863254393,0.22593582887700536,Brooklyn,switcher,2017,31.0,4,True,0.127570438739389,Q3,Q3
S 5 PL|3|2017|0,228.85281286636786,91111.0,0.6304430863254393,0.22593582887700533,Brooklyn,switcher,2017,8.0,1,True,0.04334333577014543,Q3,Q3
S 5 ST|3|-1|0,838.8124710845336,163243.75266763722,0.3318556583772308,0.22555140343887187,Brooklyn,never_treated,,6.0,2,False,0.1588659983114647,Q5 highest,Q1 least POC
S 5 ST|3|2017|0,1197.9847394229362,147589.83745632877,0.396636977542604,0.22568060822913302,Brooklyn,switcher,2017,2.0,3,True,0.22689104913313185,Q5 highest,Q2
S RAILROAD AV|5|-1|0,3129.1635421510455,103593.85813154675,0.2734338412724279,0.15197856467603138,Staten Island,never_treated,,1.0,11,False,0.5926446102558798,Q4,Q1 least POC
S RAILROAD AV|5|-1|1,5034.5438789446835,102611.72336509707,0.3232012519975412,0.04411713785260378,Staten Island,never_treated,,0.0,18,False,0.953512098284978,Q4,Q1 least POC
SACKETT ST|3|-1|0,1546.7018480654174,134329.01409345187,0.4037953318803848,0.08902741577535998,Brooklyn,never_treated,,2.0,4,False,0.2929359560729957,Q4,Q2
SACKETT ST|3|-1|1,4768.29185447099,173374.63225601727,0.23734393581030586,0.06387838371185721,Brooklyn,never_treated,,15.0,13,False,0.9030855784982936,Q5 highest,Q1 least POC
SACKMAN ST|3|-1|0,2330.1888784784414,39748.023084657536,0.9900330200724043,0.2543199499278704,Brooklyn,never_treated,,1.0,5,False,0.44132365122697753,Q1 lowest,Q5 most POC
SAMUEL DICKSTEIN PLZ|1|2019|0,570.2372802107271,62090.54853916399,0.536043112994393,0.1680710926054162,Manhattan,switcher,2019,0.0,2,True,0.1079994848883953,Q2,Q3
SAND LA|5|-1|0,714.342749854682,85315.8523203688,0.39249610285424885,0.12065843601668085,Staten Island,never_treated,,6.0,6,False,0.13529218747247765,Q3,Q2
SANDS ST|3|-1|0,639.2264533450355,125447.9628505906,0.49070384989744,0.1702243881840393,Brooklyn,never_treated,,1.0,8,False,0.12106561616383248,Q4,Q2
SANDS ST|3|-1|1,422.35448869136604,148489.45573540241,0.37970517830519246,0.10600655700185059,Brooklyn,never_treated,,1.0,2,False,0.07999138043397085,Q5 highest,Q2
SANDS ST|3|2009|0,939.5801987242284,21841.000000000007,0.9898136645962734,0.4589823468328142,Brooklyn,always_treated,2009,1.0,9,True,0.17795079521292204,Q1 lowest,Q5 most POC
SANDS ST|3|2009|1,1373.099680954502,21840.999999999993,0.9898136645962731,0.45898234683281414,Brooklyn,always_treated,2009,0.0,23,True,0.2600567577565345,Q1 lowest,Q5 most POC
SANFORD AV|4|-1|0,16316.043566620641,56985.01119100889,0.914382966748478,0.18820862271020355,Queens,never_treated,,46.0,26,False,3.0901597664054243,Q2,Q4
SARATOGA AVENUE|3|-1|0,5181.773189081789,51243.799820778964,0.9763473790528678,0.3478840538707422,Brooklyn,never_treated,,14.0,7,False,0.9813964373260963,Q2,Q5 most POC
SARATOGA AVE|3|-1|0,100.81297096391737,21398.0,0.9431404958677686,0.4012632978723404,Brooklyn,never_treated,,0.0,1,False,0.019093365712863138,Q1 lowest,Q4
SCHENCK AVENUE|3|-1|0,5379.96305548438,57621.50772856299,0.9637113607331034,0.17319816094168466,Brooklyn,never_treated,,11.0,8,False,1.0189323968720416,Q2,Q5 most POC
SCHENCK AV|3|-1|0,242.78330856803527,75881.0,0.9910055350553506,0.10352014821676703,Brooklyn,never_treated,,4.0,3,False,0.04598168722879456,Q3,Q5 most POC
SCHERMERHORN STREET|3|-1|0,576.4131745967909,218500.0,0.319026000825423,0.01844769403824522,Brooklyn,never_treated,,0.0,1,False,0.10916916185545282,Q5 highest,Q1 least POC
SCHERMERHORN ST|3|-1|0,587.431765066399,218483.18030786107,0.3190044632352191,0.01846662459950907,Brooklyn,never_treated,,0.0,1,False,0.11125601611106041,Q5 highest,Q1 least POC
SCHERMERHORN ST|3|2022|0,3093.82971935185,164263.36474206796,0.4844131262541547,0.09674866418062988,Brooklyn,switcher,2022,12.0,10,True,0.5859525983620928,Q5 highest,Q2
SCHLEY AV|2|-1|0,552.8575090443943,33831.0,0.9794149512459372,0.3680555555555556,Bronx,never_treated,,1.0,1,False,0.10470786156143831,Q1 lowest,Q5 most POC
SCHOLES ST|3|-1|0,4877.753622043606,79973.08909910437,0.6739924372446262,0.2614673699052859,Brooklyn,never_treated,,37.0,24,False,0.9238169738718951,Q3,Q3
SCHOOL RD|5|-1|0,1519.4407697208708,100346.50605860859,0.486205586229948,0.0661654310640576,Staten Island,never_treated,,3.0,3,False,0.2877728730531952,Q3,Q2
SEA BREEZE AV|3|-1|0,34.41889403627295,50000.348978960516,0.15780894153836705,0.1648365851692463,Brooklyn,never_treated,,0.0,2,False,0.006518729931112302,Q2,Q1 least POC
SEAGIRT AV|4|-1|0,1949.386818140695,50748.071933507454,0.38870675826707995,0.1507045444898455,Queens,never_treated,,2.0,7,False,0.36920204889028313,Q2,Q2
SEAGIRT BL|4|-1|0,74.9110388503524,33727.0,0.8906595838866755,0.40099682827367467,Queens,never_treated,,0.0,2,False,0.01418769675196068,Q1 lowest,Q4
SEAGIRT BL|4|-1|1,132.30699827496036,33727.0,0.8906595838866754,0.4009968282736746,Queens,never_treated,,0.0,2,False,0.025058143612681886,Q1 lowest,Q4
SEAGIRT BOULEVARD|4|-1|0,270.6625336281103,33727.0,0.8906595838866755,0.40099682827367467,Queens,never_treated,,0.0,1,False,0.051261843490172404,Q1 lowest,Q4
SEAGIRT BOULEVARD|4|-1|1,258.4724924097975,69621.0,0.9589221163325664,0.1451540364290533,Queens,never_treated,,0.0,2,False,0.04895312356246165,Q2,Q5 most POC
SEAGIRT BOULEVARD|4|-1|2,140.39693175682717,33727.0,0.8906595838866754,0.4009968282736746,Queens,never_treated,,0.0,2,False,0.02659032798424757,Q1 lowest,Q4
SEAGIRT BOULEVARD|4|-1|3,290.4796425435158,63055.87119729837,0.8347642120176348,0.28128774447534116,Queens,never_treated,,0.0,3,False,0.05501508381505981,Q2,Q4
SEAGIRT BOULEVARD|4|-1|4,550.3879360442495,33727.0,0.8906595838866754,0.40099682827367467,Queens,never_treated,,0.0,2,False,0.10424013940231998,Q1 lowest,Q4
SEAGIRT BOULEVARD|4|-1|5,214.6866875968521,46641.1438662049,0.8530672661803267,0.22302631706376752,Queens,never_treated,,0.0,1,False,0.040660357499403804,Q1 lowest,Q4
SEAGIRT BOULEVARD|4|2022|0,3024.9830844851895,44668.805290476106,0.858943704275069,0.2502641776020385,Queens,switcher,2022,2.0,14,True,0.5729134629706798,Q1 lowest,Q4
SEAGIRT BOULEVARD|4|2022|1,1515.6217267595698,52664.289533981006,0.926674164074189,0.26601691451807125,Queens,switcher,2022,0.0,7,True,0.28704956946203974,Q2,Q4
SEAGIRT BOULEVARD|4|2022|2,1712.849536962995,41428.99999999999,0.6526894158473107,0.2039655452624736,Queens,switcher,2022,2.0,4,True,0.3244033213945066,Q1 lowest,Q3
SEAGIRT BOULEVARD|4|2022|3,541.8253019799558,41429.0,0.6526894158473107,0.2039655452624736,Queens,switcher,2022,1.0,1,True,0.10261842840529467,Q1 lowest,Q3
SEAGIRT BOULEVARD|4|2023|0,1727.0680798278372,69620.10834604927,0.9589124308332323,0.14515589651397812,Queens,switcher,2023,0.0,7,True,0.32709622724012066,Q2,Q5 most POC
SEAGIRT BOULEVARD|4|2023|1,2051.262350775472,41429.00000000001,0.6526894158473108,0.2039655452624736,Queens,switcher,2023,2.0,7,True,0.38849665734383937,Q1 lowest,Q3
SEAGIRT BOULEVARD|4|2023|2,490.3771829599911,41428.99999999999,0.6526894158473107,0.2039655452624736,Queens,switcher,2023,1.0,2,True,0.09287446646969529,Q1 lowest,Q3
SEAMAN AV|1|-1|0,4659.89618628295,85041.5271435649,0.6755537260952396,0.0717452079422638,Manhattan,never_treated,,11.0,12,False,0.8825560958869224,Q3,Q3
SEAVIEW AVE|3|-1|0,908.6161749793297,24249.525523347857,0.7667486504652041,0.3223048711514758,Brooklyn,never_treated,,0.0,3,False,0.1720863967763882,Q1 lowest,Q4
SEAVIEW AVE|3|2015|0,1591.3581377871683,17824.0,0.9772114677775056,0.44278363146287675,Brooklyn,switcher,2015,3.0,4,True,0.3013935867021152,Q1 lowest,Q5 most POC
SEAVIEW AV|5|2024|0,3568.4335907742206,110025.00000000003,0.40855895196506564,0.04681222707423581,Staten Island,switcher,2024,0.0,14,True,0.6758396952223903,Q4,Q2
SEAVIEW AV|5|2024|1,3574.498453748232,91509.0,0.3559691482226693,0.10452776795189246,Staten Island,switcher,2024,4.0,14,True,0.6769883435129227,Q3,Q1 least POC
SEDGWICK AVENUE|2|-1|0,909.2544051716334,37432.99999999999,0.9790589451913133,0.41115434500648507,Bronx,never_treated,,2.0,5,False,0.17220727370674874,Q1 lowest,Q5 most POC
SEDGWICK AVE|2|-1|0,776.4492305208514,32745.66333708534,0.9843753399389976,0.2620408421872672,Bronx,never_treated,,9.0,7,False,0.14705477850773702,Q1 lowest,Q5 most POC
SENECA AVE|4|-1|0,186.64979469572904,81000.0,0.6084583901773534,0.1684856753069577,Queens,never_treated,,0.0,1,False,0.035350339904494134,Q3,Q3
SHERMAN AV|1|-1|0,4028.6489991065596,51298.67972837164,0.9172720589318283,0.20739005575654862,Manhattan,never_treated,,28.0,11,False,0.7630017043762424,Q2,Q4
SHORE BLVD|4|-1|0,429.1463703144843,94881.0,0.5342535787321063,0.09611451942740286,Queens,never_treated,,2.0,3,False,0.08127772165047051,Q3,Q3
SHORE BOULEVARD|4|2016|0,42.72914100184955,61589.00000000001,0.5827839517799962,0.18986626483330193,Queens,switcher,2016,1.0,1,True,0.008092640341259384,Q2,Q3
SHORE FRONT PKWY CONNECTOR|4|2017|0,43.511503867446095,72981.0,0.3559643466717239,0.13641200255373484,Queens,switcher,2017,0.0,2,True,0.008240815126410245,Q2,Q1 least POC
SHORE FRONT PKWY|4|-1|0,309.07342849338835,82694.0,0.867482014388489,0.1364782673193888,Queens,never_treated,,0.0,6,False,0.058536634184353856,Q3,Q4
SHORE FRONT PKWY|4|-1|1,163.8115863436771,72980.99999999999,0.35596434667172383,0.13641200255373484,Queens,never_treated,,0.0,2,False,0.031024921655999453,Q2,Q1 least POC
SHORE FRONT PKWY|4|2017|0,8409.297250965994,71054.20176504106,0.48073821667136646,0.1449245011178584,Queens,switcher,2017,3.0,41,True,1.5926699338950747,Q2,Q2
SHORE PARKWAY|3|2015|0,1339.490172313936,17824.000000000004,0.9772114677775056,0.4427836314628768,Brooklyn,switcher,2015,0.0,12,True,0.253691320514003,Q1 lowest,Q5 most POC
SHORE PKWY|3|-1|0,4318.192157679371,69991.8753017418,0.5464398543381385,0.13266955609185982,Brooklyn,never_treated,,15.0,17,False,0.8178394238029112,Q2,Q3
SHORE PKWY|3|-1|1,444.83958771361193,82784.0,0.5887127947429456,0.17860508953817153,Brooklyn,never_treated,,1.0,2,False,0.0842499219154568,Q3,Q3
SHORE PKWY|3|-1|2,264.221589144433,101701.0,0.5242040994330571,0.11120802442215438,Brooklyn,never_treated,,0.0,1,False,0.05004196764099109,Q4,Q2
SHORE PKWY|3|2019|0,5121.750735581161,69034.88525943604,0.5704872567946015,0.15625884994784967,Brooklyn,switcher,2019,8.0,15,True,0.970028548405523,Q2,Q3
SHORE PKWY|4|-1|0,326.31735074080007,72061.0,0.6269212855146716,0.09951870827511254,Queens,never_treated,,0.0,2,False,0.06180252854939395,Q2,Q3
SHORE RD|3|-1|0,11588.286773930677,105629.28342252695,0.29792463965940846,0.07838541766035964,Brooklyn,never_treated,,18.0,39,False,2.194751282941416,Q4,Q1 least POC
SIGNS ROAD|5|-1|0,2915.7546866502903,112119.22241549456,0.42588898922776486,0.07505019043921826,Staten Island,never_treated,,3.0,8,False,0.5522262664110398,Q4,Q2
SILVER LAKE PARK RD|5|-1|0,3960.686483738529,90171.54003774277,0.31791917879553133,0.04786219622722027,Staten Island,never_treated,,0.0,11,False,0.75013001585957,Q3,Q1 least POC
SIMONSON AVENUE|5|-1|0,1253.3733634015384,87537.13875018354,0.7910657838756393,0.13480287820505255,Staten Island,never_treated,,1.0,4,False,0.23738131882604893,Q3,Q4
SKILLMAN AV|4|-1|0,5588.216543869086,170078.0,0.7830732002800231,0.545921859655196,Queens,never_treated,,12.0,9,False,1.0583743454297512,Q5 highest,Q4
SKILLMAN AV|4|2018|0,12222.626478291219,79156.08524991575,0.6881370031456439,0.29780429386143414,Queens,switcher,2018,41.0,30,True,2.314891378464246,Q3,Q3
SMITH ST|3|-1|0,7421.004934031298,180935.210525412,0.2782473199187834,0.06181920001282505,Brooklyn,never_treated,,94.0,39,False,1.405493358718049,Q5 highest,Q1 least POC
SMITH ST|3|2020|0,891.9819440364917,167645.87437863593,0.47256531412270286,0.09189314149585953,Brooklyn,switcher,2020,23.0,3,True,0.16893597424933554,Q5 highest,Q2
SOUND ST|4|-1|0,410.0502733002402,113673.95056703035,0.3111776248513146,0.03472951801469878,Queens,never_treated,,0.0,3,False,0.07766103660989397,Q4,Q1 least POC
SOUNDVIEW AVENUE|2|-1|0,2329.8025162945796,100552.99999999999,0.9547706568643118,0.060412338181237014,Bronx,never_treated,,3.0,8,False,0.44125047657094313,Q3,Q5 most POC
SOUNDVIEW AVENUE|2|-1|1,187.88276743966424,115063.99999999999,0.9829568788501025,0.14127310061601642,Bronx,never_treated,,0.0,2,False,0.03558385746963338,Q4,Q5 most POC
SOUNDVIEW AVENUE|2|-1|2,36.19676081533704,17083.0,0.9784458309699376,0.6054938632378726,Bronx,never_treated,,0.0,1,False,0.006855447124116864,Q1 lowest,Q5 most POC
SOUNDVIEW AVENUE|2|2023|0,2676.7441675648247,53224.09827571812,0.9896516652939353,0.24390087673457908,Bronx,switcher,2023,1.0,12,True,0.5069591226448532,Q2,Q5 most POC
SOUNDVIEW AVENUE|2|2023|1,1542.0413047910404,109520.30094520783,0.9721887765703983,0.11038151958924633,Bronx,switcher,2023,2.0,6,True,0.2920532774225455,Q4,Q5 most POC
SOUNDVIEW AVENUE|2|2024|0,499.3914967085683,17082.999999999996,0.9784458309699375,0.6054938632378725,Bronx,switcher,2024,0.0,7,True,0.09458172286147126,Q1 lowest,Q5 most POC
SOUNDVIEW AVENUE|2|2025|0,326.5170849026561,107808.55430405946,0.9688638733376206,0.10084302200131777,Bronx,treated_after_window,2025,1.0,1,False,0.061840356989139415,Q4,Q5 most POC
SOUTH 3 ST|3|-1|0,1764.4819613403806,61565.10152209037,0.7652413559525932,0.15419123158092388,Brooklyn,never_treated,,11.0,8,False,0.33418218964779933,Q2,Q4
SOUTH 4 ST|3|-1|0,2338.7051130455175,57214.96463316215,0.708546590713956,0.17833058544726232,Brooklyn,never_treated,,15.0,10,False,0.44293657444043893,Q2,Q3
SOUTH AVENUE|5|-1|0,419.2297536692371,99810.52186968463,0.5823313318235447,0.06281719209995267,Staten Island,never_treated,,3.0,4,False,0.07939957455856762,Q3,Q3
SOUTH END AV|1|-1|0,1421.7081711112216,233346.0,0.39629981024667926,0.03851992409867172,Manhattan,never_treated,,6.0,7,False,0.26926291119530715,Q5 highest,Q2
SOUTH LOOP RD|1|1987|0,420.05997477062857,180677.0,0.5073295092415551,0.1151495657767771,Manhattan,always_treated,1987,0.0,2,True,0.07955681340352813,Q5 highest,Q2
SOUTH ST|1|-1|0,68.64267343028796,184730.0,0.30597186995619097,0.04957343786027208,Manhattan,never_treated,,0.0,1,False,0.013000506331493931,Q5 highest,Q1 least POC
SOUTH ST|1|2011|0,11.299500153886093,184730.0,0.30597186995619097,0.04957343786027209,Manhattan,always_treated,2011,0.0,1,True,0.0021400568473269117,Q5 highest,Q1 least POC
SOUTH ST|1|2016|0,1428.9124165824328,33256.94137014162,0.9165248409127476,0.44271909638898244,Manhattan,switcher,2016,9.0,5,True,0.27062735162546075,Q1 lowest,Q4
SOUTH WILLIAM ST|1|-1|0,565.5417324924086,222167.00000000003,0.40241228070175444,0.0800877674163467,Manhattan,never_treated,,1.0,3,False,0.10711017660841073,Q5 highest,Q2
SOUTHERN BLVD|2|-1|0,4161.4886789933125,32558.9809764998,0.9806255166278678,0.37093114988711756,Bronx,never_treated,,40.0,17,False,0.7881607346578243,Q1 lowest,Q5 most POC
SOUTHERN BLVD|2|-1|1,8757.801863758481,38718.03238363405,0.9877945799576949,0.2565529618510967,Bronx,never_treated,,58.0,22,False,1.6586745954088031,Q1 lowest,Q5 most POC
SOUTHERN BL|2|2021|1,317.6218723572254,26524.0,0.9728795679240607,0.09929082458943841,Bronx,switcher,2021,2.0,1,True,0.06015565764341391,Q1 lowest,Q5 most POC
SOUTHERN BOULEVARD|2|-1|0,659.1704001792534,37168.0,0.9830105334692489,0.23139653414882771,Bronx,never_treated,,2.0,1,False,0.1248428788218283,Q1 lowest,Q5 most POC
SOUTHERN BOULEVARD|2|2020|0,3613.7795876191085,35492.99999999999,0.9559110276815247,0.08864799740698732,Bronx,switcher,2020,1.0,17,True,0.6844279522005887,Q1 lowest,Q5 most POC
SOUTHERN BOULEVARD|2|2021|0,1593.0513496262477,31107.000000000004,0.9680242768595176,0.13483707751283133,Bronx,switcher,2021,9.0,8,True,0.3017142707625469,Q1 lowest,Q5 most POC
SOUTHERN BOULEVARD|2|2021|1,47.36399533773067,31107.0,0.9641644675275756,0.17295123810404642,Bronx,switcher,2021,0.0,1,True,0.008970453662448991,Q1 lowest,Q5 most POC
SPRING STREET|1|-1|0,495.96178752211813,246250.00000000003,0.32455621301775156,0.04260355029585799,Manhattan,never_treated,,0.0,2,False,0.09393215672767388,Q5 highest,Q1 least POC
SPRING STREET|1|-1|1,765.3720394386263,141731.0,0.2190608373814481,0.07136237256719184,Manhattan,never_treated,,22.0,3,False,0.14495682565125498,Q5 highest,Q1 least POC
SPRING ST|1|-1|0,656.8414735865833,246249.99999999997,0.3245562130177515,0.04260355029585798,Manhattan,never_treated,,2.0,5,False,0.1244017942398832,Q5 highest,Q1 least POC
SPRING ST|1|-1|1,1795.7998510110008,106532.11206384421,0.4357937912792685,0.17405068851640987,Manhattan,never_treated,,21.0,8,False,0.34011360814602287,Q4,Q2
SPRING ST|1|-1|2,1659.065662491036,175783.52955279977,0.25103251480890865,0.05797686962159523,Manhattan,never_treated,,19.0,7,False,0.3142169815323932,Q5 highest,Q1 least POC
SPRINGFIELD BOULEVARD|4|-1|0,15153.013281459629,104126.87870209805,0.6734686386627382,0.09985467721760811,Queens,never_treated,,3.0,29,False,2.8698888790643236,Q4,Q3
SPRUCE ST|1|-1|0,843.5346759609981,119293.77674295226,0.47545736999218463,0.07519169232399556,Manhattan,never_treated,,1.0,7,False,0.15976035529564359,Q4,Q2
ST ANNS AV|2|-1|0,7457.734814038987,34063.32006889495,0.9815641838537362,0.33011232014976516,Bronx,never_treated,,66.0,54,False,1.4124497753861718,Q1 lowest,Q5 most POC
ST ANNS AV|2|-1|1,283.2506683422356,67375.0,0.8927243759957515,0.3230429988974642,Bronx,never_treated,,1.0,1,False,0.0536459599133022,Q2,Q4
ST ANNS AV|2|2017|0,547.3951571432472,67375.0,0.8927243759957515,0.32304299889746424,Bronx,switcher,2017,0.0,6,True,0.10367332521652409,Q2,Q4
ST CLAIR PL|1|-1|0,1288.0155523727688,51648.47133566414,0.7811609639774731,0.3217554543404312,Manhattan,never_treated,,6.0,8,False,0.24394233946453953,Q2,Q4
ST JAMES PLACE|1|-1|0,366.4452503582948,134583.0,0.7946799667497922,0.17573221757322177,Manhattan,never_treated,,2.0,4,False,0.06940250953755583,Q4,Q4
ST JOHNS PL|3|-1|0,14647.391151819855,76176.65124250784,0.7450914564331614,0.19731810544210696,Brooklyn,never_treated,,84.0,51,False,2.774127112087094,Q3,Q3
ST MARKS AVENUE|3|-1|0,5258.690404283164,38091.28629362418,0.9490093896240097,0.29400921048857204,Brooklyn,never_treated,,11.0,16,False,0.9959640917202962,Q1 lowest,Q5 most POC
ST MARKS AVENUE|3|-1|1,530.7336473541327,44352.20114824528,0.9905192660934468,0.3514958309770298,Brooklyn,never_treated,,0.0,2,False,0.10051773624131301,Q1 lowest,Q5 most POC
ST NICHOLAS AVE|1|-1|0,2972.6723088707818,56850.47571756753,0.9012658502396439,0.25007428610150284,Manhattan,never_treated,,30.0,17,False,0.5630061191043148,Q2,Q4
ST NICHOLAS AV|1|-1|0,311.3700157577966,67045.0,0.8683750218646142,0.18401139499688415,Manhattan,never_treated,,0.0,2,False,0.05897159389352208,Q2,Q4
ST NICHOLAS AV|1|-1|1,4337.324481133618,63981.05389468452,0.8360821072800617,0.16657695404478945,Manhattan,never_treated,,46.0,14,False,0.8214629699116701,Q2,Q4
ST NICHOLAS AV|1|-1|2,12826.01946062878,69295.12556707239,0.7623212648464808,0.17762467079256267,Manhattan,never_treated,,201.0,52,False,2.4291703523918144,Q2,Q4
ST NICHOLAS AV|1|-1|3,104.52500814860794,51190.0,0.8513645541587963,0.27168994688176273,Manhattan,never_treated,,2.0,1,False,0.019796403058448472,Q2,Q4
ST NICHOLAS AV|1|-1|4,1531.576521619904,55213.59764404126,0.8715997429848895,0.2317013966406372,Manhattan,never_treated,,15.0,4,False,0.2900713109128606,Q2,Q4
ST NICHOLAS AV|1|2010|0,319.029392018028,51190.0,0.8513645541587964,0.27168994688176273,Manhattan,always_treated,2010,3.0,1,True,0.060422233336747726,Q2,Q4
ST NICHOLAS AV|1|2020|0,821.8083762615834,36805.649794533354,0.912443840082743,0.2992550728854027,Manhattan,switcher,2020,0.0,6,True,0.15564552580711807,Q1 lowest,Q4
ST NICHOLAS PL|1|-1|0,1939.394883648811,73834.45950621439,0.8645653508149359,0.15649868282110682,Manhattan,never_treated,,7.0,14,False,0.36730963705469905,Q3,Q4
ST PAULS AVE|5|-1|0,4898.944673937247,74191.4655039429,0.5868665744382158,0.13263697703744426,Staten Island,never_treated,,4.0,14,False,0.9278304306699331,Q3,Q3
STAFF ST|1|-1|0,459.5817225030421,77648.0,0.714771622934888,0.13216715257531583,Manhattan,never_treated,,1.0,1,False,0.08704199289830343,Q3,Q3
STANLEY AVENUE|3|-1|0,763.6598222430305,40704.997014781766,0.992853695105636,0.3540261626106824,Brooklyn,never_treated,,1.0,5,False,0.14463254209148305,Q1 lowest,Q5 most POC
STANTON ST|1|-1|0,2119.9632303825488,70669.10688446302,0.539953969503348,0.16429402690858008,Manhattan,never_treated,,45.0,11,False,0.40150818757245244,Q2,Q3
STANTON ST|1|-1|1,501.6093978234644,55714.0,0.7056424201223658,0.17199184228416042,Manhattan,never_treated,,2.0,10,False,0.09500177989080766,Q2,Q3
STANTON ST|1|-1|2,407.7837403941462,55714.0,0.7056424201223657,0.17199184228416042,Manhattan,never_treated,,3.0,1,False,0.07723176901404284,Q2,Q3
STARR AVENUE|4|-1|0,931.4758356800922,53958.0,0.5904795442277083,0.5621003373784268,Queens,never_treated,,0.0,4,False,0.17641587796971445,Q2,Q3
STARR AV|4|-1|0,296.8381391828828,53958.0,0.8156182212581343,0.23320158102766797,Queens,never_treated,,4.0,2,False,0.056219344542212654,Q2,Q4
STARR ST|3|-1|0,5282.580957041582,88017.59504620632,0.6492547808241238,0.21662845994399071,Brooklyn,never_treated,,14.0,9,False,1.0004888176215119,Q3,Q3
STATE RD|4|-1|0,5763.029180833903,134563.0,0.06284845413076534,0.03852002027369488,Queens,never_treated,,1.0,21,False,1.0914827994003604,Q4,Q1 least POC
STEINWAY AVE|5|-1|0,1275.9922598202224,73750.0,0.43285371702637887,0.21187462326702836,Staten Island,never_treated,,0.0,4,False,0.24166520072352699,Q3,Q2
STERLING PL|3|-1|0,8575.29722342427,109470.93013271152,0.5994295420178513,0.1195342617977502,Brooklyn,never_treated,,17.0,15,False,1.6241093226182328,Q4,Q3
STORY AV|2|-1|0,543.3760184067221,64308.00000000001,0.994072657743786,0.02503369921047564,Bronx,never_treated,,2.0,2,False,0.10291212469824282,Q2,Q5 most POC
STRONG ST|2|-1|0,445.90484269644315,65500.0,0.9518363197356716,0.2219086711133915,Bronx,never_treated,,0.0,2,False,0.08445167475311423,Q2,Q5 most POC
SUFFOLK ST|1|-1|0,1440.514400335131,75344.39714443417,0.5419862340561535,0.16720082185912877,Manhattan,never_treated,,3.0,7,False,0.27282469703316875,Q3,Q3
SUFFOLK ST|1|2009|0,43.382435233150574,46615.0,0.7318928788800974,0.28797564687975646,Manhattan,always_treated,2009,0.0,1,True,0.00821637030930882,Q1 lowest,Q3
SULLIVAN STREET|3|-1|0,559.7211352245768,166302.0,0.3907312925170068,0.0840443686006826,Brooklyn,never_treated,,0.0,1,False,0.10600779076223045,Q5 highest,Q2
SUMMIT ST|3|-1|0,233.99983208467881,103578.0,0.39651070578905634,0.10978520286396182,Brooklyn,never_treated,,0.0,2,False,0.04431815001603765,Q4,Q2
SUNNYSIDE AV|3|-1|0,689.1566237255565,41664.09783492266,0.9616885455594494,0.06877089650790552,Brooklyn,never_treated,,0.0,2,False,0.13052208782680993,Q1 lowest,Q5 most POC
SURF AV|3|-1|0,5616.142795625997,20421.672059635715,0.2961060209467514,0.46293017898318906,Brooklyn,never_treated,,13.0,28,False,1.0636634082624994,Q1 lowest,Q1 least POC
SUTTER AV|3|-1|0,786.8029634157683,21678.568435678655,0.9892775049150797,0.5796260604879536,Brooklyn,never_treated,,5.0,11,False,0.14901571276813794,Q1 lowest,Q5 most POC
SUTTER AV|3|-1|1,1987.7409425351195,42147.23679730488,0.9886490375292021,0.3276325228729966,Brooklyn,never_treated,,9.0,19,False,0.3764660876013484,Q1 lowest,Q5 most POC
SUTTON PL S|1|2024|0,257.1439988415948,224887.57028118777,0.13622870094176273,0.023088591838139317,Manhattan,switcher,2024,1.0,1,True,0.04870151493212023,Q5 highest,Q1 least POC
SUTTON PL|1|-1|0,1084.9765486712806,224898.0,0.13603040999185445,0.02307901167526473,Manhattan,never_treated,,0.0,4,False,0.20548798270289406,Q5 highest,Q1 least POC
SWAN ST|5|-1|0,876.4907538317516,47930.80976858776,0.6660883650530585,0.3016638512879397,Staten Island,never_treated,,0.0,6,False,0.16600203671055902,Q1 lowest,Q3
TARGEE ST|5|-1|0,7001.186458329176,46924.60519682154,0.8719862504207854,0.29363647842844864,Staten Island,never_treated,,7.0,21,False,1.3259822837744653,Q1 lowest,Q4
TELLER AVENUE|2|-1|0,5460.367375015216,36129.63429191945,0.9669357799845434,0.3486211408486474,Bronx,never_treated,,5.0,37,False,1.0341604876922756,Q1 lowest,Q5 most POC
TERRACE PL|3|-1|0,733.8644352647234,128471.99999999999,0.12747252747252746,0.023809523809523808,Brooklyn,never_treated,,2.0,3,False,0.1389894763758946,Q4,Q1 least POC
TERRACE VIEW AV|1|-1|0,1336.491211517397,44498.0,0.9490616621983914,0.2997921718046415,Manhattan,never_treated,,0.0,4,False,0.25312333551465854,Q1 lowest,Q5 most POC
THAMES ST|3|-1|0,152.66133807838952,61419.99999999999,0.734132268086995,0.4458855098389981,Brooklyn,never_treated,,2.0,3,False,0.028913132211816198,Q2,Q3
THIRD AV|2|-1|0,9937.48046595658,33787.87583839523,0.9848022259200356,0.40134140833997406,Bronx,never_treated,,57.0,51,False,1.882098573097837,Q1 lowest,Q5 most POC
THOMAS S BOYLAND STREET|3|-1|0,10287.946872669158,42880.254745548606,0.9737759334458919,0.29960379177059204,Brooklyn,never_treated,,15.0,20,False,1.9484747864903706,Q1 lowest,Q5 most POC
THOMAS S BOYLAND ST|3|-1|0,3557.399919908174,86657.1204423306,0.8606507961575923,0.207574352045352,Brooklyn,never_treated,,31.0,15,False,0.6737499848310936,Q3,Q4
THOMPSON ST|1|-1|0,2463.5642341711014,139806.63165907346,0.22079473105652248,0.06864918635412805,Manhattan,never_treated,,10.0,8,False,0.4665841352596783,Q4,Q1 least POC
THROOP AV|3|-1|0,9757.974638891688,73081.28839513448,0.7873560887855799,0.2529037062123705,Brooklyn,never_treated,,184.0,41,False,1.84810125736585,Q3,Q4
THWAITES PLACE|2|2024|0,113.36750873546237,38780.0431346554,0.7724370578701646,0.261369017991663,Bronx,switcher,2024,1.0,1,True,0.021471119078686055,Q1 lowest,Q4
TIBBETT AV|2|-1|0,3552.559519639597,64243.0877832569,0.7831758744196948,0.16471896681077597,Bronx,never_treated,,2.0,7,False,0.6728332423559843,Q2,Q4
TIFFANY ST|2|-1|0,4779.082178620063,47185.0,0.931846367474009,0.2653225806451613,Bronx,never_treated,,8.0,10,False,0.905129200496224,Q1 lowest,Q4
TILLARY ST|3|2005|0,41.59762899791539,157637.70172214264,0.3056366764669383,0.07827549108909909,Brooklyn,always_treated,2005,0.0,2,True,0.007878338825362765,Q5 highest,Q1 least POC
TINTON AV|2|2021|0,1973.5484279114419,32061.66949954773,0.9888300705966958,0.280381778628348,Bronx,switcher,2021,12.0,18,True,0.373778111346864,Q1 lowest,Q5 most POC
TOMPKINS AV|3|-1|0,7023.08921642666,90350.4242862726,0.7447778581877765,0.22348069900864642,Brooklyn,never_treated,,100.0,43,False,1.33013053341414,Q3,Q3
TOMPKINS AV|5|-1|0,120.64585317428694,76557.0,0.37804005722460654,0.04148783977110158,Staten Island,never_treated,,0.0,1,False,0.022849593404221012,Q3,Q2
TOPPING AVENUE|2|-1|0,354.5105811667368,51964.0,0.9891459582976293,0.3259747706422018,Bronx,never_treated,,0.0,1,False,0.06714215552400318,Q2,Q5 most POC
TRANTOR PLACE|5|2024|0,309.01917418341,79938.0,0.7221175584024114,0.18816187594553707,Staten Island,switcher,2024,0.0,1,True,0.05852635874685795,Q3,Q3
TRAVIS AVE|5|-1|0,2933.7731074189646,89224.18453564044,0.4149801061649739,0.14720680689561041,Staten Island,never_treated,,1.0,7,False,0.5556388461020766,Q3,Q2
TRAVIS AV|5|-1|0,1866.504228802598,100478.99999999999,0.3638330088686999,0.11377893142980747,Staten Island,never_treated,,0.0,5,False,0.3535045887883708,Q3,Q1 least POC
TRINITY AV|2|-1|0,1217.41983211998,34484.0,1.0,0.3272863568215892,Bronx,never_treated,,1.0,3,False,0.23057193790151134,Q1 lowest,Q5 most POC
TRINITY AV|2|2021|0,1947.464891252144,27485.40113257574,0.9810664417591666,0.3702114440020478,Bronx,switcher,2021,1.0,14,True,0.3688380475856333,Q1 lowest,Q5 most POC
TROUTMAN ST|3|-1|0,5724.85906510126,88826.69236816207,0.6557634360695515,0.22645122295112274,Brooklyn,never_treated,,15.0,11,False,1.0842536108146326,Q3,Q3
UNDERCLIFF AVENUE|2|-1|0,1104.5621171739938,37433.00000000001,0.9790589451913133,0.411154345006485,Bronx,never_treated,,1.0,6,False,0.20919737067689276,Q1 lowest,Q5 most POC
UNDERHILL AVENUE|3|-1|0,1205.2802627508474,145699.12518540706,0.4128893180862292,0.07251604123869092,Brooklyn,never_treated,,2.0,5,False,0.22827277703614535,Q5 highest,Q2
UNDERHILL AVENUE|3|-1|1,579.7516867425013,191083.0,0.458920758385999,0.08361691784151679,Brooklyn,never_treated,,4.0,2,False,0.10980145582244343,Q5 highest,Q2
UNDERHILL AVENUE|3|-1|2,332.0231915268404,149643.0,0.4163150492264416,0.04247538677918425,Brooklyn,never_treated,,0.0,1,False,0.06288318021341674,Q5 highest,Q2
UNDERHILL AVENUE|3|2024|0,332.1697940893478,149643.0,0.4163150492264415,0.04247538677918425,Brooklyn,switcher,2024,0.0,1,True,0.06291094585025526,Q5 highest,Q2
UNDERHILL AVENUE|3|2024|1,332.74331159568527,149643.0,0.4163150492264416,0.04247538677918425,Brooklyn,switcher,2024,0.0,1,True,0.0630195665900919,Q5 highest,Q2
UNDERHILL AV|4|-1|0,1977.619985799376,104779.00000000001,0.7634059148521287,0.056548586285342865,Queens,never_treated,,1.0,5,False,0.3745492397347303,Q4,Q4
UNDERHILL AV|4|-1|1,3398.969336343336,91822.41155457328,0.8053443841719811,0.1289254387352551,Queens,never_treated,,5.0,14,False,0.6437441924892682,Q3,Q4
UNION AV|3|-1|0,5768.9961955217195,127952.12345903594,0.5097126128010567,0.14889015171593906,Brooklyn,never_treated,,123.0,30,False,1.0926129158185074,Q4,Q2
UNION SQ E|1|2016|0,508.49563563123104,193958.00000000003,0.3737212276214834,0.09784993418165863,Manhattan,switcher,2016,11.0,4,True,0.09630599159682406,Q5 highest,Q2
UNION SQ E|1|2019|0,296.4940961132543,193958.0,0.3737212276214834,0.09784993418165862,Manhattan,switcher,2019,0.0,2,True,0.05615418486993452,Q5 highest,Q2
UNION SQ W|1|-1|0,514.6789122670561,193958.0,0.37372122762148335,0.0978499341816586,Manhattan,never_treated,,0.0,2,False,0.09747706671724549,Q5 highest,Q2
UNION SQ W|1|2019|0,282.18741402753466,193958.0,0.3737212276214834,0.09784993418165862,Manhattan,switcher,2019,7.0,1,True,0.05344458599006338,Q5 highest,Q2
UNION ST BR|3|-1|0,674.5644596095055,141858.0919374067,0.33931036567485706,0.0898362572271675,Brooklyn,never_treated,,0.0,3,False,0.12775842038058818,Q5 highest,Q1 least POC
UNION ST|3|-1|0,4738.941690220024,173665.24959417596,0.23613092889190845,0.06374681577331945,Brooklyn,never_treated,,21.0,13,False,0.8975268352689438,Q5 highest,Q1 least POC
UNION ST|3|-1|1,611.0845499382993,134167.0,0.4206848357791753,0.10091743119266056,Brooklyn,never_treated,,2.0,3,False,0.115735710215587,Q4,Q2
UNION ST|4|-1|0,12416.653971776592,50806.573553976654,0.8978390496957713,0.18750648523199945,Queens,never_treated,,37.0,30,False,2.351639009806173,Q2,Q4
UNION TPK|4|2021|0,88.68997453363043,100925.97238091225,0.5112072135491014,0.05268719335293532,Queens,switcher,2021,0.0,2,True,0.01679734366167243,Q4,Q2
UNIVERSITY AVENUE|2|-1|0,569.2043370963628,38758.01633605345,0.9817563797612219,0.37071978663458316,Bronx,never_treated,,2.0,3,False,0.10780385172279598,Q1 lowest,Q5 most POC
UNIVERSITY AVENUE|2|-1|1,1548.7123025542378,37432.5145020749,0.9790601020340023,0.41113884188501676,Bronx,never_treated,,1.0,4,False,0.29331672396860564,Q1 lowest,Q5 most POC
UNIVERSITY AVENUE|2|2015|0,466.0970447979189,37433.0,0.9790589451913133,0.411154345006485,Bronx,switcher,2015,0.0,2,True,0.0882759554541513,Q1 lowest,Q5 most POC
UNIVERSITY AV|2|-1|0,3480.438581792705,46709.029522349076,0.9682353063862549,0.23915983839110816,Bronx,never_treated,,20.0,8,False,0.6591739738243759,Q1 lowest,Q5 most POC
UNIVERSITY AV|2|2020|0,3110.358448434451,31181.888212728005,0.9613238878573231,0.4768943124210172,Bronx,switcher,2020,16.0,20,True,0.5890830394762218,Q1 lowest,Q5 most POC
UNIVERSITY AV|2|2020|1,3098.203442221835,23798.046174961197,0.9970842957385931,0.37910292369956805,Bronx,switcher,2020,1.0,20,True,0.5867809549662566,Q1 lowest,Q5 most POC
USS NORTH CAROLINA ROAD|5|2006|0,2058.1230001745885,83416.99999999999,0.5529411764705883,0.0,Staten Island,always_treated,2006,0.0,4,True,0.3897960227603387,Q3,Q3
UTICA AV|3|-1|0,550.0213140143264,59799.0,0.9994734070563455,0.12223393045310854,Brooklyn,never_treated,,14.0,3,False,0.10417070341180425,Q2,Q5 most POC
UTOPIA PKWY|4|-1|0,8902.735396089462,114697.77843572505,0.4565281166183566,0.06665321621924601,Queens,never_treated,,0.0,42,False,1.6861241280472465,Q4,Q2
VAN BRUNT RD|4|-1|0,246.61261421313324,103333.0,0.21412996075010904,0.0911867364746946,Queens,never_treated,,0.0,1,False,0.046706934510063115,Q4,Q1 least POC
VAN BRUNT ST|3|-1|0,4654.49226847826,138210.0283109091,0.39331969749784307,0.09557282321737832,Brooklyn,never_treated,,20.0,20,False,0.881532626605731,Q4,Q2
VAN CORTLANDT AV E|2|-1|0,1141.149011269821,50459.40383439911,0.9287408389013148,0.20161751117255627,Bronx,never_treated,,0.0,8,False,0.2161267066798903,Q2,Q4
VAN CORTLANDT PARK E|2|-1|0,3848.4925331129975,90456.8198412241,0.436199414531582,0.13750997497566703,Bronx,never_treated,,0.0,13,False,0.7288811615744314,Q3,Q2
VAN DAM STREET|4|-1|0,92.3677078212094,53958.0,0.8156182212581344,0.233201581027668,Queens,never_treated,,1.0,1,False,0.017493884057047233,Q2,Q4
VAN DAM STREET|4|-1|1,199.56577137477834,53958.00000000001,0.8156182212581344,0.233201581027668,Queens,never_treated,,0.0,1,False,0.03779654760885953,Q2,Q4
VAN DAM STREET|4|2025|0,329.6437911788026,53958.0,0.8156182212581344,0.233201581027668,Queens,treated_after_window,2025,0.0,1,False,0.06243253620810655,Q2,Q4
VAN DUZER ST EXT|5|-1|0,429.0126275034488,47926.00000000001,0.6661094860008359,0.3017169179229481,Staten Island,never_treated,,0.0,5,False,0.08125239157262289,Q1 lowest,Q3
VAN DUZER ST|5|-1|0,6230.8128079962635,78510.88802390001,0.683408210059166,0.18965483271509342,Staten Island,never_treated,,2.0,20,False,1.1800781833326257,Q3,Q3
VAN DUZER ST|5|-1|1,4975.2664515096185,54796.87041587563,0.6500068294883299,0.27295935994585724,Staten Island,never_treated,,9.0,21,False,0.9422853127859125,Q2,Q3
VAN SICLEN AVE|3|-1|0,2987.918315191217,23657.0,0.7644422310756971,0.3262824783477681,Brooklyn,never_treated,,0.0,7,False,0.5658936203013669,Q1 lowest,Q4
VAN SICLEN AV|3|-1|0,4384.949772432733,44780.721209045434,0.9632603237745033,0.29605380179373025,Brooklyn,never_treated,,20.0,18,False,0.8304829114455934,Q1 lowest,Q5 most POC
VANDALIA AVENUE|3|-1|0,1638.9102355671155,23657.0,0.7644422310756972,0.3262824783477681,Brooklyn,never_treated,,3.0,7,False,0.3103996658271052,Q1 lowest,Q4
VANDALIA AV|3|-1|0,937.3594460653089,60919.0,0.9803921568627451,0.148000993295257,Brooklyn,never_treated,,0.0,4,False,0.1775301981184297,Q2,Q5 most POC
VANDERBILT AV|3|-1|0,7883.860627428733,146559.4346011131,0.4570045034755952,0.07267011630279156,Brooklyn,never_treated,,186.0,20,False,1.4931554218615024,Q5 highest,Q2
VANDERBILT AV|3|-1|1,635.2646250998446,88188.89600627981,0.7310859066744764,0.12385633943278535,Brooklyn,never_treated,,4.0,1,False,0.1203152699052736,Q3,Q3
VANDERBILT AV|3|2018|0,112.57313998902823,116842.0,0.5280821917808219,0.10833333333333335,Brooklyn,switcher,2018,0.0,4,True,0.02132067045246747,Q4,Q3
VANDERBILT AV|5|-1|0,7613.440641358131,46969.77279966831,0.8907845646046435,0.30015043462269136,Staten Island,never_treated,,8.0,23,False,1.4419395154087369,Q1 lowest,Q4
VARICK AV|3|-1|0,259.15820122520955,61420.0,0.734132268086995,0.4458855098389982,Brooklyn,never_treated,,1.0,1,False,0.04908299265628969,Q2,Q3
VARICK ST|1|-1|0,952.7676783581073,247327.54268693982,0.3020092748612851,0.03448504938514965,Manhattan,never_treated,,18.0,5,False,0.1804484239314597,Q5 highest,Q1 least POC
VARICK ST|1|-1|1,41.10290073511264,250001.0,0.246068774840159,0.014342491791947468,Manhattan,never_treated,,0.0,1,False,0.007784640290741031,Q5 highest,Q1 least POC
VARICK ST|1|2023|0,1263.4419077777961,250001.00000000006,0.24606877484015902,0.014342491791947472,Manhattan,switcher,2023,4.0,6,True,0.2392882401094311,Q5 highest,Q1 least POC
VERMONT ST|3|-1|0,2014.4563195239193,52135.534394057126,0.9559651520326453,0.2781592579227165,Brooklyn,never_treated,,7.0,6,False,0.38152581809165137,Q2,Q5 most POC
VERNON BLVD|4|-1|0,1559.696947876509,135517.06892844022,0.4830522379233217,0.04421204346060814,Queens,never_treated,,13.0,6,False,0.2953971492190358,Q4,Q2
VERNON BLVD|4|-1|1,1335.0612079159337,21667.0,0.9755085917440252,0.3229310685364409,Queens,never_treated,,9.0,14,False,0.2528525014992299,Q1 lowest,Q5 most POC
VERNON BLVD|4|-1|2,261.416285265821,145922.0,0.5540414989160731,0.03536469845279445,Queens,never_treated,,1.0,3,False,0.04951066008822367,Q5 highest,Q3
VERNON BLVD|4|2015|0,4096.111226415097,53358.789432487036,0.810457349411431,0.22734887683380842,Queens,switcher,2015,6.0,10,True,0.7757786413664957,Q2,Q4
VERNON BLVD|4|2015|1,4494.194593327611,145078.28148471774,0.5104458526752381,0.07442407366300331,Queens,switcher,2015,8.0,11,True,0.8511732184332597,Q5 highest,Q2
VERNON BLVD|4|2015|2,3637.649852673935,101202.81928783945,0.46583906125995783,0.05336668786759204,Queens,switcher,2015,2.0,10,True,0.6889488357336998,Q4,Q2
VERNON BLVD|4|2024|0,1398.3200042177932,53468.0,0.8098885793871867,0.22701949860724233,Queens,switcher,2024,2.0,2,True,0.2648333341321578,Q2,Q4
VERNON BL|4|-1|0,102.46190878122495,116875.0,0.5408805031446541,0.031559963931469794,Queens,never_treated,,0.0,1,False,0.019405664541898664,Q4,Q3
VESEY ST|1|-1|0,673.5754068579944,250001.0,0.28573643410852717,0.057829457364341086,Manhattan,never_treated,,3.0,4,False,0.12757109978371106,Q5 highest,Q1 least POC
W 10 ST|1|-1|0,4256.035598782375,150754.36305231552,0.226084690106302,0.07076551008338053,Manhattan,never_treated,,14.0,18,False,0.8060673482542376,Q5 highest,Q1 least POC
W 106 ST|1|-1|0,3172.371596555752,79470.9797121246,0.6090368428498398,0.22743924806362997,Manhattan,never_treated,,4.0,17,False,0.6008279538931349,Q3,Q3
W 110 ST|1|-1|0,2569.3797762914046,47811.59591313208,0.916849643087073,0.2914977254836011,Manhattan,never_treated,,33.0,9,False,0.4866249576309478,Q1 lowest,Q4
W 111 ST|1|-1|0,3279.012878556167,60607.29280513978,0.8226940782379935,0.24100142708089936,Manhattan,never_treated,,23.0,9,False,0.6210251663932135,Q2,Q4
W 117 ST|1|-1|0,243.96582363047511,42500.0,0.7638985406532315,0.16837532580364897,Manhattan,never_treated,,2.0,6,False,0.04620564841486271,Q1 lowest,Q4
W 118 ST|1|-1|0,401.88162287123623,89755.99999999999,0.6666666666666667,0.15657521286660359,Manhattan,never_treated,,2.0,3,False,0.07611394372561292,Q3,Q3
W 119 ST|1|-1|0,2455.7781452324266,81614.99864240948,0.6628211185017393,0.13928282873017428,Manhattan,never_treated,,9.0,11,False,0.4651094972031111,Q3,Q3
W 120 ST|1|-1|0,2614.9379930016366,82750.85728710589,0.6658206125666457,0.1393357443900615,Manhattan,never_treated,,14.0,11,False,0.4952534077654615,Q3,Q3
W 125 ST|1|-1|0,1238.1757610402847,52229.45843875847,0.7781073282147634,0.319538244299842,Manhattan,never_treated,,21.0,7,False,0.23450298504550846,Q2,Q4
W 126 ST|1|-1|0,1020.05615082221,92132.0,0.7493436023105199,0.1793659134699597,Manhattan,never_treated,,7.0,2,False,0.19319245280723676,Q3,Q3
W 127 ST|1|-1|0,2819.632687177819,52892.477663015896,0.8597603856131866,0.2582063434769832,Manhattan,never_treated,,19.0,17,False,0.5340213422685264,Q2,Q4
W 128 ST|1|-1|0,1896.0190418377147,63738.2100339898,0.8292452607860816,0.23641559240801632,Manhattan,never_treated,,5.0,4,False,0.35909451549956717,Q2,Q4
W 15 ST|3|-1|0,1343.1681827080256,57749.99999999999,0.8197511039743076,0.1706142111601766,Brooklyn,never_treated,,3.0,2,False,0.2543879133916715,Q2,Q4
W 151 ST|1|-1|0,161.41173064884487,77222.0,0.8736293126504413,0.13813853971650175,Manhattan,never_treated,,0.0,1,False,0.030570403531978194,Q3,Q4
W 158 ST|1|-1|0,1532.9897028501905,48609.495684088724,0.8569428399733552,0.21283922571485736,Manhattan,never_treated,,5.0,5,False,0.29033895887314215,Q2,Q4
W 158 ST|1|2015|0,1404.3981047986017,49342.22946129518,0.8549136739032023,0.16211685256548417,Manhattan,switcher,2015,8.0,8,True,0.2659844895451897,Q2,Q4
W 159 ST|1|-1|0,1553.4061496157447,56272.327799037506,0.8542621272072817,0.23779550956189038,Manhattan,never_treated,,4.0,7,False,0.2942057101544971,Q2,Q4
W 160 ST|1|-1|0,191.33294117191411,51190.0,0.8513645541587963,0.27168994688176273,Manhattan,never_treated,,2.0,1,False,0.036237299464377676,Q2,Q4
W 168 ST|1|-1|0,120.88753244216846,35646.99999999999,0.9141323792486583,0.303670745272525,Manhattan,never_treated,,7.0,3,False,0.022895365992834937,Q1 lowest,Q4
W 17 ST|1|-1|0,1019.5637946973616,152018.0,0.3085083810736261,0.07162651886591345,Manhattan,never_treated,,8.0,1,False,0.19309920354116697,Q5 highest,Q1 least POC
W 17 ST|3|-1|0,1337.479926654081,37183.59329933333,0.9215753609726925,0.45317909956915964,Brooklyn,never_treated,,6.0,2,False,0.25331059216933355,Q1 lowest,Q4
W 170 ST|1|-1|0,339.1794129576327,64761.0,0.7693220338983051,0.192292796281952,Manhattan,never_treated,,1.0,1,False,0.06423852518136983,Q2,Q4
W 170 ST|1|2015|0,1102.0335593713742,70896.85370729784,0.8600167611363996,0.15746992178731622,Manhattan,switcher,2015,5.0,4,True,0.20871847715366934,Q2,Q4
W 170 ST|1|2015|1,752.5834321209973,67045.0,0.8683750218646145,0.18401139499688418,Manhattan,switcher,2015,0.0,1,True,0.14253474093200705,Q2,Q4
W 177 ST|1|-1|0,1642.8567396376832,52643.94119538784,0.918407797983629,0.2752443736661447,Manhattan,never_treated,,11.0,12,False,0.31114710977986426,Q2,Q4
W 177 ST|1|-1|1,848.2622836851332,77420.0,0.8044524136219673,0.16992483574230094,Manhattan,never_treated,,2.0,1,False,0.16065573554642673,Q3,Q4
W 18 ST|1|-1|0,549.2449830176297,250000.99999999997,0.15500000000000003,0.028380634390651086,Manhattan,never_treated,,1.0,2,False,0.10402367102606623,Q5 highest,Q1 least POC
W 181 ST|1|-1|0,1076.436027001724,124722.50686143775,0.5517619370770047,0.06634658231443545,Manhattan,never_treated,,15.0,8,False,0.2038704596594174,Q4,Q3
W 181 ST|1|-1|1,226.85394609544568,98086.0,0.7332449373191899,0.0739842328684051,Manhattan,never_treated,,0.0,2,False,0.042964762518076835,Q3,Q3
W 181 ST|2|-1|0,1309.2384836370964,44845.0,0.9665202242084532,0.2698678012460111,Bronx,never_treated,,8.0,6,False,0.24796183402217734,Q1 lowest,Q5 most POC
W 183 ST|2|-1|0,1697.0790822335498,42533.63193519187,0.989833864593467,0.2659195848258082,Bronx,never_treated,,3.0,13,False,0.3214164928472632,Q1 lowest,Q5 most POC
W 195 ST|2|-1|0,253.71367011297374,65500.0,0.9518363197356716,0.2219086711133915,Bronx,never_treated,,2.0,1,False,0.048051831460790485,Q2,Q5 most POC
W 20 ST|1|-1|0,4620.837182837096,123942.46372343179,0.3418223718747663,0.11825858580094965,Manhattan,never_treated,,22.0,9,False,0.8751585573555107,Q4,Q1 least POC
W 205 ST|2|-1|0,788.8373065807285,58466.0,0.8364161849710983,0.051734104046242776,Bronx,never_treated,,1.0,1,False,0.14940100503422887,Q2,Q4
W 21 ST|1|-1|0,4620.45821699916,131487.89581176903,0.3814609926668452,0.12719017150746734,Manhattan,never_treated,,34.0,7,False,0.8750867835225682,Q4,Q2
W 218 ST|1|-1|0,1395.5548527475892,113510.0,0.466287345585709,0.048899129544290834,Manhattan,never_treated,,5.0,6,False,0.2643096312021949,Q4,Q2
W 22 ST|1|-1|0,873.6742803830289,249883.92987959666,0.15516465605405366,0.02846834408691282,Manhattan,never_treated,,4.0,2,False,0.16546861370890698,Q5 highest,Q1 least POC
W 225 ST|1|-1|0,875.8987843053945,44498.0,0.9490616621983913,0.2997921718046415,Manhattan,never_treated,,2.0,4,False,0.16588992126996108,Q1 lowest,Q5 most POC
W 228 ST|1|-1|0,981.4710322196015,44497.99999999999,0.9490616621983914,0.2997921718046415,Manhattan,never_treated,,2.0,7,False,0.18588466519310634,Q1 lowest,Q5 most POC
W 230 ST|2|-1|0,640.805496870562,53158.54412490278,0.8695625388044709,0.2982369565427081,Bronx,never_treated,,5.0,2,False,0.12136467743760644,Q2,Q4
W 240 ST|2|-1|0,254.77104198950775,70543.0,0.6487980105001381,0.10931849791376913,Bronx,never_treated,,0.0,1,False,0.04825209128589162,Q2,Q3
W 242 ST|2|-1|0,494.51018376062234,72303.77355017337,0.6403067417479041,0.11701114507701359,Bronx,never_treated,,2.0,6,False,0.09365723177284514,Q2,Q3
W 25 ST|1|2017|0,161.99804285111438,186191.0,0.4880811895208874,0.11208530805687204,Manhattan,switcher,2017,7.0,1,True,0.030681447509680753,Q5 highest,Q2
W 254 ST|2|-1|0,369.3781768652263,144886.0,0.34552529182879377,0.04310344827586207,Bronx,never_treated,,0.0,1,False,0.06995798804265649,Q5 highest,Q1 least POC
W 26 ST|1|-1|0,100.48413680876953,208715.5024752033,0.28461463958710165,0.04067865611322298,Manhattan,never_treated,,0.0,3,False,0.01903108651681241,Q5 highest,Q1 least POC
W 26 ST|1|-1|1,258.94329683177745,186191.0,0.4880811895208874,0.11208530805687204,Manhattan,never_treated,,3.0,1,False,0.04904229106662451,Q5 highest,Q2
W 26 ST|1|2018|0,5959.091444071341,167919.96410130733,0.3763477497280633,0.1056441078730075,Manhattan,switcher,2018,31.0,29,True,1.1286158038013905,Q5 highest,Q2
W 29 ST|1|-1|0,102.46086856321642,148706.0,0.47301275760549555,0.05855413804383383,Manhattan,never_treated,,0.0,3,False,0.019405467530912202,Q5 highest,Q2
W 29 ST|1|2011|0,2670.699652869171,121247.91109222316,0.5110043329208959,0.08102694362605041,Manhattan,always_treated,2011,9.0,4,True,0.5058143281949188,Q4,Q2
W 29 ST|1|2018|0,3719.837193595429,136796.36905703656,0.44823206325972437,0.10792109996241198,Manhattan,switcher,2018,21.0,5,True,0.7045146199991343,Q4,Q2
W 3 ST|1|-1|0,1167.9119948887385,118697.99999999999,0.22404730617608412,0.07784431137724551,Manhattan,never_treated,,7.0,5,False,0.2211954535774126,Q4,Q1 least POC
W 3 ST|1|2022|0,754.6933513740322,190407.99999999997,0.4593944255063164,0.16019968232357615,Manhattan,switcher,2022,3.0,3,True,0.14293434685114245,Q5 highest,Q2
W 30 ST|1|-1|0,6587.284991262074,131011.00353585281,0.5431815086318871,0.11957487393588875,Manhattan,never_treated,,57.0,17,False,1.2475918544056959,Q4,Q3
W 32 ST|1|2019|0,169.70335197968274,127308.00000000001,0.572072072072072,0.13718263718263718,Manhattan,switcher,2019,9.0,1,True,0.0321407863597884,Q4,Q3
W 38 ST|1|2021|0,7520.123903840826,145505.10737090698,0.5633859315798982,0.2506432946912363,Manhattan,switcher,2021,30.0,14,True,1.4242658908789443,Q5 highest,Q3
W 39 ST|1|2021|0,5516.358238857984,138412.05075883536,0.6213901604143665,0.271225678962094,Manhattan,switcher,2021,34.0,15,True,1.0447648179655273,Q4,Q3
W 4 ST|1|-1|0,445.3511224225073,118698.0,0.22404730617608415,0.07784431137724551,Manhattan,never_treated,,4.0,2,False,0.08434680348911122,Q4,Q1 least POC
W 4 ST|1|-1|1,765.2555934301982,185380.1796380163,0.24926720724097445,0.04657072979238523,Manhattan,never_treated,,3.0,3,False,0.14493477148299208,Q5 highest,Q1 least POC
W 40 ST|1|-1|0,3718.5981679879687,143671.95117592908,0.6750840019694802,0.34871874321083574,Manhattan,never_treated,,40.0,7,False,0.7042799560583274,Q5 highest,Q3
W 40 ST|1|2022|0,893.1442163235222,109739.99999999999,0.46082949308755755,0.0671208174714486,Manhattan,switcher,2022,0.0,1,True,0.16915610157642466,Q4,Q2
W 42 ST|1|-1|0,172.3329098309301,15971.0,0.7192307692307692,0.4615384615384615,Manhattan,never_treated,,15.0,1,False,0.0326388086801004,Q1 lowest,Q3
W 43 ST|1|-1|0,6302.3669000812515,61956.17234088044,0.553611006879435,0.235778921482382,Manhattan,never_treated,,53.0,15,False,1.1936300947123581,Q2,Q3
W 44 ST|1|-1|0,6217.9572706840345,61046.653525926136,0.5550749134223674,0.23842153766321836,Manhattan,never_treated,,43.0,12,False,1.1776434224780368,Q2,Q3
W 47 ST|1|2016|0,153.72495500781326,137772.0,0.562700964630225,0.13185913185913187,Manhattan,switcher,2016,6.0,1,True,0.029114574812085847,Q4,Q3
W 48 ST|1|-1|0,2819.1360555671367,137772.0,0.5902512058618732,0.15865122249836586,Manhattan,never_treated,,19.0,5,False,0.5339272832513516,Q4,Q3
W 51 ST|1|-1|0,2819.265038555332,133960.62366679913,0.4650660867371151,0.07281884750845383,Manhattan,never_treated,,22.0,8,False,0.5339517118476007,Q4,Q2
W 52 ST|1|-1|0,751.8854812370265,115574.0,0.6734515211205955,0.11971985117093456,Manhattan,never_treated,,3.0,4,False,0.14240255326458837,Q4,Q3
W 52 ST|1|-1|1,273.6307679937664,107018.0,0.5407554671968191,0.08813783962889331,Manhattan,never_treated,,0.0,1,False,0.05182400908972849,Q4,Q3
W 52 ST|1|2019|0,3327.8228108580606,111610.10742947989,0.5596483271043118,0.1264919206198316,Manhattan,switcher,2019,11.0,9,True,0.6302694717534205,Q4,Q3
W 52 ST|1|2019|1,1920.2538405347475,146552.8527992104,0.4296909861743095,0.06565917882719306,Manhattan,switcher,2019,9.0,4,True,0.36368443949521734,Q5 highest,Q2
W 54 ST|1|-1|0,3149.5648827833975,172937.33155899163,0.3760391207573408,0.07442858011396396,Manhattan,never_treated,,18.0,6,False,0.5965085005271586,Q5 highest,Q2
W 54 ST|4|-1|0,778.6823337072107,111525.52195781753,0.669440506840167,0.13297038566241148,Manhattan,never_treated,,12.0,4,False,0.14747771471727475,Q4,Q3
W 55 ST|1|-1|0,223.36172495851673,67279.0,0.6256034328625067,0.27778778598450726,Manhattan,never_treated,,2.0,5,False,0.04230335699971908,Q2,Q3
W 55 ST|1|-1|1,225.24613843149095,91045.00000000001,0.32594673325010404,0.0747264200104221,Manhattan,never_treated,,0.0,1,False,0.04266025349081268,Q3,Q1 least POC
W 55 ST|1|2019|0,2428.2379198377134,76099.54357231582,0.5143884629194136,0.20242333145162894,Manhattan,switcher,2019,3.0,13,True,0.45989354542380934,Q3,Q2
W 55 ST|1|2019|1,3494.5257077616907,168147.8284819706,0.3397471132060271,0.07320142590937069,Manhattan,switcher,2019,13.0,7,True,0.6618419901063808,Q5 highest,Q1 least POC
W 6 ST|3|-1|0,8081.092655835838,81060.3296268985,0.6706260589061095,0.2045472949429861,Brooklyn,never_treated,,39.0,14,False,1.5305099726961815,Q3,Q3
W 77 ST|1|-1|0,3261.00685425958,151441.44254176723,0.22150835203736077,0.06477822669920118,Manhattan,never_treated,,15.0,11,False,0.6176149345188598,Q5 highest,Q1 least POC
W 78 ST|1|-1|0,2312.7462481101816,174809.4711207463,0.20232012000323168,0.07301417118450453,Manhattan,never_treated,,4.0,7,False,0.43802012274814045,Q5 highest,Q1 least POC
W 79 ST|1|-1|0,993.9548019697107,195052.08140411088,0.18199466062267491,0.06439781166821816,Manhattan,never_treated,,15.0,12,False,0.18824901552456644,Q5 highest,Q1 least POC
W 8 ST|1|-1|0,1018.1330914570833,172688.0193945734,0.17264812255964987,0.045292170338914674,Manhattan,never_treated,,7.0,2,False,0.192828237018387,Q5 highest,Q1 least POC
W 9 ST|1|-1|0,1030.8839970756694,172687.46597022546,0.1724974710200243,0.04526716621198884,Manhattan,never_treated,,6.0,4,False,0.19524318126433132,Q5 highest,Q1 least POC
W 9 ST|3|-1|0,858.5775057590358,189541.45103370852,0.21368552558327036,0.03474953458933059,Brooklyn,never_treated,,1.0,2,False,0.16260937609072648,Q5 highest,Q1 least POC
W 90 ST|1|-1|0,3240.403497806295,137894.2508415002,0.36797146411916704,0.08017343407939906,Manhattan,never_treated,,12.0,23,False,0.6137127836754347,Q4,Q1 least POC
W 91 ST|1|-1|0,3185.080403249446,127030.77541358903,0.3682643288456875,0.11186286162086499,Manhattan,never_treated,,7.0,27,False,0.6032349248578497,Q4,Q1 least POC
W BROADWAY|1|-1|0,2725.933367479568,157539.35315687174,0.2231027784253278,0.059562187665388136,Manhattan,never_treated,,44.0,8,False,0.5162752589923424,Q5 highest,Q1 least POC
W BROADWAY|1|-1|1,223.7985080848905,250000.99999999997,0.36536082474226805,0.010309278350515464,Manhattan,never_treated,,0.0,1,False,0.042386081076683804,Q5 highest,Q1 least POC
W BROADWAY|1|2023|0,2640.30005594416,250001.00000000003,0.2878754269789276,0.012929026674316254,Manhattan,switcher,2023,5.0,16,True,0.500056828777303,Q5 highest,Q1 least POC
W HOUSTON ST|1|-1|0,1497.8613163703278,238012.73571205954,0.288352936338052,0.04808216428397527,Manhattan,never_treated,,13.0,6,False,0.28368585537316815,Q5 highest,Q1 least POC
W MOSHOLU PKWY S|2|-1|0,781.609501499396,58466.0,0.8364161849710984,0.05173410404624277,Bronx,never_treated,,2.0,1,False,0.14803210255670377,Q2,Q4
W TREMONT AVE|2|-1|0,1464.1229817975845,39828.41483910195,0.9656708420522622,0.3039316488464683,Bronx,never_treated,,1.0,9,False,0.27729601927984554,Q1 lowest,Q5 most POC
W TREMONT AVE|2|-1|1,3358.5818526247317,34338.19221692574,0.9770938245227223,0.3185776792047739,Bronx,never_treated,,32.0,13,False,0.6360950478455931,Q1 lowest,Q5 most POC
W TREMONT AVE|2|2024|0,68.40636062070547,29185.7980395198,0.9793342887813934,0.402239186612506,Bronx,switcher,2024,0.0,2,True,0.012955750117557854,Q1 lowest,Q5 most POC
WAKEMAN PL|3|-1|0,1558.9239295818165,102260.88002360195,0.44044462825213576,0.06072808031230258,Brooklyn,never_treated,,2.0,4,False,0.2952507442389804,Q4,Q2
WALKER STREET|5|-1|0,2335.011454939928,85372.25725859805,0.7206152133888187,0.1282312297510228,Staten Island,never_treated,,3.0,11,False,0.442237017981047,Q3,Q3
WALLABOUT ST|3|-1|0,908.3855150916748,54337.65738190012,0.13177526012401333,0.39904603621007323,Brooklyn,never_treated,,14.0,2,False,0.17204271119160508,Q2,Q1 least POC
WALTON AVENUE|2|-1|0,11591.991106644344,41530.93590909129,0.9830568064619489,0.3096478049286527,Bronx,never_treated,,32.0,38,False,2.195452861106883,Q1 lowest,Q5 most POC
WALTON AV|2|-1|0,8512.974650073367,47415.15764164915,0.885035813629823,0.3485329505976674,Bronx,never_treated,,28.0,35,False,1.6123058049381378,Q1 lowest,Q4
WANAMAKER PL|1|-1|0,449.1593079286386,236250.0,0.15725397362191407,0.04107264086897487,Manhattan,never_treated,,4.0,2,False,0.08506805074406035,Q5 highest,Q1 least POC
WARREN ST|1|-1|0,2113.2545465283324,250001.00000000003,0.36044643920215097,0.01324220479115259,Manhattan,never_treated,,15.0,14,False,0.4002376035091539,Q5 highest,Q1 least POC
WASHINGTON AV|3|-1|0,3021.9955290175412,144220.10999948048,0.4451192813666945,0.07040310646355082,Brooklyn,never_treated,,54.0,13,False,0.572347638071504,Q5 highest,Q2
WASHINGTON BRIDGE|1|2024|0,747.9264658952769,17056.0,0.9745564571585751,0.6006051437216339,Manhattan,switcher,2024,0.0,9,True,0.14165273975289336,Q1 lowest,Q5 most POC
WASHINGTON BRIDGE|2|-1|0,57.86757941376224,29655.42635515001,0.9869497561718193,0.30988317247420527,Bronx,never_treated,,0.0,2,False,0.010959768828364061,Q1 lowest,Q5 most POC
WASHINGTON BRIDGE|2|2024|0,1443.644035930012,17055.999999999996,0.9745564571585751,0.6006051437216339,Bronx,switcher,2024,0.0,14,True,0.2734174310473508,Q1 lowest,Q5 most POC
WASHINGTON PARK|3|-1|0,1350.4845326321538,182401.0,0.41882524626048895,0.04903036955726307,Brooklyn,never_treated,,4.0,2,False,0.2557735857257867,Q5 highest,Q2
WASHINGTON SQ E|1|-1|0,768.9654898027957,150104.71463216929,0.23798566295012677,0.04523615622502868,Manhattan,never_treated,,3.0,2,False,0.1456374033717416,Q5 highest,Q1 least POC
WASHINGTON SQ N|1|-1|0,1547.2454451816811,151882.88341523157,0.21236986472272104,0.05159023136652864,Manhattan,never_treated,,1.0,2,False,0.2930389100722881,Q5 highest,Q1 least POC
WASHINGTON SQ S|1|-1|0,1000.6413835680705,118698.0,0.22404730617608415,0.0778443113772455,Manhattan,never_treated,,4.0,5,False,0.1895154135545588,Q4,Q1 least POC
WASHINGTON SQ W|1|-1|0,507.8519068784689,118698.00000000001,0.22404730617608418,0.07784431137724551,Manhattan,never_treated,,3.0,3,False,0.09618407327243729,Q4,Q1 least POC
WASHINGTON STREET|1|-1|0,5182.336600676475,183868.26928952266,0.26244882509876755,0.06041264423309021,Manhattan,never_treated,,24.0,25,False,0.9815031440675143,Q5 highest,Q1 least POC
WASHINGTON ST|3|-1|0,1139.804136275088,250001.00000000006,0.2817446951835635,0.07106769956214214,Brooklyn,never_treated,,4.0,7,False,0.21587199550664546,Q5 highest,Q1 least POC
WATER STREET|3|-1|0,1646.7163918704282,249920.09033660576,0.2818102119489954,0.0710435372569668,Brooklyn,never_treated,,1.0,11,False,0.3118781045209144,Q5 highest,Q1 least POC
WATER STREET|3|-1|1,1794.6419169219707,250001.0,0.2817446951835635,0.07106769956214214,Brooklyn,never_treated,,2.0,4,False,0.3398943024473429,Q5 highest,Q1 least POC
WATER ST|1|-1|0,644.953989010627,28495.677883222917,0.8817219931816332,0.3150651152302273,Manhattan,never_treated,,0.0,3,False,0.12215037670655814,Q1 lowest,Q4
WATER ST|1|-1|1,71.77500935533708,184730.0,0.30597186995619097,0.04957343786027208,Manhattan,never_treated,,3.0,1,False,0.013593751771844144,Q5 highest,Q1 least POC
WATSON AVENUE|2|-1|0,6823.3505566502645,44994.09436192586,0.9706174254815788,0.3063183054186421,Bronx,never_treated,,22.0,44,False,1.2923012417898228,Q1 lowest,Q5 most POC
WEBSTER AV|2|2022|0,2145.558435348021,80961.85875829068,0.22160289718935858,0.019876152094073132,Bronx,switcher,2022,6.0,7,True,0.4063557642704585,Q3,Q1 least POC
WEEKS AVENUE|2|-1|0,1851.8447089250396,50867.5385956256,0.9831862250045632,0.3204515777252741,Bronx,never_treated,,5.0,14,False,0.3507281645691363,Q2,Q5 most POC
WEST 15 STREET|1|-1|0,4877.009163503026,128833.74160219435,0.39695685602350067,0.10161834789749843,Manhattan,never_treated,,22.0,12,False,0.9236759779361792,Q4,Q2
WEST 16 STREET|1|-1|0,4982.244252962033,131424.3317107067,0.3917767498737512,0.10004994478961338,Manhattan,never_treated,,23.0,10,False,0.9436068660912941,Q4,Q2
WEST 167 STREET|2|-1|0,402.34536603277263,37433.0,0.9790589451913133,0.411154345006485,Bronx,never_treated,,2.0,2,False,0.0762017738698433,Q1 lowest,Q5 most POC
WEST 168 STREET|2|-1|0,299.10394186574746,35555.08890345702,0.9835336249178172,0.3511881076005249,Bronx,never_treated,,0.0,1,False,0.05664847383820974,Q1 lowest,Q5 most POC
WEST 170 STREET|2|-1|0,1514.4596570230874,40480.84284511297,0.9859015383648314,0.3139339699016946,Bronx,never_treated,,11.0,9,False,0.28682948049679685,Q1 lowest,Q5 most POC
WEST 172 STREET|2|-1|0,489.93466006058117,45736.34039662712,0.9778625639487369,0.24384878215954933,Bronx,never_treated,,0.0,2,False,0.092790655314504,Q1 lowest,Q5 most POC
WEST 177 STREET|1|-1|0,918.3863232124108,71907.70728092757,0.7615851262074819,0.16692095317486494,Manhattan,never_treated,,7.0,3,False,0.17393680363871417,Q2,Q4
WEST 179 STREET|2|-1|0,476.1924983786254,50992.99999999999,0.9865215137376878,0.19803006739243129,Bronx,never_treated,,0.0,4,False,0.09018797317776996,Q2,Q5 most POC
WEST 180 STREET|1|-1|0,2785.0750931641646,72155.2804152307,0.8394636150725406,0.1886402071968736,Manhattan,never_treated,,9.0,7,False,0.5274763434023039,Q2,Q4
WEST 182 STREET|1|2024|0,262.81350809514544,61667.0,0.4636184857423795,0.15987055016181229,Manhattan,switcher,2024,0.0,1,True,0.049775285624080574,Q2,Q2
WEST 205 STREET|2|-1|0,506.0639001005487,58466.0,0.8364161849710983,0.051734104046242776,Bronx,never_treated,,0.0,5,False,0.09584543562510392,Q2,Q4
WEST 54 STREET|1|-1|0,2699.246279089624,102866.97023925908,0.4998039697173079,0.12268855744816973,Manhattan,never_treated,,12.0,6,False,0.5112208861912166,Q4,Q2
WEST 60 STREET|1|-1|0,332.22974769574586,158593.00000000003,0.5681901727729445,0.1411591716701385,Manhattan,never_treated,,4.0,4,False,0.06292230069995186,Q5 highest,Q3
WEST BURNSIDE AVENUE|2|-1|0,1560.9814341453848,39906.78216280046,0.9722255049613587,0.2667280089502092,Bronx,never_treated,,3.0,8,False,0.2956404231335956,Q1 lowest,Q5 most POC
WEST BURNSIDE AVENUE|2|-1|1,1185.9185634699375,34031.0668415846,0.9770580361636606,0.29480407198240727,Bronx,never_treated,,17.0,4,False,0.224605788535973,Q1 lowest,Q5 most POC
WEST END AV|1|-1|0,9379.539581210649,158477.14204486576,0.29073507648272817,0.08521391192376618,Manhattan,never_treated,,61.0,60,False,1.7764279509868652,Q5 highest,Q1 least POC
WEST FARMS ROAD|2|-1|0,666.6899666885156,39775.99999999999,0.9891304347826085,0.36748410535876475,Bronx,never_treated,,1.0,2,False,0.1262670391455522,Q1 lowest,Q5 most POC
WEST LOOP RD|1|1987|0,1369.2915734758703,180677.0,0.5073295092415551,0.1151495657767771,Manhattan,always_treated,1987,0.0,6,True,0.2593355252795209,Q5 highest,Q2
WEST RD|1|-1|0,1185.2912673743133,180677.0,0.5073295092415551,0.11514956577677707,Manhattan,never_treated,,0.0,10,False,0.22448698245725632,Q5 highest,Q2
WEST ST|3|2021|0,3373.780235329602,126377.7756954681,0.33169194222687975,0.08112205455533461,Brooklyn,switcher,2021,3.0,12,True,0.6389735294184852,Q4,Q1 least POC
WEST ST|3|2022|0,266.54866330044166,76908.0,0.4690117252931323,0.1027359017308766,Brooklyn,switcher,2022,0.0,1,True,0.0504827013826594,Q3,Q2
WESTCHESTER AV BR|2|-1|0,577.6600984040499,47971.22289483075,0.9977094597563609,0.18759899427995205,Bronx,never_treated,,12.0,7,False,0.10940532166743369,Q1 lowest,Q5 most POC
WESTCHESTER AVENUE|2|-1|0,208.48182316182692,42490.628144493036,0.9935744540105174,0.2843407973502873,Bronx,never_treated,,4.0,1,False,0.03948519378064904,Q1 lowest,Q5 most POC
WESTCHESTER AVENUE|2|2023|0,834.7129709389632,43902.86327247934,0.9986808961961038,0.25272317329240856,Bronx,switcher,2023,6.0,4,True,0.1580895778293491,Q1 lowest,Q5 most POC
WESTCHESTER AV|2|-1|0,454.9773905852746,46545.70246888483,1.0,0.14855678473326836,Bronx,never_treated,,10.0,9,False,0.08616996033812019,Q1 lowest,Q5 most POC
WESTCHESTER AV|2|-1|1,293.00985123794294,44792.0,0.9853760445682452,0.17618213660245183,Bronx,never_treated,,6.0,1,False,0.05549429000718616,Q1 lowest,Q5 most POC
WESTCHESTER AV|2|2023|0,1303.582500453801,48156.89282148302,0.9953336020117204,0.2699653039432833,Bronx,switcher,2023,4.0,2,True,0.24689062508594717,Q2,Q5 most POC
WHIPPLE ST|3|-1|0,433.1194816642056,54342.0,0.13157219799948705,0.3990766863298282,Brooklyn,never_treated,,8.0,1,False,0.082030204860645,Q2,Q1 least POC
WHITE PLAINS RD|2|-1|0,1141.112726145765,42427.22710398469,0.9639435282667268,0.20998747086373207,Bronx,never_treated,,0.0,10,False,0.216119834497304,Q1 lowest,Q5 most POC
WHITE PLAINS RD|2|-1|1,4718.255714407673,62117.887580466544,0.9749832655730308,0.1254873496506604,Bronx,never_treated,,18.0,9,False,0.893609036819635,Q2,Q5 most POC
WHITE PLAINS RD|2|-1|2,121.0945578281694,36398.0,0.9849273773636613,0.292817679558011,Bronx,never_treated,,0.0,1,False,0.022934575346244206,Q1 lowest,Q5 most POC
WHITE PLAINS RD|2|2021|0,4878.93608719154,53580.31736727015,0.9693901266526035,0.1996748467826229,Bronx,switcher,2021,24.0,16,True,0.9240409256044583,Q2,Q5 most POC
WHITE PLAINS RD|2|2022|0,2604.3472457196262,36398.00000000001,0.9849273773636614,0.2928176795580111,Bronx,switcher,2022,5.0,24,True,0.4932475844165959,Q1 lowest,Q5 most POC
WHITE PLAINS RD|2|2022|1,1134.5095833858013,41139.76034417279,0.9681691993897078,0.383894942802304,Bronx,switcher,2022,3.0,10,True,0.2148692392776139,Q1 lowest,Q5 most POC
WHITE PLAINS RD|2|2022|2,660.5055957828654,43333.00000000001,0.9607911172796669,0.1975438596491228,Bronx,switcher,2022,0.0,2,True,0.12509575677705784,Q1 lowest,Q5 most POC
WHITE PLAINS ROAD|2|2023|0,6827.350558652153,59431.446499533246,0.9595873337612493,0.2061747662670134,Bronx,switcher,2023,33.0,17,True,1.293058817926544,Q2,Q5 most POC
WHITE PLAINS ROAD|2|2024|0,4872.314162866321,42596.98956024591,0.8959360885445588,0.2821316078458697,Bronx,switcher,2024,15.0,20,True,0.9227867732701365,Q1 lowest,Q4
WHITE PLAINS ROAD|2|2024|1,158.71907627878997,44785.0,0.7169382341796136,0.22386058981233248,Bronx,switcher,2024,0.0,1,True,0.030060431113407192,Q1 lowest,Q3
WHITE PLAINS ROAD|2|2025|0,469.42117245260584,110815.38358135703,0.974704350043794,0.11759820826508313,Bronx,treated_after_window,2025,0.0,2,False,0.0889055250857208,Q4,Q5 most POC
WHITEHALL ST|1|-1|0,347.7018024056615,222167.0,0.40241228070175444,0.0800877674163467,Manhattan,never_treated,,2.0,2,False,0.06585261409198134,Q5 highest,Q2
WHITEHALL ST|1|2021|0,256.2579927105611,222166.99999999997,0.4024122807017544,0.0800877674163467,Manhattan,switcher,2021,0.0,2,True,0.048533710740636574,Q5 highest,Q2
WHITNEY AV|4|-1|0,1020.9193453977359,72105.0,0.9722834545427967,0.11134240392657804,Queens,never_treated,,5.0,2,False,0.19335593662835907,Q2,Q5 most POC
WILKINS AV|2|-1|0,337.17206843327995,38862.0,0.9985580389329487,0.25970222113741764,Bronx,never_treated,,4.0,1,False,0.06385834629418181,Q1 lowest,Q5 most POC
WILLETS POINT BOULEVARD|4|-1|0,10278.431292800911,91233.73722949809,0.6308432077164854,0.0912145742635624,Queens,never_treated,,7.0,37,False,1.9466725933335058,Q3,Q3
WILLIAM ST|1|-1|0,2513.8088501186235,167622.50538285414,0.35691532112540714,0.0680357310749946,Manhattan,never_treated,,17.0,17,False,0.47610016100731506,Q5 highest,Q1 least POC
WILLIAMS AV|3|-1|0,7190.618422967019,53712.451885458424,0.9810868229668859,0.28142832135669854,Brooklyn,never_treated,,10.0,39,False,1.3618595498043597,Q2,Q5 most POC
WILLIAMSBURG BR|1|1909|0,5058.969367657916,97849.53396003475,0.4046261045244153,0.08586135879043019,Manhattan,always_treated,1909,20.0,35,True,0.9581381378139993,Q3,Q2
WILLIAMSBURG BR|3|1909|0,2349.349330885962,154999.9769519281,0.36596113577543327,0.2256471227558466,Brooklyn,always_treated,1909,2.0,9,True,0.44495252478900793,Q5 highest,Q1 least POC
WILLIS AV BRIDGE|2|1920|0,1583.607932987698,61768.77707977262,0.8826819846108229,0.31184361349024275,Bronx,always_treated,1920,1.0,12,True,0.29992574488403373,Q2,Q4
WILLIS AVENUE BRIDGE APPROACH|1|1920|0,507.5407888708088,20434.2771720293,0.9487558872884522,0.4382912506457873,Manhattan,always_treated,1920,2.0,9,True,0.09612514940735015,Q1 lowest,Q5 most POC
WILLIS AVENUE BRIDGE|1|1920|0,795.1721119345848,29961.187305112224,0.9373249338028935,0.3386555709341443,Manhattan,always_treated,1920,0.0,3,True,0.15060077877548955,Q1 lowest,Q4
WILLIS AV|2|-1|0,269.5474197650928,34890.0,0.9768971032521769,0.2733915523079664,Bronx,never_treated,,0.0,4,False,0.051050647682782724,Q1 lowest,Q5 most POC
WILLIS AV|2|2019|0,3158.5491267291654,26889.389973352274,0.9774550379769582,0.3705569351817879,Bronx,switcher,2019,26.0,20,True,0.5982100618805237,Q1 lowest,Q5 most POC
WILLOUGHBY AVENUE|3|-1|0,73.6694595112061,82054.71125642826,0.48143174764621977,0.2658636041604303,Brooklyn,never_treated,,7.0,2,False,0.01395254914984964,Q3,Q2
WILLOUGHBY AV|3|-1|0,6105.786008083405,68969.24592448969,0.7219647921640867,0.27372795216205503,Brooklyn,never_treated,,33.0,17,False,1.1563988651673116,Q2,Q3
WILLOUGHBY AV|3|-1|1,5946.220800094451,99558.60939732226,0.4408174272032937,0.22758330955093686,Brooklyn,never_treated,,64.0,22,False,1.1261781818360703,Q3,Q2
WILLOW AVE|2|2017|0,1344.6937387762764,67375.0,0.8927243759957515,0.32304299889746413,Bronx,switcher,2017,2.0,5,True,0.2546768444652039,Q2,Q4
WINCHESTER BLVD|4|-1|0,1050.359197300089,74700.38901324532,0.8180108050627126,0.2169028422054744,Queens,never_treated,,1.0,7,False,0.19893166615531988,Q3,Q4
WINCHESTER BLVD|4|-1|1,35.72322096750748,95414.27835766131,0.8871046544874724,0.09218069262469261,Queens,never_treated,,0.0,2,False,0.006765761546876417,Q3,Q4
WINCHESTER BOULEVARD|4|-1|0,2876.4197775244998,91826.83534845016,0.836594430036649,0.10068394390205364,Queens,never_treated,,4.0,15,False,0.5447764730160037,Q3,Q4
WINCHESTER BOULEVARD|4|-1|1,793.213904849883,65500.00000000001,0.8220681686886193,0.43591549295774645,Queens,never_treated,,5.0,3,False,0.15022990622156873,Q2,Q4
WOODHAVEN BLVD|4|2016|0,155.69846902939452,66354.0,0.9270124383947431,0.131343984962406,Queens,switcher,2016,5.0,6,True,0.029488346407082294,Q2,Q4
WOODSIDE AVENUE|4|-1|0,8808.273557783348,71928.52111495513,0.9065584278808261,0.10956773856186372,Queens,never_treated,,50.0,40,False,1.6682336283680583,Q2,Q4
WOODSIDE AVENUE|4|2025|0,92.12520898662372,69038.25893861595,0.9603591837556158,0.12347955010635481,Queens,treated_after_window,2025,0.0,1,False,0.017447956247466614,Q2,Q5 most POC
WOODSIDE AV|4|-1|0,217.1900544536257,92426.0,0.7985729967069155,0.10757409440175632,Queens,never_treated,,2.0,1,False,0.041134480010156384,Q3,Q4
WOODWARD AVE|4|-1|0,9880.612610920805,83404.86990059,0.5567854021919797,0.12068309893867478,Queens,never_treated,,40.0,29,False,1.8713281460077282,Q3,Q3
WORTMAN AVENUE|3|-1|0,270.99418188690976,62143.00000000001,0.9887618296529967,0.20471193823005346,Brooklyn,never_treated,,0.0,1,False,0.05132465566039957,Q2,Q5 most POC
WORTMAN AVENUE|3|2023|0,8082.894047283554,62933.047007030684,0.9886461122511235,0.19978059039734794,Brooklyn,switcher,2023,12.0,50,True,1.530851145318855,Q2,Q5 most POC
WYCKOFF AVE|3|-1|0,225.0673928505933,77893.0,0.8780092873747631,0.1651035178850697,Queens,never_treated,,2.0,1,False,0.04262640016109722,Q3,Q4
WYTHE AV|3|-1|0,9574.625600958072,108340.48301501162,0.412196285102546,0.22843441958373323,Brooklyn,never_treated,,80.0,54,False,1.8133760607875136,Q4,Q2
WYTHE AV|3|-1|1,650.0733112469004,42143.0,0.02401492189321519,0.431139179013845,Brooklyn,never_treated,,16.0,3,False,0.12311994531191295,Q1 lowest,Q1 least POC
WYTHE AV|3|2021|0,412.97316396523564,42136.25608973233,0.024184380376262637,0.43122555511732436,Brooklyn,switcher,2021,0.0,5,True,0.07821461438735523,Q1 lowest,Q1 least POC
YATES AV|2|-1|0,3515.901608631878,87199.37813018364,0.4922742891293088,0.12340765395798342,Bronx,never_treated,,2.0,5,False,0.6658904561802799,Q3,Q2
YORK AVENUE|1|-1|0,3971.9537381679293,120716.09819451027,0.3083497546014997,0.08059271132647425,Manhattan,never_treated,,38.0,15,False,0.7522639655621078,Q4,Q1 least POC
YORK AV|1|-1|0,1046.9945455151837,190685.0,0.3772035256410256,0.06390224358974358,Manhattan,never_treated,,8.0,10,False,0.19829442149908783,Q5 highest,Q2
YORK ST|3|-1|0,1522.5573567357972,250001.0,0.2817446951835635,0.07106769956214214,Brooklyn,never_treated,,5.0,11,False,0.2883631357454161,Q5 highest,Q1 least POC
ZEREGA AV|2|-1|0,267.64900555658073,33830.99999999999,0.979414951245937,0.3680555555555556,Bronx,never_treated,,0.0,2,False,0.0506910995372312,Q1 lowest,Q5 most POC
