geoid,ALAND,GEO_ID,median_household_income,pop_total,pop_white_nh,pop_black_nh,pop_asian_nh,pop_hispanic,poverty_universe,pop_below_poverty,county_fips,borough,share_white_nh,share_black_nh,share_hispanic,share_asian_nh,share_poc,poverty_rate,protected_ft,income_q,poc_q
36081045000,175572,1400000US36081045000,137109.0,2004.0,310.0,96.0,1363.0,52.0,2004.0,140.0,081,Queens,0.15469061876247506,0.04790419161676647,0.02594810379241517,0.6801397205588823,0.845309381237525,0.06986027944111776,0.0,Q5 highest,Q3
36081045400,230996,1400000US36081045400,65610.0,4793.0,74.0,482.0,3463.0,252.0,4793.0,904.0,081,Queens,0.015439182140621741,0.1005633215105362,0.05257667431671187,0.7225119966617984,0.9845608178593782,0.1886083872313791,0.0,Q2,Q5 most POC
36081045500,148238,1400000US36081045500,75033.0,13869.0,1758.0,4971.0,1999.0,4811.0,13627.0,2884.0,081,Queens,0.12675751676400607,0.3584252649794506,0.3468887446823852,0.1441344004614608,0.873242483235994,0.2116386585455346,0.0,Q3,Q4
36081045600,162232,1400000US36081045600,75500.0,1244.0,41.0,7.0,892.0,156.0,1244.0,114.0,081,Queens,0.03295819935691318,0.005627009646302251,0.12540192926045016,0.7170418006430869,0.9670418006430869,0.09163987138263666,0.0,Q3,Q4
36081044602,170076,1400000US36081044602,44700.0,5210.0,380.0,980.0,2169.0,1473.0,5007.0,1525.0,081,Queens,0.07293666026871401,0.18809980806142035,0.28272552783109406,0.4163147792706334,0.927063339731286,0.30457359696425007,0.0,Q1 lowest,Q4
36081044800,208002,1400000US36081044800,65227.0,2889.0,228.0,210.0,1465.0,785.0,2871.0,492.0,081,Queens,0.07892004153686397,0.07268951194184839,0.2717203184492904,0.5070958809276567,0.9210799584631361,0.17136886102403343,0.0,Q2,Q4
36081045800,245281,1400000US36081045800,80380.0,2516.0,210.0,401.0,1376.0,242.0,2516.0,121.0,081,Queens,0.0834658187599364,0.15937996820349762,0.09618441971383147,0.5468998410174881,0.9165341812400636,0.04809220985691574,0.0,Q3,Q4
36081046200,249611,1400000US36081046200,56062.0,6079.0,261.0,1233.0,2610.0,1531.0,5826.0,461.0,081,Queens,0.04293469320611943,0.2028294127323573,0.25185063332784996,0.4293469320611943,0.9570653067938806,0.07912804668726399,0.0,Q2,Q4
36081046300,159415,1400000US36081046300,70451.0,4097.0,25.0,155.0,1249.0,2503.0,4079.0,399.0,081,Queens,0.0061020258725897,0.037832560410056136,0.6109348303636808,0.30485721259458143,0.9938979741274103,0.097818092669772,0.0,Q2,Q5 most POC
36081046400,228767,1400000US36081046400,109076.0,2176.0,573.0,418.0,551.0,496.0,1871.0,170.0,081,Queens,0.2633272058823529,0.19209558823529413,0.22794117647058823,0.2532169117647059,0.7366727941176471,0.09086050240513095,0.0,Q4,Q3
36081046500,129754,1400000US36081046500,76833.0,4575.0,50.0,9.0,674.0,3799.0,4551.0,516.0,081,Queens,0.01092896174863388,0.0019672131147540984,0.8303825136612022,0.1473224043715847,0.9890710382513661,0.1133816743572841,0.0,Q3,Q5 most POC
36081046600,240535,1400000US36081046600,71538.0,4806.0,294.0,1126.0,2278.0,891.0,4806.0,769.0,081,Queens,0.06117353308364544,0.23429047024552643,0.1853932584269663,0.47399084477736164,0.9388264669163545,0.16000832292967124,0.0,Q3,Q4
36081046700,141859,1400000US36081046700,65564.0,7177.0,293.0,111.0,1318.0,5394.0,7083.0,520.0,081,Queens,0.04082485718266685,0.015466072175003483,0.7515675073150342,0.18364219033022153,0.9591751428173332,0.07341521953974305,0.0,Q2,Q4
36081046800,229418,1400000US36081046800,81280.0,3726.0,62.0,652.0,2167.0,308.0,3726.0,568.0,081,Queens,0.016639828234031134,0.17498658078368223,0.08266237251744499,0.5815888352120236,0.9833601717659689,0.1524422973698336,0.0,Q3,Q5 most POC
36081047000,229322,1400000US36081047000,65833.0,3473.0,46.0,91.0,1774.0,961.0,3470.0,704.0,081,Queens,0.013245033112582781,0.02620213072271811,0.27670601785200116,0.5107975813417794,0.9867549668874173,0.20288184438040346,0.0,Q2,Q5 most POC
36081047100,158097,1400000US36081047100,55068.0,4691.0,58.0,0.0,3517.0,1116.0,4664.0,469.0,081,Queens,0.012364101470901726,0.0,0.23790236623321254,0.7497335322958857,0.9876358985290983,0.10055746140651801,0.0,Q2,Q5 most POC
36081047200,520870,1400000US36081047200,116101.0,4036.0,1159.0,1031.0,1186.0,350.0,3739.0,173.0,081,Queens,0.2871655104063429,0.25545094152626363,0.0867195242814668,0.29385530227948464,0.7128344895936571,0.046269055897298746,0.0,Q5 highest,Q3
36081047300,198491,1400000US36081047300,65538.0,4407.0,315.0,40.0,3260.0,762.0,4380.0,249.0,081,Queens,0.07147719537100068,0.009076469253460404,0.1729067392784207,0.7397322441570229,0.9285228046289993,0.05684931506849315,3354.165894908005,Q2,Q4
36081047500,281982,1400000US36081047500,79631.0,5262.0,383.0,67.0,2817.0,1981.0,5262.0,546.0,081,Queens,0.07278601292284302,0.012732801216267579,0.3764728240212847,0.5353477765108324,0.927213987077157,0.10376282782212087,2566.1514949051266,Q3,Q4
36081004500,220374,1400000US36081004500,76688.0,2755.0,1795.0,60.0,380.0,390.0,2755.0,241.0,081,Queens,0.6515426497277677,0.021778584392014518,0.14156079854809436,0.13793103448275862,0.34845735027223235,0.08747731397459166,998.5388912814393,Q3,Q1 least POC
36081004700,179250,1400000US36081004700,56758.0,4104.0,964.0,1203.0,523.0,1278.0,4091.0,824.0,081,Queens,0.23489278752436646,0.29312865497076024,0.31140350877192985,0.1274366471734893,0.7651072124756335,0.20141774627230505,1325.9913108579317,Q2,Q3
36081005300,196497,1400000US36081005300,112258.0,5470.0,2786.0,136.0,1323.0,957.0,5470.0,456.0,081,Queens,0.5093235831809872,0.02486288848263254,0.17495429616087751,0.24186471663619744,0.49067641681901275,0.08336380255941499,732.4564239250851,Q5 highest,Q2
36081005400,416102,1400000US36081005400,79865.0,6127.0,1029.0,488.0,1567.0,2509.0,6071.0,477.0,081,Queens,0.16794516076383223,0.07964746205320712,0.40949893912191937,0.255753223437245,0.8320548392361677,0.07857025201778949,0.0,Q3,Q3
36081005800,590419,1400000US36081005800,91075.0,6403.0,1165.0,600.0,1176.0,2884.0,6403.0,256.0,081,Queens,0.18194596282992348,0.09370607527721381,0.450413868499141,0.18366390754333906,0.8180540371700765,0.03998125878494456,0.0,Q4,Q3
36081006100,195055,1400000US36081006100,111923.0,5263.0,2981.0,91.0,886.0,1105.0,5217.0,286.0,081,Queens,0.5664069922097663,0.017290518715561465,0.20995629868896068,0.16834505035151054,0.4335930077902337,0.05482077822503354,259.78226441553267,Q4,Q2
36081030904,414419,1400000US36081030904,55406.0,2762.0,563.0,10.0,1065.0,972.0,2762.0,346.0,081,Queens,0.20383779869659666,0.003620564808110065,0.35191889934829834,0.38559015206372194,0.7961622013034033,0.12527154236060825,0.0,Q2,Q3
36081043702,175301,1400000US36081043702,61649.0,8025.0,1080.0,255.0,1474.0,5161.0,7811.0,817.0,081,Queens,0.13457943925233645,0.03177570093457944,0.6431152647975078,0.1836760124610592,0.8654205607476635,0.10459608244782999,0.0,Q2,Q3
36081044301,133649,1400000US36081044301,26172.0,3765.0,97.0,235.0,617.0,2770.0,3723.0,916.0,081,Queens,0.025763612217795485,0.06241699867197875,0.7357237715803453,0.16387782204515272,0.9742363877822046,0.24603814128391083,0.0,Q1 lowest,Q5 most POC
36081036500,166196,1400000US36081036500,67625.0,2696.0,23.0,383.0,294.0,1970.0,2696.0,471.0,081,Queens,0.008531157270029673,0.14206231454005935,0.7307121661721068,0.10905044510385757,0.9914688427299704,0.17470326409495548,0.0,Q2,Q5 most POC
36081036600,369653,1400000US36081036600,76181.0,2939.0,5.0,2347.0,55.0,400.0,2929.0,204.0,081,Queens,0.001701258931609391,0.7985709424974481,0.13610071452875128,0.0187138482477033,0.9982987410683906,0.0696483441447593,0.0,Q3,Q5 most POC
36081035800,524484,1400000US36081035800,89570.0,4199.0,25.0,3686.0,45.0,275.0,4194.0,252.0,081,Queens,0.005953798523457966,0.8778280542986425,0.06549178375803763,0.010716837342224339,0.994046201476542,0.060085836909871244,0.0,Q4,Q5 most POC
36081036700,195576,1400000US36081036700,54750.0,2213.0,92.0,739.0,168.0,1180.0,2194.0,385.0,081,Queens,0.04157252598282874,0.33393583370989605,0.5332128332580208,0.07591504744690465,0.9584274740171712,0.17547857793983593,0.0,Q2,Q4
36081036800,232844,1400000US36081036800,85455.0,2562.0,17.0,2183.0,0.0,118.0,2562.0,181.0,081,Queens,0.00663544106167057,0.8520686963309914,0.04605776736924278,0.0,0.9933645589383294,0.070647931303669,0.0,Q3,Q5 most POC
36081065401,430990,1400000US36081065401,101500.0,3616.0,50.0,2443.0,131.0,618.0,3558.0,360.0,081,Queens,0.013827433628318585,0.675608407079646,0.1709070796460177,0.03622787610619469,0.9861725663716814,0.10118043844856661,0.0,Q4,Q5 most POC
36081037100,187474,1400000US36081037100,69424.0,1403.0,69.0,407.0,187.0,730.0,1403.0,138.0,081,Queens,0.04918032786885246,0.2900926585887384,0.5203136136849608,0.13328581610833928,0.9508196721311475,0.09836065573770492,0.0,Q2,Q4
36081037300,237268,1400000US36081037300,78413.0,2543.0,47.0,181.0,337.0,1938.0,2421.0,319.0,081,Queens,0.0184821077467558,0.0711757766417617,0.7620920173023987,0.13252064490758947,0.9815178922532442,0.13176373399421726,0.0,Q3,Q5 most POC
36081037600,769753,1400000US36081037600,112708.0,6274.0,45.0,5583.0,91.0,180.0,6274.0,469.0,081,Queens,0.0071724577621931785,0.889862926362767,0.028689831048772714,0.014504303474657317,0.9928275422378068,0.07475294867708002,0.0,Q5 highest,Q5 most POC
36081038100,285316,1400000US36081038100,75521.0,7121.0,98.0,689.0,514.0,5700.0,6992.0,1025.0,081,Queens,0.013762112062912512,0.09675607358517062,0.8004493750877686,0.07218087347282685,0.9862378879370874,0.14659610983981694,0.0,Q3,Q5 most POC
36081007700,126677,1400000US36081007700,118125.0,1903.0,780.0,22.0,382.0,651.0,1903.0,300.0,081,Queens,0.4098791382028376,0.011560693641618497,0.3420914345769837,0.20073568050446663,0.5901208617971624,0.1576458223857068,1556.7681956678439,Q5 highest,Q2
36081008600,332712,1400000US36081008600,66875.0,2760.0,774.0,0.0,593.0,981.0,2753.0,322.0,081,Queens,0.28043478260869564,0.0,0.35543478260869565,0.21485507246376812,0.7195652173913043,0.11696331274972757,0.0,Q2,Q3
36081008700,253377,1400000US36081008700,16639.0,3157.0,384.0,1148.0,211.0,1322.0,3129.0,1379.0,081,Queens,0.12163446309787773,0.36363636363636365,0.4187519797275895,0.06683560342096928,0.8783655369021223,0.4407158836689038,0.0,Q1 lowest,Q4
36081008800,448520,1400000US36081008800,113891.0,3622.0,1014.0,242.0,417.0,1946.0,3579.0,339.0,081,Queens,0.27995582551076753,0.06681391496410823,0.537272225289895,0.11512976256212037,0.7200441744892325,0.09471919530595138,0.0,Q5 highest,Q3
36081007900,160507,1400000US36081007900,109598.0,2600.0,1031.0,36.0,629.0,724.0,2589.0,482.0,081,Queens,0.39653846153846156,0.013846153846153847,0.2784615384615385,0.24192307692307694,0.6034615384615385,0.1861722672846659,423.73696499515626,Q4,Q2
36081008100,112322,1400000US36081008100,116875.0,1113.0,511.0,72.0,190.0,280.0,1109.0,35.0,081,Queens,0.4591194968553459,0.0646900269541779,0.25157232704402516,0.1707097933513028,0.5408805031446541,0.031559963931469794,1712.7312836437557,Q5 highest,Q2
36081008300,191339,1400000US36081008300,89500.0,2266.0,709.0,139.0,270.0,951.0,2266.0,305.0,081,Queens,0.31288614298323036,0.061341571050308914,0.41968225948808474,0.11915269196822595,0.6871138570167696,0.13459841129744043,0.0,Q4,Q3
36081009100,186329,1400000US36081009100,94881.0,1956.0,911.0,74.0,185.0,709.0,1956.0,188.0,081,Queens,0.4657464212678937,0.03783231083844581,0.36247443762781184,0.09458077709611452,0.5342535787321063,0.09611451942740286,0.0,Q4,Q2
36081009400,172430,1400000US36081009400,89792.0,3104.0,195.0,398.0,1174.0,727.0,3104.0,530.0,081,Queens,0.06282216494845361,0.12822164948453607,0.2342139175257732,0.37822164948453607,0.9371778350515464,0.17074742268041238,0.0,Q4,Q4
36081009500,164511,1400000US36081009500,104028.0,2087.0,1408.0,31.0,320.0,285.0,2087.0,144.0,081,Queens,0.6746526114039291,0.014853857211308098,0.13655965500718736,0.15333013895543843,0.32534738859607093,0.0689985625299473,2108.6997371651805,Q4,Q1 least POC
36081009600,206470,1400000US36081009600,105156.0,3344.0,119.0,512.0,1007.0,479.0,3344.0,388.0,081,Queens,0.035586124401913874,0.15311004784688995,0.14324162679425836,0.30113636363636365,0.9644138755980861,0.11602870813397129,0.0,Q4,Q4
36081009800,135751,1400000US36081009800,78875.0,2526.0,45.0,287.0,1026.0,414.0,2526.0,321.0,081,Queens,0.017814726840855107,0.11361836896278701,0.16389548693586697,0.40617577197149646,0.982185273159145,0.12707838479809977,0.0,Q3,Q5 most POC
36081034700,382772,1400000US36081034700,71464.0,3360.0,236.0,272.0,500.0,2300.0,3214.0,639.0,081,Queens,0.07023809523809524,0.08095238095238096,0.6845238095238095,0.1488095238095238,0.9297619047619048,0.19881767268201617,0.0,Q3,Q4
36081035200,606225,1400000US36081035200,105750.0,2898.0,20.0,2220.0,56.0,68.0,2891.0,304.0,081,Queens,0.006901311249137336,0.7660455486542443,0.023464458247066944,0.01932367149758454,0.9930986887508627,0.10515392597717053,0.0,Q4,Q5 most POC
36081035300,155114,1400000US36081035300,101607.0,2156.0,146.0,121.0,130.0,1592.0,2156.0,245.0,081,Queens,0.06771799628942486,0.05612244897959184,0.738404452690167,0.06029684601113173,0.9322820037105751,0.11363636363636363,0.0,Q4,Q4
36081026501,107687,1400000US36081026501,51359.0,3131.0,607.0,10.0,1712.0,753.0,3131.0,543.0,081,Queens,0.1938677738741616,0.0031938677738741618,0.24049824337272438,0.5467901628872565,0.8061322261258383,0.173427020121367,217.234705590809,Q1 lowest,Q3
36081037502,100123,1400000US36081037502,68725.0,2724.0,64.0,402.0,156.0,2102.0,2724.0,354.0,081,Queens,0.023494860499265784,0.14757709251101322,0.7716593245227606,0.05726872246696035,0.9765051395007343,0.1299559471365639,0.0,Q2,Q5 most POC
36081027301,98640,1400000US36081027301,63110.0,3105.0,0.0,0.0,662.0,2443.0,3105.0,854.0,081,Queens,0.0,0.0,0.7867954911433173,0.21320450885668277,1.0,0.2750402576489533,0.0,Q2,Q5 most POC
36081000104,555546,1400000US36081000104,,371.0,65.0,169.0,0.0,125.0,336.0,205.0,081,Queens,0.1752021563342318,0.4555256064690027,0.33692722371967654,0.0,0.8247978436657681,0.6101190476190477,615.4459792039179,,Q3
36081027101,89918,1400000US36081027101,58906.0,5236.0,161.0,32.0,2947.0,1976.0,5214.0,449.0,081,Queens,0.03074866310160428,0.006111535523300229,0.37738731856378915,0.5628342245989305,0.9692513368983957,0.08611430763329497,0.0,Q2,Q4
36081040702,129066,1400000US36081040702,93182.0,4341.0,25.0,62.0,409.0,3821.0,4307.0,780.0,081,Queens,0.005759041695461875,0.01428242340474545,0.880211932734393,0.09421792213775627,0.9942409583045382,0.18110053401439516,0.0,Q4,Q5 most POC
36081040302,111327,1400000US36081040302,75385.0,4149.0,45.0,0.0,404.0,3700.0,4149.0,640.0,081,Queens,0.010845986984815618,0.0,0.8917811520848398,0.09737286093034467,0.9891540130151844,0.15425403711737767,0.0,Q3,Q5 most POC
36081040102,124044,1400000US36081040102,71283.0,4940.0,26.0,79.0,625.0,4210.0,4940.0,1088.0,081,Queens,0.005263157894736842,0.015991902834008098,0.8522267206477733,0.12651821862348178,0.9947368421052631,0.2202429149797571,0.0,Q3,Q5 most POC
36081027302,116613,1400000US36081027302,52404.0,4390.0,145.0,597.0,694.0,2954.0,4381.0,783.0,081,Queens,0.03302961275626424,0.1359908883826879,0.6728929384965832,0.1580865603644647,0.9669703872437357,0.17872631819219356,520.3472458732525,Q1 lowest,Q4
36081040902,81604,1400000US36081040902,70104.0,3573.0,57.0,56.0,0.0,3418.0,3543.0,425.0,081,Queens,0.01595298068849706,0.0156731038343129,0.9566190876014553,0.0,0.984047019311503,0.11995484053062376,0.0,Q2,Q5 most POC
36081043900,164750,1400000US36081043900,69919.0,3209.0,180.0,68.0,177.0,2784.0,3189.0,667.0,081,Queens,0.056092240573387346,0.021190401994390776,0.8675599875350577,0.05515736989716422,0.9439077594266126,0.20915647538413296,0.0,Q2,Q4
36081044000,378559,1400000US36081044000,56518.0,3986.0,68.0,2012.0,658.0,917.0,3985.0,406.0,081,Queens,0.017059708981435023,0.5047666833918716,0.23005519317611642,0.16507777220270947,0.982940291018565,0.10188205771643664,0.0,Q2,Q5 most POC
36081044601,224776,1400000US36081044601,52653.0,3796.0,45.0,1239.0,889.0,1362.0,3774.0,673.0,081,Queens,0.01185458377239199,0.32639620653319285,0.3587987355110643,0.23419388830347734,0.988145416227608,0.17832538420773714,0.0,Q2,Q5 most POC
36081007500,129226,1400000US36081007500,82838.0,4427.0,1979.0,81.0,804.0,1177.0,4404.0,378.0,081,Queens,0.4470295911452451,0.018296814998870568,0.265868533995934,0.1816128303591597,0.5529704088547549,0.08583106267029973,1963.7956375395172,Q3,Q2
36081006300,212500,1400000US36081006300,114783.0,5712.0,2990.0,112.0,1382.0,883.0,5712.0,449.0,081,Queens,0.5234593837535014,0.0196078431372549,0.15458683473389356,0.2419467787114846,0.47654061624649857,0.07860644257703081,0.0,Q5 highest,Q2
36081007100,195064,1400000US36081007100,114917.0,3159.0,1345.0,142.0,439.0,742.0,3110.0,344.0,081,Queens,0.4257676479898702,0.04495093383982273,0.23488445710667932,0.13896802785691675,0.5742323520101298,0.11061093247588424,770.6882210627916,Q5 highest,Q2
36081010000,223353,1400000US36081010000,112390.0,3225.0,454.0,89.0,1328.0,625.0,3225.0,353.0,081,Queens,0.1407751937984496,0.027596899224806203,0.1937984496124031,0.4117829457364341,0.8592248062015504,0.10945736434108527,0.0,Q5 highest,Q3
36081010300,250464,1400000US36081010300,76118.0,4305.0,2579.0,124.0,377.0,924.0,4305.0,572.0,081,Queens,0.5990708478513357,0.028803716608594657,0.2146341463414634,0.0875725900116144,0.4009291521486643,0.13286875725900116,0.0,Q3,Q2
36081010500,198021,1400000US36081010500,61589.0,5309.0,2215.0,535.0,750.0,1530.0,5309.0,1008.0,081,Queens,0.41721604822000374,0.10077227349783387,0.2881898662648333,0.14126954228668298,0.5827839517799962,0.18986626483330193,968.1400379181622,Q2,Q2
36081010600,173008,1400000US36081010600,112083.0,3454.0,76.0,261.0,1284.0,533.0,3454.0,410.0,081,Queens,0.022003474232773594,0.07556456282570932,0.15431383902721482,0.3717429067747539,0.9779965257672264,0.11870295309785756,0.0,Q5 highest,Q5 most POC
36081011000,165043,1400000US36081011000,81563.0,3146.0,211.0,301.0,757.0,1149.0,3140.0,496.0,081,Queens,0.06706929434202162,0.09567705022250476,0.3652256834075016,0.24062301335028607,0.9329307056579784,0.15796178343949044,0.0,Q3,Q4
36081011200,189192,1400000US36081011200,64741.0,2522.0,394.0,60.0,1034.0,585.0,2501.0,416.0,081,Queens,0.15622521808088818,0.023790642347343377,0.23195876288659795,0.4099920697858842,0.8437747819191118,0.16633346661335466,0.0,Q2,Q3
36081011300,178676,1400000US36081011300,94300.0,4466.0,2403.0,178.0,388.0,1297.0,4460.0,465.0,081,Queens,0.5380653828929691,0.039856695029108824,0.2904164800716525,0.08687863860277653,0.4619346171070309,0.10426008968609865,0.0,Q4,Q2
36081010200,213860,1400000US36081010200,99265.0,2772.0,48.0,301.0,1471.0,292.0,2769.0,352.0,081,Queens,0.017316017316017316,0.10858585858585859,0.10533910533910534,0.5306637806637806,0.9826839826839827,0.12712170458649333,0.0,Q4,Q5 most POC
36081011500,185559,1400000US36081011500,106458.0,2389.0,1576.0,191.0,124.0,385.0,2389.0,233.0,081,Queens,0.6596902469652575,0.07994976977814985,0.16115529510255336,0.05190456257848472,0.34030975303474253,0.09753034742570113,0.0,Q4,Q1 least POC
36081011700,212827,1400000US36081011700,114797.0,3942.0,2474.0,31.0,285.0,1067.0,3942.0,453.0,081,Queens,0.6276002029426687,0.007864028411973617,0.2706747843734145,0.07229832572298325,0.3723997970573313,0.11491628614916286,0.0,Q5 highest,Q1 least POC
36081011800,157091,1400000US36081011800,81628.0,2826.0,84.0,135.0,1233.0,1027.0,2826.0,325.0,081,Queens,0.029723991507430998,0.04777070063694268,0.3634111818825195,0.43630573248407645,0.970276008492569,0.11500353857041755,0.0,Q3,Q4
36081012200,210185,1400000US36081012200,89063.0,3376.0,499.0,244.0,1104.0,1176.0,3341.0,449.0,081,Queens,0.1478080568720379,0.07227488151658767,0.34834123222748814,0.32701421800947866,0.8521919431279621,0.1343909009278659,0.0,Q4,Q3
36081012301,591516,1400000US36081012301,115735.0,3107.0,2017.0,238.0,130.0,636.0,3107.0,140.0,081,Queens,0.649179272610235,0.0766012230447377,0.2046990666237528,0.04184100418410042,0.350820727389765,0.04505954296749276,264.783267504265,Q5 highest,Q1 least POC
36081012400,197659,1400000US36081012400,84219.0,3287.0,130.0,860.0,916.0,1028.0,3287.0,259.0,081,Queens,0.039549741405536964,0.26163675083662913,0.3127471858837846,0.2786735625190143,0.960450258594463,0.07879525403103134,0.0,Q3,Q4
36081012602,148974,1400000US36081012602,78537.0,2450.0,167.0,11.0,824.0,1104.0,2450.0,274.0,081,Queens,0.06816326530612245,0.004489795918367347,0.4506122448979592,0.3363265306122449,0.9318367346938775,0.11183673469387755,0.0,Q3,Q4
36081013200,192356,1400000US36081013200,76250.0,1850.0,711.0,128.0,432.0,551.0,1850.0,267.0,081,Queens,0.38432432432432434,0.06918918918918919,0.29783783783783785,0.23351351351351352,0.6156756756756756,0.14432432432432432,0.0,Q3,Q2
36081013400,190806,1400000US36081013400,79722.0,5462.0,2102.0,545.0,972.0,1290.0,5416.0,596.0,081,Queens,0.3848407176858294,0.09978030025631637,0.2361772244599048,0.1779567923837422,0.6151592823141706,0.11004431314623338,0.0,Q3,Q2
36081013500,135758,1400000US36081013500,97167.0,1120.0,957.0,5.0,47.0,111.0,1120.0,85.0,081,Queens,0.8544642857142857,0.004464285714285714,0.09910714285714285,0.04196428571428571,0.14553571428571432,0.07589285714285714,0.0,Q4,Q1 least POC
36081013600,151408,1400000US36081013600,79968.0,2009.0,963.0,135.0,262.0,551.0,2009.0,90.0,081,Queens,0.4793429566948731,0.06719761075161772,0.27426580388252864,0.13041314086610253,0.520657043305127,0.04479840716774515,0.0,Q3,Q2
36081013700,199933,1400000US36081013700,113708.0,1961.0,1351.0,0.0,121.0,390.0,1961.0,68.0,081,Queens,0.688934217236104,0.0,0.1988781234064253,0.06170321264660887,0.31106578276389596,0.03467618561958185,0.0,Q5 highest,Q1 least POC
36081013800,169755,1400000US36081013800,100833.0,4029.0,1446.0,388.0,1191.0,804.0,4025.0,385.0,081,Queens,0.35889798957557706,0.0963018118639861,0.19955323901712585,0.2956068503350707,0.6411020104244229,0.09565217391304348,0.0,Q4,Q3
36081014000,222107,1400000US36081014000,109042.0,3683.0,2198.0,85.0,639.0,523.0,3660.0,253.0,081,Queens,0.5967960901439044,0.02307901167526473,0.14200380124898182,0.1734998642411078,0.40320390985609555,0.06912568306010929,0.0,Q4,Q2
36081014202,618133,1400000US36081014202,63986.0,2965.0,219.0,273.0,551.0,1521.0,2559.0,560.0,081,Queens,0.07386172006745363,0.09207419898819562,0.5129848229342328,0.18583473861720068,0.9261382799325464,0.21883548261039468,0.0,Q2,Q4
36081014500,127743,1400000US36081014500,78750.0,2350.0,1492.0,51.0,132.0,410.0,2350.0,242.0,081,Queens,0.6348936170212766,0.02170212765957447,0.17446808510638298,0.05617021276595745,0.36510638297872344,0.10297872340425532,0.0,Q3,Q1 least POC
36081015000,147117,1400000US36081015000,112900.0,2404.0,103.0,444.0,904.0,411.0,2404.0,300.0,081,Queens,0.04284525790349417,0.18469217970049917,0.17096505823627287,0.37603993344425957,0.9571547420965059,0.12479201331114809,0.0,Q5 highest,Q4
36081015200,185295,1400000US36081015200,80787.0,2661.0,42.0,343.0,771.0,551.0,2647.0,228.0,081,Queens,0.015783540022547914,0.1288989101841413,0.20706501315295,0.2897406989853439,0.9842164599774521,0.08613524744994333,0.0,Q3,Q5 most POC
36081015400,150144,1400000US36081015400,89940.0,1949.0,108.0,300.0,651.0,266.0,1934.0,205.0,081,Queens,0.055413032324268856,0.1539250897896357,0.13648024628014366,0.3340174448435095,0.9445869676757311,0.10599793174767322,0.0,Q4,Q4
36081015500,147508,1400000US36081015500,103971.0,1976.0,1032.0,37.0,545.0,322.0,1976.0,68.0,081,Queens,0.5222672064777328,0.018724696356275303,0.16295546558704455,0.2758097165991903,0.47773279352226716,0.03441295546558704,0.0,Q4,Q2
36081015600,209476,1400000US36081015600,78750.0,2798.0,68.0,418.0,1125.0,371.0,2798.0,361.0,081,Queens,0.024303073624017155,0.14939242315939957,0.13259471050750535,0.4020729092208721,0.9756969263759828,0.1290207290922087,0.0,Q3,Q5 most POC
36081015700,128464,1400000US36081015700,68277.0,1341.0,474.0,44.0,197.0,589.0,1341.0,140.0,081,Queens,0.3534675615212528,0.03281133482475764,0.43922445935868754,0.14690529455630127,0.6465324384787472,0.10439970171513796,1156.9505843361283,Q2,Q3
36081014700,147950,1400000US36081014700,76875.0,2969.0,1595.0,175.0,278.0,793.0,2968.0,171.0,081,Queens,0.5372179184910745,0.05894240485011788,0.2670932974065342,0.09363422027618727,0.4627820815089255,0.05761455525606469,0.0,Q3,Q2
36081014800,157056,1400000US36081014800,,1613.0,0.0,297.0,754.0,391.0,1595.0,167.0,081,Queens,0.0,0.18412895226286422,0.24240545567265964,0.46745195288282704,1.0,0.10470219435736677,0.0,,Q5 most POC
36081014900,106596,1400000US36081014900,64635.0,2240.0,1228.0,0.0,254.0,731.0,2240.0,274.0,081,Queens,0.5482142857142858,0.0,0.3263392857142857,0.11339285714285714,0.45178571428571423,0.12232142857142857,0.0,Q2,Q2
36081018502,98394,1400000US36081018502,111875.0,3078.0,1563.0,88.0,631.0,689.0,3078.0,249.0,081,Queens,0.5077972709551657,0.028589993502274202,0.22384665367121506,0.20500324886289797,0.4922027290448343,0.08089668615984405,0.0,Q4,Q2
36081016300,218241,1400000US36081016300,40313.0,4169.0,667.0,631.0,566.0,2285.0,4169.0,766.0,081,Queens,0.1599904053729911,0.1513552410650036,0.5480930678819861,0.13576397217558167,0.8400095946270089,0.1837371072199568,936.0810978193206,Q1 lowest,Q3
36081016600,202882,1400000US36081016600,66715.0,4127.0,124.0,394.0,1219.0,905.0,4121.0,325.0,081,Queens,0.030046038284468137,0.09546886358129392,0.21928761812454567,0.29537194087715046,0.9699539617155318,0.07886435331230283,0.0,Q2,Q4
36081016800,211385,1400000US36081016800,111771.0,3461.0,17.0,773.0,1105.0,850.0,3460.0,555.0,081,Queens,0.004911875180583647,0.2233458537994799,0.24559375902918232,0.319271886737937,0.9950881248194163,0.16040462427745664,0.0,Q4,Q5 most POC
36081016900,231080,1400000US36081016900,74916.0,5445.0,2477.0,119.0,1571.0,1141.0,5445.0,482.0,081,Queens,0.4549127640036731,0.021854912764003673,0.2095500459136823,0.28852157943067036,0.5450872359963269,0.08852157943067034,2567.79325552808,Q3,Q2
36081017000,217461,1400000US36081017000,92115.0,2633.0,29.0,908.0,821.0,313.0,2633.0,307.0,081,Queens,0.011014052411697683,0.3448537789593619,0.11887580706418534,0.3118116217242689,0.9889859475883023,0.11659703759969617,0.0,Q4,Q5 most POC
36081066402,393248,1400000US36081066402,104333.0,3260.0,211.0,2775.0,1.0,253.0,3258.0,84.0,081,Queens,0.0647239263803681,0.8512269938650306,0.07760736196319018,0.00030674846625766873,0.9352760736196319,0.02578268876611418,0.0,Q4,Q4
36081017200,191064,1400000US36081017200,79643.0,1988.0,35.0,935.0,684.0,160.0,1988.0,226.0,081,Queens,0.017605633802816902,0.4703219315895372,0.08048289738430583,0.3440643863179074,0.9823943661971831,0.11368209255533199,0.0,Q3,Q5 most POC
36081017400,190574,1400000US36081017400,102663.0,2573.0,22.0,810.0,672.0,465.0,2573.0,163.0,081,Queens,0.008550330353672756,0.31480761756704234,0.18072289156626506,0.26117372716673143,0.9914496696463272,0.06335017489312086,0.0,Q4,Q5 most POC
36081017600,189834,1400000US36081017600,70750.0,2163.0,86.0,910.0,512.0,417.0,2163.0,343.0,081,Queens,0.03975959315765141,0.42071197411003236,0.1927877947295423,0.236708275543227,0.9602404068423486,0.15857605177993528,0.0,Q2,Q4
36081018000,138242,1400000US36081018000,84643.0,1434.0,60.0,626.0,234.0,92.0,1406.0,166.0,081,Queens,0.04184100418410042,0.43654114365411434,0.06415620641562064,0.16317991631799164,0.9581589958158996,0.11806543385490754,0.0,Q3,Q4
36081025301,127193,1400000US36081025301,65667.0,4330.0,1491.0,76.0,1017.0,1651.0,4330.0,625.0,081,Queens,0.34434180138568127,0.017551963048498844,0.3812933025404157,0.2348729792147806,0.6556581986143187,0.14434180138568128,3116.9083273252086,Q2,Q3
36081018200,260745,1400000US36081018200,81977.0,2946.0,116.0,1814.0,39.0,516.0,2923.0,376.0,081,Queens,0.03937542430414121,0.6157501697216565,0.17515274949083504,0.013238289205702648,0.9606245756958588,0.12863496407800204,0.0,Q3,Q4
36081025302,105029,1400000US36081025302,77188.0,3383.0,659.0,9.0,905.0,1722.0,3383.0,441.0,081,Queens,0.19479751699674844,0.0026603606266627253,0.5090156665681348,0.26751404079219626,0.8052024830032516,0.13035767070647356,2833.306878045267,Q3,Q3
36081097205,176096,1400000US36081097205,23638.0,3483.0,124.0,1920.0,341.0,1098.0,3483.0,1901.0,081,Queens,0.03560149296583405,0.5512489233419466,0.3152454780361757,0.09790410565604364,0.964398507034166,0.5457938558713753,0.0,Q1 lowest,Q4
36081033403,254794,1400000US36081033403,51520.0,4346.0,23.0,4119.0,0.0,178.0,4345.0,643.0,081,Queens,0.00529222273354809,0.9477680625862862,0.04095720202485044,0.0,0.9947077772664519,0.14798619102416571,0.0,Q1 lowest,Q5 most POC
36081033404,241764,1400000US36081033404,34237.0,5836.0,0.0,5573.0,75.0,0.0,5836.0,948.0,081,Queens,0.0,0.9549348869088417,0.0,0.01285126799177519,1.0,0.16244002741603839,0.0,Q1 lowest,Q5 most POC
36081000102,106637,1400000US36081000102,213750.0,5966.0,3144.0,39.0,1819.0,459.0,5966.0,149.0,081,Queens,0.5269862554475361,0.006537043245055313,0.07693597049949714,0.30489440160911835,0.4730137445524639,0.024974857525980557,0.0,Q5 highest,Q2
36081053501,177883,1400000US36081053501,82697.0,1272.0,447.0,0.0,59.0,766.0,1255.0,176.0,081,Queens,0.35141509433962265,0.0,0.6022012578616353,0.046383647798742135,0.6485849056603774,0.1402390438247012,0.0,Q3,Q3
36081026502,69840,1400000US36081026502,108720.0,1575.0,52.0,6.0,572.0,878.0,1477.0,100.0,081,Queens,0.03301587301587302,0.0038095238095238095,0.5574603174603174,0.36317460317460315,0.966984126984127,0.06770480704129993,0.0,Q4,Q4
36081048301,87390,1400000US36081048301,69556.0,2178.0,187.0,10.0,1428.0,536.0,2178.0,334.0,081,Queens,0.08585858585858586,0.004591368227731864,0.2460973370064279,0.6556473829201102,0.9141414141414141,0.15335169880624427,0.0,Q2,Q4
36081039902,63605,1400000US36081039902,57784.0,1867.0,203.0,180.0,170.0,1303.0,1796.0,518.0,081,Queens,0.10873058382431709,0.09641135511515801,0.6979110873058383,0.09105516871987145,0.8912694161756829,0.2884187082405345,0.0,Q2,Q4
36047070601,453432,1400000US36047070601,167857.0,2748.0,2206.0,0.0,19.0,107.0,2748.0,121.0,047,Brooklyn,0.8027656477438136,0.0,0.03893740902474527,0.006914119359534207,0.19723435225618635,0.04403202328966521,0.0,Q5 highest,Q1 least POC
36047088002,101053,1400000US36047088002,97614.0,1141.0,229.0,747.0,10.0,53.0,1141.0,182.0,047,Brooklyn,0.2007011393514461,0.6546888694127958,0.04645048203330412,0.008764241893076249,0.7992988606485539,0.15950920245398773,0.0,Q4,Q3
36047006901,74434,1400000US36047006901,139384.0,1842.0,1543.0,33.0,104.0,136.0,1780.0,180.0,047,Brooklyn,0.8376764386536374,0.017915309446254073,0.0738327904451683,0.05646036916395222,0.1623235613463626,0.10112359550561797,0.0,Q5 highest,Q1 least POC
36047006902,104645,1400000US36047006902,250001.0,2023.0,1445.0,64.0,94.0,181.0,2023.0,95.0,047,Brooklyn,0.7142857142857143,0.03163618388531883,0.08947108255066732,0.046465645081562035,0.2857142857142857,0.04695996045477014,0.0,Q5 highest,Q1 least POC
36047033701,98672,1400000US36047033701,61456.0,2710.0,1266.0,1008.0,8.0,368.0,2567.0,125.0,047,Brooklyn,0.46715867158671587,0.3719557195571956,0.13579335793357933,0.002952029520295203,0.5328413284132841,0.04869497467861317,0.0,Q2,Q2
36047033702,98915,1400000US36047033702,74318.0,1750.0,1270.0,269.0,44.0,160.0,1621.0,656.0,047,Brooklyn,0.7257142857142858,0.15371428571428572,0.09142857142857143,0.025142857142857144,0.27428571428571424,0.404688463911166,0.0,Q3,Q1 least POC
36047088001,81426,1400000US36047088001,59799.0,1899.0,1.0,1575.0,0.0,249.0,1898.0,232.0,047,Brooklyn,0.000526592943654555,0.8293838862559242,0.13112164296998421,0.0,0.9994734070563455,0.12223393045310854,0.0,Q2,Q5 most POC
36081018401,190345,1400000US36081018401,55179.0,2118.0,0.0,1445.0,33.0,250.0,2118.0,431.0,081,Queens,0.0,0.682247403210576,0.11803588290840415,0.015580736543909348,1.0,0.20349386213408877,0.0,Q2,Q5 most POC
36081018700,241454,1400000US36081018700,90817.0,2851.0,606.0,115.0,914.0,1191.0,2816.0,316.0,081,Queens,0.21255699754472115,0.04033672395650649,0.41774815854086284,0.32058926692388634,0.7874430024552789,0.11221590909090909,0.0,Q4,Q3
36081018402,212547,1400000US36081018402,92344.0,3017.0,39.0,2016.0,214.0,526.0,3010.0,409.0,081,Queens,0.012926748425588332,0.6682134570765661,0.17434537620152468,0.07093138879681803,0.9870732515744116,0.13588039867109636,0.0,Q4,Q5 most POC
36081018600,180949,1400000US36081018600,88636.0,1914.0,17.0,1196.0,123.0,162.0,1914.0,245.0,081,Queens,0.008881922675026124,0.6248693834900731,0.08463949843260188,0.06426332288401254,0.9911180773249739,0.12800417972831765,0.0,Q4,Q5 most POC
36081018800,178872,1400000US36081018800,110417.0,1402.0,25.0,834.0,141.0,318.0,1402.0,138.0,081,Queens,0.01783166904422254,0.5948644793152639,0.2268188302425107,0.10057061340941512,0.9821683309557775,0.09843081312410841,0.0,Q4,Q5 most POC
36081026902,78481,1400000US36081026902,55298.0,4197.0,272.0,32.0,1938.0,1886.0,4166.0,730.0,081,Queens,0.06480819633071241,0.007624493685966166,0.4493685966166309,0.46175839885632597,0.9351918036692876,0.17522803648583773,0.0,Q2,Q4
36081019200,201046,1400000US36081019200,91681.0,2064.0,92.0,1222.0,339.0,214.0,2059.0,85.0,081,Queens,0.044573643410852716,0.5920542635658915,0.10368217054263566,0.16424418604651161,0.9554263565891473,0.0412821758135017,0.0,Q4,Q4
36081030903,351702,1400000US36081030903,80385.0,5132.0,583.0,212.0,1869.0,2244.0,5112.0,240.0,081,Queens,0.11360093530787217,0.041309431021044424,0.4372564302416212,0.3641855027279813,0.8863990646921278,0.046948356807511735,0.0,Q3,Q4
36081019600,222897,1400000US36081019600,89808.0,3438.0,7.0,2173.0,264.0,347.0,3438.0,619.0,081,Queens,0.002036067481093659,0.6320535194880744,0.10093077370564281,0.07678883071553229,0.9979639325189064,0.18004653868528214,0.0,Q4,Q5 most POC
36081018900,217706,1400000US36081018900,81106.0,3173.0,588.0,197.0,1788.0,492.0,3172.0,252.0,081,Queens,0.1853135833595966,0.06208635360857233,0.15505830444374408,0.5635045698077529,0.8146864166404034,0.07944514501891552,0.0,Q3,Q3
36081019000,188261,1400000US36081019000,80282.0,2513.0,77.0,1529.0,104.0,293.0,2486.0,268.0,081,Queens,0.03064066852367688,0.6084361321130123,0.11659371269399124,0.041384799044966177,0.9693593314763231,0.10780370072405471,0.0,Q3,Q4
36081020400,286644,1400000US36081020400,61433.0,2287.0,49.0,579.0,526.0,835.0,2224.0,374.0,081,Queens,0.021425448185395716,0.2531700918233494,0.365107127240927,0.22999562745955401,0.9785745518146043,0.1681654676258993,0.0,Q2,Q5 most POC
36081020600,148614,1400000US36081020600,75114.0,1483.0,40.0,225.0,233.0,685.0,1483.0,160.0,081,Queens,0.026972353337828724,0.15171948752528658,0.4619015509103169,0.15711395819285232,0.9730276466621712,0.1078894133513149,0.0,Q3,Q5 most POC
36081020800,543254,1400000US36081020800,70417.0,3514.0,720.0,823.0,516.0,1009.0,3503.0,234.0,081,Queens,0.20489470688673875,0.23420603301081389,0.2871371656232214,0.14684120660216277,0.7951052931132613,0.06679988581216101,0.0,Q2,Q3
36081021200,239766,1400000US36081021200,60250.0,2846.0,116.0,266.0,377.0,1696.0,2743.0,761.0,081,Queens,0.040758959943780745,0.09346451159522136,0.5959241040056219,0.1324666198172874,0.9592410400562192,0.2774334670069267,0.0,Q2,Q4
36081021400,380752,1400000US36081021400,64643.0,6019.0,595.0,1433.0,2187.0,1123.0,6019.0,1151.0,081,Queens,0.09885363017112477,0.23807941518524672,0.18657584316331616,0.3633493935869746,0.9011463698288752,0.19122777870078086,3939.9814230641155,Q2,Q4
36081022001,395707,1400000US36081022001,84375.0,6682.0,1733.0,1221.0,789.0,2493.0,6597.0,878.0,081,Queens,0.25935348697994615,0.18272972164022747,0.373091888656091,0.11807841963483987,0.7406465130200539,0.13309079884796118,1166.8146843680488,Q3,Q3
36081023000,165800,1400000US36081023000,108646.0,1890.0,542.0,95.0,808.0,391.0,1869.0,129.0,081,Queens,0.2867724867724868,0.05026455026455026,0.20687830687830688,0.4275132275132275,0.7132275132275132,0.06902086677367576,0.0,Q4,Q3
36081043701,145616,1400000US36081043701,74205.0,3418.0,372.0,282.0,210.0,2490.0,3018.0,488.0,081,Queens,0.1088355763604447,0.08250438853130486,0.7284961966062025,0.06143943826799298,0.8911644236395553,0.16169648774022533,0.0,Q3,Q4
36081071306,181335,1400000US36081071306,81458.0,6882.0,2993.0,874.0,1358.0,1289.0,6882.0,971.0,081,Queens,0.43490264458006395,0.12699796570764313,0.1873002034292357,0.19732635861668119,0.5650973554199361,0.14109270560883463,2173.539759643756,Q3,Q2
36081077906,289075,1400000US36081077906,81269.0,3494.0,1893.0,222.0,881.0,353.0,3486.0,354.0,081,Queens,0.5417859187178019,0.06353749284487693,0.10103033772180882,0.25214653692043504,0.4582140812821981,0.10154905335628227,0.0,Q3,Q2
36081057900,68348,1400000US36081057900,70841.0,1692.0,828.0,38.0,9.0,769.0,1692.0,213.0,081,Queens,0.48936170212765956,0.022458628841607566,0.45449172576832153,0.005319148936170213,0.5106382978723405,0.12588652482269502,0.0,Q2,Q2
36081058000,550452,1400000US36081058000,122411.0,4329.0,96.0,3062.0,134.0,295.0,4269.0,186.0,081,Queens,0.022176022176022176,0.7073227073227073,0.06814506814506814,0.030954030954030955,0.9778239778239778,0.04356992269852424,0.0,Q5 highest,Q5 most POC
36081058100,143606,1400000US36081058100,74085.0,2870.0,1153.0,108.0,20.0,1268.0,2870.0,208.0,081,Queens,0.40174216027874565,0.037630662020905925,0.4418118466898955,0.006968641114982578,0.5982578397212543,0.07247386759581882,0.0,Q3,Q2
36081058900,165272,1400000US36081058900,75089.0,4833.0,2279.0,72.0,169.0,2212.0,4774.0,994.0,081,Queens,0.47154976205255533,0.0148975791433892,0.45768673701634593,0.03496792882267743,0.5284502379474447,0.20821114369501467,0.0,Q3,Q2
36081090700,2022039,1400000US36081090700,85750.0,1410.0,270.0,0.0,844.0,275.0,1410.0,336.0,081,Queens,0.19148936170212766,0.0,0.1950354609929078,0.5985815602836879,0.8085106382978724,0.23829787234042554,0.0,Q3,Q3
36081092800,762718,1400000US36081092800,151335.0,3503.0,3261.0,0.0,123.0,119.0,3503.0,150.0,081,Queens,0.9309163574079361,0.0,0.03397088210105624,0.035112760491007707,0.0690836425920639,0.042820439623180134,0.0,Q5 highest,Q1 least POC
36081092900,956919,1400000US36081092900,100063.0,7942.0,1699.0,27.0,2308.0,3670.0,7942.0,209.0,081,Queens,0.21392596323344246,0.0033996474439687736,0.4621002266431629,0.2906069000251826,0.7860740367665575,0.02631578947368421,0.0,Q4,Q3
36081091800,1126443,1400000US36081091800,,15.0,15.0,0.0,0.0,0.0,15.0,0.0,081,Queens,1.0,0.0,0.0,0.0,0.0,0.0,0.0,,Q1 least POC
36081092200,633705,1400000US36081092200,153971.0,2173.0,1950.0,0.0,3.0,165.0,2173.0,100.0,081,Queens,0.8973768982972848,0.0,0.07593189139438564,0.0013805798435342844,0.10262310170271516,0.04601932811780948,0.0,Q5 highest,Q1 least POC
36081093800,809668,1400000US36081093800,72981.0,5273.0,3396.0,380.0,160.0,1249.0,4699.0,641.0,081,Queens,0.6440356533282762,0.07206523800493078,0.2368670586004172,0.030343258107339274,0.35596434667172383,0.13641200255373484,2325.0857174629564,Q3,Q1 least POC
36081049301,164137,1400000US36081049301,71950.0,2357.0,828.0,0.0,890.0,555.0,2357.0,458.0,081,Queens,0.3512940178192618,0.0,0.23546881629189648,0.3775986423419601,0.6487059821807382,0.19431480695799747,0.0,Q3,Q3
36081049302,269353,1400000US36081049302,63125.0,3171.0,717.0,50.0,728.0,1591.0,2847.0,543.0,081,Queens,0.2261116367076632,0.01576789656259855,0.5017344686218859,0.22958057395143489,0.7738883632923368,0.19072708113804004,0.0,Q2,Q3
36081049500,129036,1400000US36081049500,95375.0,1592.0,754.0,130.0,118.0,584.0,1592.0,132.0,081,Queens,0.47361809045226133,0.08165829145728644,0.36683417085427134,0.07412060301507538,0.5263819095477387,0.0829145728643216,0.0,Q4,Q2
36081049600,273116,1400000US36081049600,100809.0,3042.0,32.0,1237.0,965.0,308.0,3042.0,275.0,081,Queens,0.01051939513477975,0.4066403681788297,0.1012491781722551,0.31722550953320183,0.9894806048652203,0.09040105193951348,0.0,Q4,Q5 most POC
36081049700,197569,1400000US36081049700,63250.0,3123.0,976.0,7.0,1049.0,914.0,3123.0,180.0,081,Queens,0.31252001280819725,0.002241434518091579,0.292667307076529,0.33589497278258085,0.6874799871918027,0.05763688760806916,0.0,Q2,Q3
36081049900,462388,1400000US36081049900,80290.0,5440.0,564.0,46.0,3444.0,1047.0,5440.0,441.0,081,Queens,0.1036764705882353,0.008455882352941176,0.19246323529411766,0.6330882352941176,0.8963235294117647,0.08106617647058824,0.0,Q3,Q4
36081060100,154426,1400000US36081060100,88750.0,2275.0,1368.0,12.0,55.0,802.0,2275.0,270.0,081,Queens,0.6013186813186813,0.005274725274725275,0.3525274725274725,0.024175824175824177,0.39868131868131873,0.11868131868131868,0.0,Q4,Q2
36081059100,202060,1400000US36081059100,72671.0,5332.0,2107.0,30.0,334.0,2557.0,5332.0,759.0,081,Queens,0.3951612903225806,0.005626406601650412,0.4795573893473368,0.06264066016504126,0.6048387096774194,0.14234808702175544,0.0,Q3,Q2
36081059200,226137,1400000US36081059200,97250.0,1510.0,6.0,1361.0,43.0,47.0,1510.0,240.0,081,Queens,0.003973509933774834,0.9013245033112582,0.031125827814569535,0.02847682119205298,0.9960264900662251,0.15894039735099338,0.0,Q4,Q5 most POC
36081059300,252144,1400000US36081059300,78462.0,4115.0,2261.0,91.0,314.0,1354.0,4115.0,669.0,081,Queens,0.549453219927096,0.022114216281895506,0.32904009720534627,0.07630619684082625,0.45054678007290405,0.16257594167679223,0.0,Q3,Q2
36081059400,222046,1400000US36081059400,149904.0,1770.0,25.0,1544.0,0.0,116.0,1770.0,0.0,081,Queens,0.014124293785310734,0.8723163841807909,0.0655367231638418,0.0,0.9858757062146892,0.0,0.0,Q5 highest,Q5 most POC
36081059800,206471,1400000US36081059800,103203.0,1801.0,39.0,1631.0,0.0,105.0,1770.0,73.0,081,Queens,0.021654636313159357,0.9056079955580233,0.05830094392004442,0.0,0.9783453636868407,0.04124293785310734,0.0,Q4,Q5 most POC
36081059900,127081,1400000US36081059900,84125.0,1449.0,631.0,7.0,244.0,536.0,1449.0,210.0,081,Queens,0.4354727398205659,0.004830917874396135,0.3699102829537612,0.168391994478951,0.5645272601794341,0.14492753623188406,0.0,Q3,Q2
36081060000,176717,1400000US36081060000,94583.0,1012.0,5.0,870.0,0.0,19.0,1012.0,90.0,081,Queens,0.004940711462450593,0.8596837944664032,0.018774703557312252,0.0,0.9950592885375494,0.08893280632411067,0.0,Q4,Q5 most POC
36081060600,215296,1400000US36081060600,98661.0,1332.0,0.0,1254.0,0.0,32.0,1332.0,156.0,081,Queens,0.0,0.9414414414414415,0.024024024024024024,0.0,1.0,0.11711711711711711,0.0,Q4,Q5 most POC
36081060701,712989,1400000US36081060701,,14.0,14.0,0.0,0.0,0.0,14.0,0.0,081,Queens,1.0,0.0,0.0,0.0,0.0,0.0,0.0,,Q1 least POC
36081060800,211446,1400000US36081060800,130208.0,1605.0,18.0,1464.0,103.0,6.0,1523.0,98.0,081,Queens,0.011214953271028037,0.9121495327102803,0.003738317757009346,0.06417445482866044,0.9887850467289719,0.06434668417596848,0.0,Q5 highest,Q5 most POC
36081061400,257752,1400000US36081061400,144500.0,1517.0,33.0,1334.0,75.0,38.0,1517.0,33.0,081,Queens,0.021753460777851022,0.8793671720500988,0.025049439683586024,0.049439683586025046,0.978246539222149,0.021753460777851022,0.0,Q5 highest,Q5 most POC
36081061602,422309,1400000US36081061602,121058.0,1013.0,38.0,601.0,60.0,190.0,1013.0,32.0,081,Queens,0.03751233958538993,0.5932872655478776,0.18756169792694966,0.059230009871668314,0.9624876604146101,0.0315893385982231,0.0,Q5 highest,Q4
36081051500,224365,1400000US36081051500,100864.0,3448.0,2144.0,20.0,362.0,798.0,3448.0,99.0,081,Queens,0.6218097447795824,0.00580046403712297,0.2314385150812065,0.10498839907192575,0.3781902552204176,0.0287122969837587,0.0,Q4,Q1 least POC
36081051600,183654,1400000US36081051600,111750.0,2209.0,83.0,1679.0,0.0,326.0,2203.0,180.0,081,Queens,0.03757356269805342,0.7600724309642373,0.14757808963331825,0.0,0.9624264373019465,0.0817067635043123,0.0,Q4,Q4
36081051700,254179,1400000US36081051700,118587.0,1928.0,1314.0,0.0,147.0,467.0,1928.0,130.0,081,Queens,0.6815352697095436,0.0,0.24221991701244813,0.0762448132780083,0.3184647302904564,0.06742738589211618,0.0,Q5 highest,Q1 least POC
36081050000,336068,1400000US36081050000,80513.0,4840.0,155.0,3314.0,495.0,585.0,4567.0,240.0,081,Queens,0.03202479338842975,0.6847107438016529,0.12086776859504132,0.10227272727272728,0.9679752066115702,0.05255090869279615,0.0,Q3,Q4
36081051800,169821,1400000US36081051800,103456.0,2250.0,8.0,1828.0,4.0,190.0,2250.0,184.0,081,Queens,0.0035555555555555557,0.8124444444444444,0.08444444444444445,0.0017777777777777779,0.9964444444444445,0.08177777777777778,0.0,Q4,Q5 most POC
36081052100,190269,1400000US36081052100,106150.0,1969.0,1101.0,33.0,136.0,688.0,1969.0,159.0,081,Queens,0.5591670898933468,0.01675977653631285,0.3494159471813103,0.06907059421025902,0.44083291010665315,0.08075165058405281,0.0,Q4,Q2
36081052200,169840,1400000US36081052200,72063.0,1810.0,0.0,1363.0,132.0,103.0,1810.0,302.0,081,Queens,0.0,0.7530386740331492,0.0569060773480663,0.07292817679558011,1.0,0.16685082872928178,0.0,Q3,Q5 most POC
36081050201,168132,1400000US36081050201,84233.0,1471.0,0.0,1100.0,35.0,175.0,1471.0,142.0,081,Queens,0.0,0.7477906186267845,0.11896668932698844,0.02379333786539769,1.0,0.09653297076818491,0.0,Q3,Q5 most POC
36081050500,116112,1400000US36081050500,97750.0,1925.0,872.0,29.0,694.0,286.0,1925.0,120.0,081,Queens,0.452987012987013,0.015064935064935066,0.14857142857142858,0.3605194805194805,0.547012987012987,0.06233766233766234,0.0,Q4,Q2
36081050700,372217,1400000US36081050700,82703.0,3458.0,1789.0,0.0,1083.0,567.0,3458.0,288.0,081,Queens,0.5173510699826489,0.0,0.16396761133603238,0.3131868131868132,0.4826489300173511,0.08328513591671487,0.0,Q3,Q2
36081050800,219531,1400000US36081050800,73333.0,1756.0,17.0,1527.0,120.0,92.0,1751.0,217.0,081,Queens,0.00968109339407745,0.8695899772209568,0.05239179954441914,0.0683371298405467,0.9903189066059226,0.12392918332381496,0.0,Q3,Q5 most POC
36081051000,184893,1400000US36081051000,107601.0,1952.0,65.0,1349.0,321.0,195.0,1952.0,306.0,081,Queens,0.033299180327868855,0.6910860655737705,0.09989754098360656,0.16444672131147542,0.9667008196721312,0.1567622950819672,0.0,Q4,Q4
36081051100,273907,1400000US36081051100,118375.0,2738.0,1560.0,29.0,291.0,804.0,2738.0,220.0,081,Queens,0.5697589481373265,0.010591672753834916,0.293644996347699,0.10628195763330898,0.4302410518626735,0.08035062089116143,0.0,Q5 highest,Q2
36081051300,193536,1400000US36081051300,106949.0,2768.0,1058.0,26.0,684.0,871.0,2768.0,404.0,081,Queens,0.38222543352601157,0.00939306358381503,0.31466763005780346,0.24710982658959538,0.6177745664739884,0.14595375722543352,0.0,Q4,Q2
36081080301,315989,1400000US36081080301,54528.0,3770.0,275.0,45.0,2497.0,953.0,3770.0,425.0,081,Queens,0.07294429708222812,0.011936339522546418,0.2527851458885942,0.6623342175066314,0.9270557029177718,0.11273209549071618,0.0,Q2,Q4
36081080302,438628,1400000US36081080302,91902.0,4114.0,790.0,4.0,2816.0,499.0,4114.0,80.0,081,Queens,0.1920272241127856,0.0009722897423432182,0.12129314535731649,0.6844919786096256,0.8079727758872144,0.019445794846864366,0.0,Q4,Q3
36081080900,1001243,1400000US36081080900,60014.0,8110.0,3639.0,485.0,2311.0,1235.0,7613.0,816.0,081,Queens,0.44870530209617754,0.059802712700369916,0.15228113440197288,0.28495684340320593,0.5512946979038225,0.10718507815578615,0.0,Q2,Q2
36081081400,369558,1400000US36081081400,136667.0,4693.0,0.0,1649.0,1399.0,968.0,4680.0,705.0,081,Queens,0.0,0.3513743873854677,0.20626464947794587,0.2981035584913701,1.0,0.15064102564102563,0.0,Q5 highest,Q5 most POC
36081081800,375118,1400000US36081081800,96773.0,4084.0,72.0,1198.0,1318.0,824.0,4073.0,431.0,081,Queens,0.01762977473065622,0.2933398628795299,0.20176297747306562,0.3227228207639569,0.9823702252693438,0.10581880677633194,0.0,Q4,Q5 most POC
36081052400,196181,1400000US36081052400,107135.0,2155.0,0.0,1774.0,110.0,187.0,2142.0,254.0,081,Queens,0.0,0.8232018561484918,0.08677494199535962,0.05104408352668213,1.0,0.11858076563958916,0.0,Q4,Q5 most POC
36081052800,180396,1400000US36081052800,84113.0,1513.0,0.0,1139.0,20.0,86.0,1513.0,108.0,081,Queens,0.0,0.7528089887640449,0.056840713813615336,0.013218770654329148,1.0,0.0713813615333774,0.0,Q3,Q5 most POC
36081053000,230158,1400000US36081053000,125938.0,2756.0,42.0,2211.0,19.0,248.0,2756.0,142.0,081,Queens,0.015239477503628448,0.8022496371552975,0.0899854862119013,0.006894049346879536,0.9847605224963716,0.05152394775036284,0.0,Q5 highest,Q5 most POC
36081061800,241544,1400000US36081061800,96587.0,1809.0,30.0,1374.0,97.0,257.0,1755.0,63.0,081,Queens,0.01658374792703151,0.7595356550580431,0.14206744057490325,0.053620784964068545,0.9834162520729685,0.035897435897435895,0.0,Q4,Q5 most POC
36081061900,257858,1400000US36081061900,82500.0,3543.0,2577.0,0.0,174.0,577.0,3543.0,485.0,081,Queens,0.7273497036409822,0.0,0.16285633643804684,0.04911092294665537,0.27265029635901783,0.13688964154671182,0.0,Q3,Q1 least POC
36081062000,216242,1400000US36081062000,112409.0,1370.0,9.0,1185.0,0.0,125.0,1370.0,35.0,081,Queens,0.006569343065693431,0.864963503649635,0.09124087591240876,0.0,0.9934306569343065,0.025547445255474453,0.0,Q5 highest,Q5 most POC
36081062100,258272,1400000US36081062100,87955.0,3053.0,1420.0,104.0,152.0,1311.0,3053.0,207.0,081,Queens,0.46511627906976744,0.03406485424172945,0.42941369145103175,0.04978709466098919,0.5348837209302326,0.06780216180805765,0.0,Q3,Q2
36081062600,429396,1400000US36081062600,111659.0,2994.0,41.0,2378.0,162.0,358.0,2988.0,124.0,081,Queens,0.013694054776219105,0.7942551770207081,0.11957247828991316,0.05410821643286573,0.9863059452237809,0.041499330655957165,0.0,Q4,Q5 most POC
36081062700,157306,1400000US36081062700,76447.0,2860.0,1396.0,2.0,223.0,1191.0,2860.0,92.0,081,Queens,0.4881118881118881,0.0006993006993006993,0.41643356643356644,0.07797202797202797,0.5118881118881119,0.032167832167832165,0.0,Q3,Q2
36061030900,302756,1400000US36061030900,44498.0,11563.0,589.0,1888.0,167.0,8379.0,11548.0,3462.0,061,Manhattan,0.05093833780160858,0.16327942575456197,0.7246389345325608,0.014442618697569834,0.9490616621983914,0.2997921718046415,0.0,Q1 lowest,Q4
36061004400,410012,1400000US36061004400,142975.0,15945.0,11776.0,457.0,1928.0,1085.0,15945.0,1694.0,061,Manhattan,0.7385387268736281,0.028661022264032613,0.06804640953276889,0.1209156475384133,0.2614612731263719,0.10624020068987143,1046.70483111699,Q5 highest,Q1 least POC
36061012101,89046,1400000US36061012101,56935.0,2837.0,1644.0,152.0,329.0,465.0,2815.0,854.0,061,Manhattan,0.5794853718716955,0.053577722946774764,0.16390553401480437,0.11596757137821642,0.42051462812830454,0.30337477797513324,932.6712992798865,Q2,Q2
36061010803,54399,1400000US36061010803,160111.0,1876.0,1452.0,25.0,95.0,280.0,1876.0,74.0,061,Manhattan,0.7739872068230277,0.013326226012793176,0.14925373134328357,0.05063965884861407,0.22601279317697232,0.039445628997867806,824.5622035091016,Q5 highest,Q1 least POC
36061010802,57401,1400000US36061010802,131171.0,4352.0,3498.0,0.0,540.0,246.0,4352.0,374.0,061,Manhattan,0.8037683823529411,0.0,0.05652573529411765,0.12408088235294118,0.19623161764705888,0.0859375,949.0851695277195,Q5 highest,Q1 least POC
36061015403,51715,1400000US36061015403,88890.0,4881.0,2972.0,330.0,360.0,1022.0,4881.0,515.0,061,Manhattan,0.6088916205695554,0.06760909649661954,0.20938332308953084,0.07375537799631224,0.39110837943044463,0.10551116574472444,1307.5379118107244,Q4,Q2
36061015402,54705,1400000US36061015402,138413.0,3899.0,2300.0,771.0,129.0,510.0,3899.0,226.0,061,Manhattan,0.5898948448320082,0.19774301102846883,0.1308027699410105,0.03308540651449089,0.41010515516799184,0.05796358040523211,323.26895111488443,Q5 highest,Q2
36061004001,91742,1400000US36061004001,122383.0,3035.0,2076.0,46.0,197.0,483.0,2914.0,354.0,061,Manhattan,0.6840197693574959,0.015156507413509062,0.15914332784184515,0.06490939044481055,0.31598023064250413,0.12148249828414551,2394.4671549180457,Q5 highest,Q1 least POC
36061013604,71690,1400000US36061013604,159876.0,3435.0,2933.0,52.0,238.0,79.0,3435.0,241.0,061,Manhattan,0.8538573508005822,0.015138282387190683,0.02299854439592431,0.0692867540029112,0.14614264919941777,0.07016011644832605,132.30857583443446,Q5 highest,Q1 least POC
36061013203,53878,1400000US36061013203,114304.0,4277.0,2939.0,0.0,214.0,1039.0,4277.0,1025.0,061,Manhattan,0.6871638999298574,0.0,0.24292728548047696,0.050035071311667054,0.3128361000701426,0.23965396305821837,318.6184755242325,Q5 highest,Q1 least POC
36061013602,56420,1400000US36061013602,161100.0,6142.0,4873.0,142.0,753.0,222.0,6142.0,158.0,061,Manhattan,0.7933897753174861,0.02311950504721589,0.03614457831325301,0.1225985021165744,0.2066102246825139,0.025724519700423314,0.0,Q5 highest,Q1 least POC
36081062900,183530,1400000US36081062900,94055.0,3476.0,1503.0,75.0,448.0,1414.0,3476.0,282.0,081,Queens,0.4323935558112773,0.021576524741081703,0.40678941311852707,0.12888377445339472,0.5676064441887227,0.0811277330264672,0.0,Q4,Q2
36081083700,780781,1400000US36081083700,58386.0,4914.0,626.0,29.0,3715.0,488.0,4895.0,655.0,081,Queens,0.1273911273911274,0.005901505901505902,0.0993080993080993,0.756003256003256,0.8726088726088725,0.1338100102145046,703.8378385299383,Q2,Q4
36081083800,495382,1400000US36081083800,103254.0,5838.0,585.0,502.0,1996.0,1245.0,5803.0,285.0,081,Queens,0.10020554984583761,0.08598835217540253,0.2132579650565262,0.34189791024323396,0.8997944501541624,0.04911252800275719,0.0,Q4,Q4
36081084000,568482,1400000US36081084000,102304.0,7207.0,535.0,856.0,2754.0,1788.0,7196.0,723.0,081,Queens,0.07423338420979603,0.11877341473567365,0.24809213264881366,0.3821284861939781,0.925766615790204,0.10047248471372985,0.0,Q4,Q4
36081084500,188674,1400000US36081084500,32529.0,4988.0,414.0,551.0,2358.0,1572.0,4984.0,1394.0,081,Queens,0.08299919807538092,0.11046511627906977,0.3151563753007217,0.47273456295108257,0.9170008019246191,0.27969502407704655,0.0,Q1 lowest,Q4
36081084601,331161,1400000US36081084601,89107.0,2799.0,284.0,173.0,979.0,976.0,2786.0,122.0,081,Queens,0.10146480886030725,0.06180778849589139,0.34869596284387283,0.34976777420507327,0.8985351911396927,0.04379038047379756,0.0,Q4,Q4
36081053401,260260,1400000US36081053401,127000.0,2087.0,17.0,1800.0,0.0,264.0,2087.0,41.0,081,Queens,0.008145663632007666,0.8624820316243411,0.12649736463823671,0.0,0.9918543363679924,0.01964542405366555,0.0,Q5 highest,Q5 most POC
36081000701,240557,1400000US36081000701,145922.0,3229.0,1440.0,207.0,739.0,494.0,3167.0,112.0,081,Queens,0.44595850108392693,0.0641065345308145,0.15298854134406936,0.22886342520904304,0.5540414989160731,0.03536469845279444,2062.7688903256544,Q5 highest,Q2
36081053601,191536,1400000US36081053601,,1950.0,56.0,891.0,447.0,528.0,1950.0,285.0,081,Queens,0.028717948717948718,0.45692307692307693,0.27076923076923076,0.22923076923076924,0.9712820512820513,0.14615384615384616,0.0,,Q5 most POC
36081054000,522713,1400000US36081054000,60329.0,3943.0,30.0,1877.0,380.0,1133.0,3942.0,575.0,081,Queens,0.00760841998478316,0.47603347704793303,0.2873446614253107,0.09637331980725336,0.9923915800152169,0.1458650431253171,0.0,Q2,Q5 most POC
36081040701,70455,1400000US36081040701,79558.0,3676.0,20.0,0.0,84.0,3551.0,3508.0,597.0,081,Queens,0.00544069640914037,0.0,0.9659956474428727,0.022850924918389554,0.9945593035908596,0.1701824401368301,0.0,Q3,Q5 most POC
36081001901,228400,1400000US36081001901,170078.0,1215.0,426.0,284.0,305.0,131.0,1215.0,0.0,081,Queens,0.3506172839506173,0.2337448559670782,0.10781893004115227,0.25102880658436216,0.6493827160493827,0.0,0.0,Q5 highest,Q3
36081017902,377389,1400000US36081017902,,38.0,9.0,29.0,0.0,0.0,38.0,29.0,081,Queens,0.23684210526315788,0.7631578947368421,0.0,0.0,0.7631578947368421,0.7631578947368421,7136.7780953185475,,Q3
36081023502,117461,1400000US36081023502,72000.0,2801.0,551.0,0.0,630.0,1440.0,2801.0,563.0,081,Queens,0.19671545876472687,0.0,0.5141021063905747,0.22491967154587647,0.8032845412352732,0.20099964298464834,586.5378126513427,Q3,Q3
36081049201,295040,1400000US36081049201,66992.0,3175.0,124.0,1934.0,156.0,640.0,3172.0,274.0,081,Queens,0.03905511811023622,0.6091338582677165,0.2015748031496063,0.04913385826771653,0.9609448818897638,0.08638083228247162,0.0,Q2,Q4
36081047802,132692,1400000US36081047802,91483.0,1385.0,16.0,614.0,510.0,91.0,1385.0,92.0,081,Queens,0.011552346570397111,0.4433212996389892,0.06570397111913358,0.36823104693140796,0.9884476534296028,0.0664259927797834,0.0,Q4,Q5 most POC
36081049202,191181,1400000US36081049202,104076.0,2540.0,21.0,836.0,558.0,642.0,2540.0,334.0,081,Queens,0.00826771653543307,0.3291338582677165,0.25275590551181104,0.21968503937007874,0.9917322834645669,0.131496062992126,0.0,Q4,Q5 most POC
36081063700,695127,1400000US36081063700,99611.0,3636.0,2576.0,28.0,237.0,639.0,3598.0,580.0,081,Queens,0.7084708470847084,0.007700770077007701,0.17574257425742573,0.06518151815181518,0.2915291529152916,0.16120066703724292,0.0,Q4,Q1 least POC
36081063800,690778,1400000US36081063800,116859.0,3550.0,117.0,3011.0,79.0,294.0,3548.0,379.0,081,Queens,0.03295774647887324,0.8481690140845071,0.0828169014084507,0.022253521126760562,0.9670422535211267,0.1068207440811725,0.0,Q5 highest,Q4
36081063900,251775,1400000US36081063900,113409.0,3160.0,1292.0,126.0,117.0,1625.0,3160.0,201.0,081,Queens,0.4088607594936709,0.039873417721518985,0.5142405063291139,0.037025316455696206,0.5911392405063292,0.06360759493670887,0.0,Q5 highest,Q2
36081064101,85455,1400000US36081064101,84291.0,2489.0,1548.0,7.0,420.0,426.0,2457.0,91.0,081,Queens,0.6219365206910406,0.002812374447569305,0.17115307352350342,0.1687424668541583,0.37806347930895945,0.037037037037037035,0.0,Q3,Q1 least POC
36081063301,134735,1400000US36081063301,101548.0,1636.0,1023.0,0.0,78.0,535.0,1636.0,37.0,081,Queens,0.6253056234718827,0.0,0.3270171149144254,0.04767726161369193,0.3746943765281173,0.022616136919315404,0.0,Q4,Q1 least POC
36081063302,138739,1400000US36081063302,134205.0,1910.0,1107.0,0.0,22.0,781.0,1910.0,163.0,081,Queens,0.5795811518324607,0.0,0.40890052356020945,0.011518324607329843,0.42041884816753927,0.08534031413612565,0.0,Q5 highest,Q2
36081063500,189460,1400000US36081063500,105125.0,2604.0,1612.0,12.0,82.0,890.0,2596.0,209.0,081,Queens,0.6190476190476191,0.004608294930875576,0.34178187403993854,0.0314900153609831,0.38095238095238093,0.08050847457627118,0.0,Q4,Q1 least POC
36081064500,309592,1400000US36081064500,92313.0,2034.0,848.0,41.0,390.0,662.0,2034.0,302.0,081,Queens,0.4169124877089479,0.02015732546705998,0.3254670599803343,0.19174041297935104,0.5830875122910522,0.14847590953785644,0.0,Q4,Q2
36081064600,407312,1400000US36081064600,118375.0,3402.0,25.0,3049.0,44.0,105.0,3387.0,121.0,081,Queens,0.007348618459729571,0.8962375073486185,0.030864197530864196,0.012933568489124045,0.9926513815402704,0.035724830233244756,0.0,Q5 highest,Q5 most POC
36081065000,399994,1400000US36081065000,121667.0,2577.0,36.0,2475.0,0.0,32.0,2557.0,202.0,081,Queens,0.013969732246798603,0.9604190919674039,0.01241753977493209,0.0,0.9860302677532014,0.07899882675009777,0.0,Q5 highest,Q5 most POC
36081084602,716802,1400000US36081084602,79707.0,1276.0,146.0,316.0,319.0,464.0,1201.0,162.0,081,Queens,0.11442006269592477,0.2476489028213166,0.36363636363636365,0.25,0.8855799373040752,0.13488759367194006,0.0,Q3,Q4
36081086100,148788,1400000US36081086100,41146.0,2219.0,88.0,80.0,1688.0,351.0,2219.0,676.0,081,Queens,0.03965750337990086,0.03605227579990987,0.15817936007210456,0.7607030193780983,0.9603424966200992,0.3046417305092384,0.0,Q1 lowest,Q4
36081086300,144150,1400000US36081086300,51071.0,6747.0,322.0,359.0,4663.0,1403.0,6732.0,1626.0,081,Queens,0.047724914776937896,0.05320883355565437,0.20794427152808656,0.6911219801393211,0.9522750852230621,0.2415329768270945,0.0,Q1 lowest,Q4
36081086400,1120711,1400000US36081086400,131111.0,2712.0,406.0,156.0,701.0,1339.0,2712.0,422.0,081,Queens,0.14970501474926254,0.05752212389380531,0.4937315634218289,0.2584808259587021,0.8502949852507374,0.1556047197640118,0.0,Q5 highest,Q3
36081086500,158252,1400000US36081086500,51397.0,4729.0,473.0,95.0,3648.0,380.0,4715.0,722.0,081,Queens,0.10002114611968704,0.020088813702685556,0.08035525481074222,0.7714104461831254,0.899978853880313,0.15312831389183457,0.0,Q1 lowest,Q4
36081087100,412418,1400000US36081087100,46841.0,4442.0,208.0,389.0,3187.0,573.0,4408.0,993.0,081,Queens,0.04682575416479064,0.08757316524088249,0.1289959477712742,0.7174696082845565,0.9531742458352094,0.22527223230490018,0.0,Q1 lowest,Q4
36081088400,1557917,1400000US36081088400,102727.0,9257.0,6523.0,342.0,170.0,2112.0,9253.0,613.0,081,Queens,0.7046559360483958,0.03694501458355839,0.22815166900723777,0.01836448093334774,0.2953440639516042,0.0662487841781044,0.0,Q4,Q1 least POC
36081054500,113474,1400000US36081054500,59980.0,3749.0,1250.0,22.0,190.0,2138.0,3749.0,458.0,081,Queens,0.3334222459322486,0.005868231528407575,0.570285409442518,0.050680181381701786,0.6665777540677513,0.12216591090957589,0.0,Q2,Q3
36081054200,541845,1400000US36081054200,81439.0,5559.0,252.0,1558.0,1271.0,1712.0,5402.0,601.0,081,Queens,0.04533189422558014,0.2802662349343407,0.30796905918330636,0.2286382442885411,0.9546681057744199,0.1112550907071455,0.0,Q3,Q4
36081054700,129153,1400000US36081054700,111641.0,4953.0,998.0,184.0,653.0,3060.0,4953.0,571.0,081,Queens,0.20149404401372906,0.037149202503533214,0.6178073894609327,0.13183928931960429,0.7985059559862709,0.11528366646476883,0.0,Q4,Q3
36081054800,225673,1400000US36081054800,103333.0,2472.0,34.0,521.0,1296.0,356.0,2472.0,208.0,081,Queens,0.013754045307443365,0.21076051779935276,0.14401294498381878,0.5242718446601942,0.9862459546925566,0.08414239482200647,0.0,Q4,Q5 most POC
36081065600,592434,1400000US36081065600,103438.0,4125.0,523.0,2861.0,86.0,459.0,4125.0,149.0,081,Queens,0.12678787878787878,0.6935757575757576,0.11127272727272727,0.02084848484848485,0.8732121212121212,0.03612121212121212,0.0,Q4,Q4
36081065702,144106,1400000US36081065702,84327.0,1430.0,1011.0,0.0,25.0,331.0,1430.0,44.0,081,Queens,0.706993006993007,0.0,0.23146853146853147,0.017482517482517484,0.29300699300699296,0.03076923076923077,0.0,Q3,Q1 least POC
36081065900,193751,1400000US36081065900,111731.0,1905.0,1320.0,0.0,328.0,242.0,1905.0,101.0,081,Queens,0.6929133858267716,0.0,0.12703412073490813,0.1721784776902887,0.30708661417322836,0.05301837270341207,0.0,Q4,Q1 least POC
36081066000,386557,1400000US36081066000,82173.0,3185.0,188.0,2632.0,66.0,249.0,3185.0,108.0,081,Queens,0.05902668759811617,0.8263736263736263,0.0781789638932496,0.020722135007849293,0.9409733124018839,0.03390894819466248,0.0,Q3,Q4
36081047600,547425,1400000US36081047600,109846.0,1436.0,464.0,147.0,607.0,92.0,1436.0,81.0,081,Queens,0.3231197771587744,0.10236768802228412,0.06406685236768803,0.42270194986072424,0.6768802228412256,0.056406685236768804,0.0,Q4,Q3
36081047900,392476,1400000US36081047900,79796.0,5903.0,343.0,202.0,3977.0,1278.0,5890.0,633.0,081,Queens,0.05810604777231916,0.03421988819244452,0.21650008470269355,0.6737252244621379,0.9418939522276808,0.10747028862478777,2982.5124049833366,Q3,Q4
36081048500,317281,1400000US36081048500,73362.0,4631.0,164.0,73.0,3417.0,930.0,4631.0,544.0,081,Queens,0.03541351759879076,0.015763334053120276,0.20082055711509395,0.7378535953357807,0.9645864824012093,0.11746922910818398,933.6746980444318,Q3,Q4
36081048900,362006,1400000US36081048900,56600.0,1633.0,102.0,28.0,640.0,863.0,1633.0,288.0,081,Queens,0.062461726883037354,0.017146356399265157,0.5284751990202082,0.39191671769748926,0.9375382731169627,0.17636252296387017,3236.8704163478646,Q2,Q4
36081055900,158575,1400000US36081055900,77188.0,1158.0,227.0,40.0,130.0,747.0,1158.0,205.0,081,Queens,0.19602763385146804,0.03454231433506045,0.6450777202072538,0.11226252158894647,0.803972366148532,0.1770293609671848,0.0,Q3,Q3
36081056100,2822179,1400000US36081056100,,18.0,11.0,0.0,7.0,0.0,18.0,0.0,081,Queens,0.6111111111111112,0.0,0.0,0.3888888888888889,0.38888888888888884,0.0,5216.477851627755,,Q2
36081056500,117784,1400000US36081056500,118319.0,1797.0,255.0,52.0,56.0,1397.0,1797.0,72.0,081,Queens,0.1419031719532554,0.028937117417918753,0.7774067890929327,0.031163049526989426,0.8580968280467446,0.04006677796327212,343.6398260906901,Q5 highest,Q3
36081056700,313429,1400000US36081056700,107540.0,4971.0,1539.0,122.0,21.0,3289.0,4971.0,244.0,081,Queens,0.3095956547978274,0.024542345604506136,0.6616374974854154,0.004224502112251056,0.6904043452021726,0.04908469120901227,993.7529816916274,Q4,Q3
36081055200,417515,1400000US36081055200,66357.0,2990.0,262.0,300.0,1287.0,888.0,2940.0,222.0,081,Queens,0.08762541806020067,0.10033444816053512,0.29698996655518395,0.43043478260869567,0.9123745819397994,0.07551020408163266,0.0,Q2,Q4
36081055300,137026,1400000US36081055300,84315.0,3133.0,501.0,69.0,648.0,1810.0,3133.0,395.0,081,Queens,0.15991062879029683,0.02202361953399298,0.5777210341525694,0.20683051388445578,0.8400893712097032,0.12607724225981487,0.0,Q3,Q3
36081055400,220076,1400000US36081055400,90685.0,2751.0,242.0,147.0,1488.0,669.0,2751.0,306.0,081,Queens,0.08796801163213377,0.05343511450381679,0.24318429661941113,0.5408942202835333,0.9120319883678663,0.11123227917121047,0.0,Q4,Q4
36081055500,153716,1400000US36081055500,75917.0,2168.0,397.0,142.0,95.0,1458.0,2155.0,277.0,081,Queens,0.1831180811808118,0.06549815498154982,0.672509225092251,0.04381918819188192,0.8168819188191883,0.128538283062645,0.0,Q3,Q3
36081055700,238756,1400000US36081055700,86346.0,4025.0,1539.0,163.0,122.0,2175.0,4025.0,408.0,081,Queens,0.38236024844720495,0.04049689440993789,0.5403726708074534,0.03031055900621118,0.617639751552795,0.1013664596273292,0.0,Q3,Q2
36081055800,192360,1400000US36081055800,80536.0,1795.0,153.0,197.0,554.0,679.0,1795.0,173.0,081,Queens,0.08523676880222841,0.10974930362116991,0.37827298050139274,0.3086350974930362,0.9147632311977716,0.09637883008356546,0.0,Q3,Q4
36081056800,850998,1400000US36081056800,106354.0,4901.0,288.0,2899.0,181.0,1169.0,4841.0,300.0,081,Queens,0.05876351764945929,0.5915119363395226,0.23852275045909,0.03693123852275046,0.9412364823505407,0.06197066721751704,0.0,Q4,Q4
36081057700,186600,1400000US36081057700,83438.0,4056.0,2274.0,0.0,25.0,1731.0,4056.0,564.0,081,Queens,0.5606508875739645,0.0,0.42677514792899407,0.00616370808678501,0.43934911242603547,0.1390532544378698,0.0,Q3,Q2
36081066501,327798,1400000US36081066501,82356.0,4059.0,2729.0,18.0,117.0,1072.0,4045.0,252.0,081,Queens,0.6723330869672333,0.004434589800443459,0.26410445922641046,0.028824833702882482,0.32766691303276674,0.0622991347342398,0.0,Q3,Q1 least POC
36081067700,185953,1400000US36081067700,115250.0,1901.0,1606.0,0.0,108.0,169.0,1901.0,85.0,081,Queens,0.8448185165702262,0.0,0.08890057864281957,0.05681220410310363,0.15518148342977378,0.04471330878485008,0.0,Q5 highest,Q1 least POC
36081068000,764229,1400000US36081068000,128571.0,5652.0,42.0,5183.0,96.0,295.0,5652.0,255.0,081,Queens,0.0074309978768577496,0.9170205237084218,0.05219391365888181,0.016985138004246284,0.9925690021231423,0.04511677282377919,0.0,Q5 highest,Q5 most POC
36081068200,230135,1400000US36081068200,92656.0,1076.0,0.0,898.0,5.0,89.0,1067.0,67.0,081,Queens,0.0,0.8345724907063197,0.08271375464684015,0.004646840148698885,1.0,0.06279287722586692,0.0,Q4,Q5 most POC
36081068700,278501,1400000US36081068700,68566.0,4610.0,1178.0,43.0,1974.0,1263.0,4610.0,295.0,081,Queens,0.25553145336225597,0.009327548806941432,0.2739696312364425,0.42819956616052063,0.7444685466377441,0.06399132321041215,1293.3190989958757,Q2,Q3
36081069000,350534,1400000US36081069000,127019.0,4332.0,159.0,3520.0,23.0,213.0,4315.0,136.0,081,Queens,0.036703601108033244,0.8125577100646353,0.04916897506925208,0.00530932594644506,0.9632963988919667,0.031517960602549244,0.0,Q5 highest,Q4
36081116302,118079,1400000US36081116302,64671.0,3985.0,426.0,84.0,2599.0,876.0,3985.0,1341.0,081,Queens,0.10690087829360101,0.02107904642409034,0.21982434127979925,0.6521957340025094,0.893099121706399,0.3365119196988708,0.0,Q2,Q4
36081003302,327948,1400000US36081003302,53417.0,936.0,162.0,40.0,337.0,363.0,936.0,253.0,081,Queens,0.17307692307692307,0.042735042735042736,0.38782051282051283,0.36004273504273504,0.8269230769230769,0.2702991452991453,2718.1133534376986,Q2,Q3
36081116301,133392,1400000US36081116301,35545.0,4574.0,486.0,195.0,2972.0,847.0,3966.0,881.0,081,Queens,0.10625273283777875,0.04263226934849147,0.18517708788806297,0.6497595102754701,0.8937472671622213,0.2221381744831064,0.0,Q1 lowest,Q4
36081047801,520431,1400000US36081047801,39962.0,3455.0,1228.0,332.0,933.0,830.0,3452.0,747.0,081,Queens,0.3554269175108538,0.09609261939218523,0.2402315484804631,0.27004341534008686,0.6445730824891462,0.216396292004635,0.0,Q1 lowest,Q3
36081000702,304488,1400000US36081000702,125114.0,3594.0,2113.0,228.0,740.0,299.0,3581.0,190.0,081,Queens,0.5879243183082916,0.06343906510851419,0.08319421257651642,0.20589872008903728,0.4120756816917084,0.05305780508237922,5965.912291967939,Q5 highest,Q2
36081019902,626041,1400000US36081019902,,57.0,24.0,33.0,0.0,0.0,57.0,33.0,081,Queens,0.42105263157894735,0.5789473684210527,0.0,0.0,0.5789473684210527,0.5789473684210527,0.0,,Q2
36081001902,174026,1400000US36081001902,157877.0,5059.0,1909.0,66.0,2469.0,352.0,5059.0,537.0,081,Queens,0.37734730183830795,0.013046056532911642,0.06957896817552876,0.488041114844831,0.622652698161692,0.10614745997232655,0.0,Q5 highest,Q2
36081019901,319578,1400000US36081019901,53958.0,461.0,85.0,164.0,45.0,167.0,253.0,59.0,081,Queens,0.1843817787418655,0.3557483731019523,0.36225596529284165,0.09761388286334056,0.8156182212581344,0.233201581027668,0.0,Q2,Q3
36081017901,96372,1400000US36081017901,66379.0,1118.0,268.0,32.0,490.0,242.0,1106.0,347.0,081,Queens,0.23971377459749552,0.028622540250447227,0.21645796064400716,0.43828264758497315,0.7602862254025045,0.31374321880650996,2078.6606997758686,Q2,Q3
36081023501,138076,1400000US36081023501,57340.0,4467.0,258.0,60.0,1747.0,2260.0,4467.0,412.0,081,Queens,0.0577568838146407,0.013431833445265278,0.5059323931049922,0.39109021714797404,0.9422431161853593,0.09223192299082159,74.75330005285916,Q2,Q4
36081030906,216946,1400000US36081030906,79075.0,3582.0,730.0,55.0,1564.0,1204.0,3528.0,451.0,081,Queens,0.2037967615857063,0.015354550530429927,0.3361250697934115,0.43662758235622556,0.7962032384142936,0.1278344671201814,0.0,Q3,Q3
36081030905,193761,1400000US36081030905,93125.0,2951.0,215.0,115.0,1321.0,1273.0,2923.0,333.0,081,Queens,0.07285665875974245,0.03896984073195527,0.43137919349373094,0.4476448661470688,0.9271433412402575,0.11392405063291139,0.0,Q4,Q4
36081027702,100518,1400000US36081027702,75702.0,3808.0,358.0,124.0,1212.0,2037.0,3808.0,221.0,081,Queens,0.0940126050420168,0.032563025210084036,0.5349264705882353,0.3182773109243697,0.9059873949579832,0.05803571428571429,260.48474329197916,Q3,Q4
36081101004,570400,1400000US36081101004,41429.0,6916.0,2402.0,2650.0,298.0,1329.0,6153.0,1255.0,081,Queens,0.3473105841526894,0.38316946211683056,0.1921631000578369,0.04308849045691151,0.6526894158473107,0.2039655452624736,4796.368996226817,Q1 lowest,Q3
36081101003,234449,1400000US36081101003,68707.0,4019.0,1459.0,716.0,94.0,1697.0,3658.0,641.0,081,Queens,0.36302562826573775,0.17815376959442647,0.42224433938790745,0.02338890271211744,0.6369743717342622,0.17523236741388737,0.0,Q2,Q2
36081097206,306780,1400000US36081097206,45748.0,2768.0,87.0,1440.0,132.0,813.0,2768.0,1116.0,081,Queens,0.03143063583815029,0.5202312138728323,0.29371387283236994,0.0476878612716763,0.9685693641618497,0.4031791907514451,0.0,Q1 lowest,Q4
36081100803,347303,1400000US36081100803,47271.0,4008.0,106.0,1752.0,81.0,1545.0,4000.0,591.0,081,Queens,0.026447105788423155,0.437125748502994,0.38547904191616766,0.020209580838323353,0.9735528942115769,0.14775,0.0,Q1 lowest,Q5 most POC
36081100804,691400,1400000US36081100804,118220.0,5511.0,1490.0,3645.0,112.0,222.0,5327.0,299.0,081,Queens,0.27036835420068955,0.6614044637996733,0.040283070223189985,0.020322990382870623,0.7296316457993104,0.056129153369626435,0.0,Q5 highest,Q3
36081155103,734880,1400000US36081155103,109959.0,4522.0,1948.0,543.0,1206.0,629.0,4521.0,266.0,081,Queens,0.4307828394515701,0.1200796107916851,0.13909774436090225,0.26669615214506853,0.56921716054843,0.058836540588365405,0.0,Q4,Q2
36081066401,1112816,1400000US36081066401,,1574.0,257.0,752.0,257.0,308.0,1574.0,117.0,081,Queens,0.16327827191867852,0.4777636594663278,0.19567979669631513,0.16327827191867852,0.8367217280813215,0.07433290978398983,0.0,,Q3
36081033405,261206,1400000US36081033405,77161.0,3376.0,181.0,2668.0,0.0,334.0,3260.0,134.0,081,Queens,0.05361374407582938,0.7902843601895735,0.09893364928909952,0.0,0.9463862559241706,0.041104294478527606,0.0,Q3,Q4
36081155104,706517,1400000US36081155104,138698.0,3641.0,1203.0,229.0,1656.0,454.0,3038.0,240.0,081,Queens,0.3304037352375721,0.06289480911837407,0.12469101895083769,0.45482010436693215,0.6695962647624278,0.07899934167215274,0.0,Q5 highest,Q3
36081025402,380087,1400000US36081025402,40068.0,6013.0,331.0,2359.0,843.0,1345.0,5990.0,1375.0,081,Queens,0.05504739730583735,0.39231664726426074,0.22368202228504905,0.14019624147680027,0.9449526026941626,0.2295492487479132,0.0,Q1 lowest,Q4
36081025401,252022,1400000US36081025401,92121.0,4041.0,3.0,2139.0,1255.0,137.0,3928.0,263.0,081,Queens,0.0007423904974016332,0.5293244246473645,0.03390249938134125,0.31056669141301657,0.9992576095025983,0.06695519348268839,0.0,Q4,Q5 most POC
36081028802,200165,1400000US36081028802,84835.0,2336.0,37.0,1434.0,266.0,523.0,2336.0,338.0,081,Queens,0.015839041095890412,0.6138698630136986,0.22388698630136986,0.11386986301369863,0.9841609589041096,0.1446917808219178,0.0,Q3,Q5 most POC
36081069300,142998,1400000US36081069300,72125.0,3123.0,882.0,86.0,729.0,1245.0,3123.0,196.0,081,Queens,0.2824207492795389,0.027537624079410822,0.39865513928914503,0.2334293948126801,0.717579250720461,0.0627601665065642,2616.413818909845,Q3,Q3
36081069400,520067,1400000US36081069400,105708.0,3573.0,118.0,2847.0,74.0,407.0,3568.0,243.0,081,Queens,0.03302546879373076,0.7968094038623006,0.1139098796529527,0.020710887209627764,0.9669745312062692,0.06810538116591928,0.0,Q4,Q4
36081069500,213219,1400000US36081069500,116125.0,2417.0,910.0,98.0,1025.0,346.0,2399.0,319.0,081,Queens,0.3764997931319818,0.04054613156805958,0.14315266859743483,0.4240794373189905,0.6235002068680182,0.1329720716965402,0.0,Q5 highest,Q2
36081069701,132473,1400000US36081069701,101168.0,4460.0,1100.0,217.0,1588.0,1032.0,4460.0,349.0,081,Queens,0.24663677130044842,0.04865470852017937,0.23139013452914797,0.3560538116591928,0.7533632286995515,0.07825112107623318,658.6819439710813,Q4,Q3
36081138501,989754,1400000US36081138501,91421.0,4353.0,976.0,0.0,2463.0,759.0,4351.0,395.0,081,Queens,0.22421318630829312,0.0,0.17436250861474845,0.565816678152998,0.7757868136917069,0.09078372787864859,5019.195245854448,Q4,Q3
36081138502,2354813,1400000US36081138502,,109.0,97.0,0.0,3.0,9.0,68.0,30.0,081,Queens,0.8899082568807339,0.0,0.08256880733944955,0.027522935779816515,0.11009174311926606,0.4411764705882353,7507.923537300127,,Q1 least POC
36081143500,357720,1400000US36081143500,116900.0,2380.0,574.0,3.0,1443.0,109.0,2380.0,90.0,081,Queens,0.2411764705882353,0.0012605042016806723,0.04579831932773109,0.6063025210084033,0.7588235294117647,0.037815126050420166,2427.678547528272,Q5 highest,Q3
36081144100,337064,1400000US36081144100,113214.0,2892.0,944.0,0.0,1453.0,455.0,2880.0,330.0,081,Queens,0.326417704011065,0.0,0.15733056708160442,0.5024204702627939,0.673582295988935,0.11458333333333333,60.40556520099345,Q5 highest,Q3
36081144700,412786,1400000US36081144700,95069.0,3605.0,218.0,778.0,1990.0,534.0,3589.0,550.0,081,Queens,0.060471567267683775,0.2158113730929265,0.14812760055478502,0.5520110957004161,0.9395284327323162,0.15324602953468933,958.1909176740407,Q4,Q4
36081145101,251956,1400000US36081145101,77734.0,1178.0,444.0,0.0,674.0,37.0,1178.0,130.0,081,Queens,0.3769100169779287,0.0,0.031409168081494056,0.5721561969439728,0.6230899830220713,0.11035653650254669,0.0,Q3,Q2
36081145102,343669,1400000US36081145102,81339.0,2676.0,756.0,10.0,1237.0,591.0,2676.0,210.0,081,Queens,0.2825112107623318,0.0037369207772795215,0.22085201793721973,0.46225710014947685,0.7174887892376682,0.07847533632286996,784.1090349765086,Q3,Q3
36081139900,364201,1400000US36081139900,128750.0,1568.0,340.0,0.0,946.0,261.0,1557.0,102.0,081,Queens,0.21683673469387754,0.0,0.16645408163265307,0.6033163265306123,0.7831632653061225,0.06551059730250482,88.0912372455987,Q5 highest,Q3
36081140901,244496,1400000US36081140901,120186.0,1155.0,183.0,38.0,502.0,409.0,1148.0,26.0,081,Queens,0.15844155844155844,0.0329004329004329,0.3541125541125541,0.43463203463203465,0.8415584415584416,0.02264808362369338,1064.257146075105,Q5 highest,Q3
36081140902,537661,1400000US36081140902,100865.0,2464.0,459.0,6.0,1688.0,311.0,2464.0,225.0,081,Queens,0.18628246753246752,0.002435064935064935,0.12621753246753248,0.685064935064935,0.8137175324675325,0.09131493506493507,3022.8453761076807,Q4,Q3
36081142900,530345,1400000US36081142900,82159.0,4090.0,1204.0,0.0,2073.0,748.0,4090.0,90.0,081,Queens,0.2943765281173594,0.0,0.18288508557457211,0.5068459657701712,0.7056234718826406,0.022004889975550123,2224.9872465995204,Q3,Q3
36081146300,323968,1400000US36081146300,79763.0,2886.0,1031.0,126.0,937.0,597.0,2330.0,95.0,081,Queens,0.35724185724185725,0.04365904365904366,0.20686070686070687,0.3246708246708247,0.6427581427581428,0.0407725321888412,0.0,Q3,Q3
36081146700,354572,1400000US36081146700,102385.0,2835.0,1194.0,76.0,1230.0,263.0,2835.0,178.0,081,Queens,0.4211640211640212,0.026807760141093474,0.0927689594356261,0.43386243386243384,0.5788359788359788,0.06278659611992946,0.0,Q4,Q2
36081147100,421861,1400000US36081147100,83971.0,3242.0,1852.0,23.0,1283.0,48.0,3242.0,332.0,081,Queens,0.5712523133867983,0.007094386181369525,0.014805675508945095,0.3957433682911783,0.42874768661320173,0.10240592227020358,1487.8475232464323,Q3,Q2
36081147900,909484,1400000US36081147900,98533.0,4342.0,1911.0,23.0,1313.0,827.0,4342.0,463.0,081,Queens,0.44011976047904194,0.0052970981114693685,0.19046522339935515,0.3023952095808383,0.5598802395209581,0.10663288807001382,711.6249815976279,Q4,Q2
36081148300,1334134,1400000US36081148300,125500.0,3023.0,1868.0,0.0,963.0,88.0,3023.0,194.0,081,Queens,0.6179292093946411,0.0,0.029110155474694012,0.31855772411511746,0.38207079060535887,0.06417466093284817,0.0,Q5 highest,Q1 least POC
36081150701,877002,1400000US36081150701,143375.0,3173.0,1341.0,6.0,1250.0,462.0,3162.0,108.0,081,Queens,0.4226284273558147,0.0018909549322407816,0.14560352978254018,0.3939489442168295,0.5773715726441853,0.03415559772296015,1368.1886180832403,Q5 highest,Q2
36081069702,441419,1400000US36081069702,84991.0,4309.0,1636.0,9.0,1811.0,783.0,4153.0,499.0,081,Queens,0.379670457182641,0.002088651659317707,0.18171269436064053,0.42028312833604087,0.620329542817359,0.12015410546592825,0.0,Q3,Q2
36081070700,222061,1400000US36081070700,108616.0,2661.0,1315.0,7.0,923.0,370.0,2657.0,61.0,081,Queens,0.4941751221345359,0.0026305900037579856,0.13904547162720782,0.3468620819240887,0.5058248778654642,0.022958223560406475,0.0,Q4,Q2
36081071100,375475,1400000US36081071100,102734.0,6044.0,2737.0,123.0,1932.0,940.0,5969.0,309.0,081,Queens,0.4528457974851092,0.020350761085373925,0.1555261416280609,0.3196558570483124,0.5471542025148908,0.051767465237058136,1150.9395005813888,Q4,Q2
36081072900,193731,1400000US36081072900,127292.0,1366.0,635.0,0.0,571.0,108.0,1356.0,81.0,081,Queens,0.46486090775988287,0.0,0.07906295754026355,0.41800878477306,0.5351390922401171,0.059734513274336286,0.0,Q5 highest,Q2
36081073900,224293,1400000US36081073900,113333.0,5480.0,2702.0,192.0,1376.0,628.0,5350.0,176.0,081,Queens,0.4930656934306569,0.035036496350364967,0.1145985401459854,0.2510948905109489,0.506934306569343,0.03289719626168224,2031.5950538559243,Q5 highest,Q2
36081074300,193477,1400000US36081074300,76063.0,3979.0,1931.0,64.0,1238.0,607.0,3968.0,317.0,081,Queens,0.48529781352098517,0.016084443327469212,0.1525508921839658,0.3111334506157326,0.5147021864790149,0.07988911290322581,662.3353864991733,Q3,Q2
36081074500,174486,1400000US36081074500,53716.0,3951.0,1649.0,346.0,755.0,801.0,3936.0,728.0,081,Queens,0.41736269298911666,0.08757276638825613,0.20273348519362186,0.19109086307263984,0.5826373070108833,0.18495934959349594,2013.3106352627278,Q2,Q2
36081076902,101240,1400000US36081076902,113042.0,1245.0,427.0,2.0,517.0,235.0,1245.0,54.0,081,Queens,0.3429718875502008,0.001606425702811245,0.18875502008032127,0.41526104417670684,0.6570281124497992,0.043373493975903614,1495.564179585991,Q5 highest,Q3
36081073100,189843,1400000US36081073100,159279.0,1777.0,1161.0,0.0,348.0,186.0,1772.0,67.0,081,Queens,0.6533483398987057,0.0,0.10467079347214406,0.19583567810917277,0.34665166010129433,0.03781038374717833,0.0,Q5 highest,Q1 least POC
36081073700,210609,1400000US36081073700,117568.0,2151.0,1213.0,18.0,550.0,243.0,2151.0,108.0,081,Queens,0.5639237563923757,0.008368200836820083,0.11297071129707113,0.2556950255695026,0.4360762436076243,0.0502092050209205,1339.3456470833537,Q5 highest,Q2
36081077300,279069,1400000US36081077300,101750.0,2172.0,1128.0,80.0,503.0,416.0,2172.0,123.0,081,Queens,0.5193370165745856,0.03683241252302026,0.19152854511970535,0.23158379373848986,0.48066298342541436,0.05662983425414365,661.2974638600917,Q4,Q2
36081077500,229489,1400000US36081077500,100750.0,2151.0,1261.0,27.0,342.0,444.0,2151.0,119.0,081,Queens,0.5862389586238959,0.012552301255230125,0.20641562064156208,0.1589958158995816,0.41376104137610414,0.055323105532310554,0.0,Q4,Q2
36081077902,559114,1400000US36081077902,102581.0,5082.0,3529.0,84.0,470.0,540.0,5082.0,771.0,081,Queens,0.6944116489571035,0.01652892561983471,0.10625737898465171,0.09248327430145611,0.3055883510428965,0.15171192443919718,0.0,Q4,Q1 least POC
36081077903,263829,1400000US36081077903,98194.0,3553.0,1436.0,38.0,1168.0,820.0,3549.0,234.0,081,Queens,0.40416549394877566,0.0106951871657754,0.2307908809456797,0.3287362792006755,0.5958345060512243,0.06593406593406594,0.0,Q4,Q2
36081077905,275174,1400000US36081077905,91927.0,2904.0,778.0,638.0,938.0,510.0,2699.0,268.0,081,Queens,0.2679063360881543,0.2196969696969697,0.1756198347107438,0.32300275482093666,0.7320936639118457,0.09929603556872917,0.0,Q4,Q3
36081078800,192534,1400000US36081078800,98750.0,1916.0,31.0,1252.0,87.0,190.0,1901.0,114.0,081,Queens,0.016179540709812108,0.6534446764091858,0.09916492693110647,0.04540709812108559,0.9838204592901879,0.05996843766438716,0.0,Q4,Q5 most POC
36081079200,363822,1400000US36081079200,74474.0,2660.0,11.0,1536.0,237.0,320.0,2589.0,208.0,081,Queens,0.004135338345864661,0.5774436090225564,0.12030075187969924,0.08909774436090226,0.9958646616541353,0.08033989957512554,0.0,Q3,Q5 most POC
36081079900,287107,1400000US36081079900,48750.0,3185.0,230.0,1.0,2308.0,541.0,3173.0,1153.0,081,Queens,0.07221350078492936,0.0003139717425431711,0.16985871271585556,0.7246467817896389,0.9277864992150706,0.3633785061456035,0.0,Q1 lowest,Q4
36081150702,835426,1400000US36081150702,106563.0,3018.0,1588.0,80.0,1121.0,224.0,2922.0,147.0,081,Queens,0.5261762756792577,0.026507620941020542,0.07422133863485753,0.3714380384360504,0.47382372432074227,0.050308008213552365,0.0,Q4,Q2
36081152901,1399259,1400000US36081152901,94250.0,5891.0,1614.0,366.0,3361.0,463.0,5891.0,757.0,081,Queens,0.27397725343744694,0.062128670853844846,0.07859446613478187,0.5705313189611272,0.7260227465625531,0.12850110337803428,0.0,Q4,Q3
36081152902,1032987,1400000US36081152902,117828.0,6235.0,2267.0,13.0,3275.0,542.0,6235.0,127.0,081,Queens,0.3635926222935044,0.0020850040096230954,0.08692862870890136,0.5252606255012029,0.6364073777064956,0.02036888532477947,0.0,Q5 highest,Q2
36081155101,475148,1400000US36081155101,81328.0,2175.0,2084.0,0.0,66.0,25.0,2175.0,139.0,081,Queens,0.9581609195402299,0.0,0.011494252873563218,0.030344827586206897,0.04183908045977014,0.0639080459770115,0.0,Q3,Q1 least POC
36081156700,1469692,1400000US36081156700,65500.0,1731.0,308.0,465.0,569.0,330.0,1420.0,619.0,081,Queens,0.1779318313113807,0.268630849220104,0.19064124783362218,0.3287117273252455,0.8220681686886193,0.43591549295774645,0.0,Q2,Q3
36081157101,1225450,1400000US36081157101,102465.0,8501.0,1561.0,176.0,4815.0,1438.0,8501.0,593.0,081,Queens,0.18362545582872603,0.0207034466533349,0.16915656981531585,0.5664039524761793,0.816374544171274,0.06975649923538407,0.0,Q4,Q3
36081157901,906728,1400000US36081157901,115395.0,5523.0,856.0,82.0,3542.0,665.0,5523.0,920.0,081,Queens,0.15498823103385842,0.014847003440159334,0.12040557667934093,0.641318124207858,0.8450117689661416,0.16657613615788522,0.0,Q5 highest,Q3
36081157902,722597,1400000US36081157902,103611.0,4082.0,677.0,22.0,2775.0,373.0,4031.0,185.0,081,Queens,0.1658500734933856,0.005389514943655071,0.09137677609015189,0.6798138167564919,0.8341499265066143,0.045894319027536594,0.0,Q4,Q3
36081157903,664155,1400000US36081157903,130250.0,4166.0,1050.0,73.0,2563.0,317.0,4166.0,55.0,081,Queens,0.25204032645223234,0.017522803648583773,0.07609217474795968,0.6152184349495919,0.7479596735477676,0.013202112337974076,0.0,Q5 highest,Q3
36081161700,702364,1400000US36081161700,132816.0,4917.0,1646.0,516.0,1052.0,1275.0,4876.0,335.0,081,Queens,0.33475696562944884,0.10494203782794387,0.2593044539353264,0.21395159650193207,0.6652430343705511,0.06870385561936013,0.0,Q5 highest,Q3
36081162100,710319,1400000US36081162100,102259.0,6377.0,950.0,494.0,3793.0,925.0,6377.0,412.0,081,Queens,0.14897287125607653,0.07746589305315979,0.14505253253881134,0.5947937901834719,0.8510271287439235,0.06460718206053002,0.0,Q4,Q3
36081037900,197067,1400000US36081037900,77904.0,7170.0,57.0,125.0,432.0,6534.0,7118.0,1443.0,081,Queens,0.007949790794979079,0.017433751743375175,0.9112970711297071,0.0602510460251046,0.992050209205021,0.20272548468670976,0.0,Q3,Q5 most POC
36081048200,228378,1400000US36081048200,70766.0,1344.0,120.0,432.0,442.0,189.0,1281.0,138.0,081,Queens,0.08928571428571429,0.32142857142857145,0.140625,0.3288690476190476,0.9107142857142857,0.10772833723653395,0.0,Q2,Q4
36081048400,414676,1400000US36081048400,77014.0,4997.0,211.0,1327.0,2024.0,672.0,4945.0,326.0,081,Queens,0.04222533520112067,0.2655593356013608,0.13448068841304783,0.4050430258154893,0.9577746647988793,0.06592517694641052,0.0,Q3,Q4
36081037501,53069,1400000US36081037501,56458.0,1408.0,29.0,0.0,39.0,1340.0,1408.0,437.0,081,Queens,0.020596590909090908,0.0,0.9517045454545454,0.027698863636363636,0.9794034090909091,0.3103693181818182,0.0,Q2,Q5 most POC
36081040901,70865,1400000US36081040901,98750.0,2119.0,24.0,0.0,328.0,1727.0,2101.0,178.0,081,Queens,0.011326097215667769,0.0,0.8150070788107598,0.15478999528079282,0.9886739027843322,0.08472156116135174,0.0,Q4,Q5 most POC
36081120701,391384,1400000US36081120701,104779.0,3077.0,728.0,25.0,1793.0,455.0,3077.0,174.0,081,Queens,0.2365940851478713,0.008124796880077998,0.14787130321741956,0.582710432239194,0.7634059148521287,0.056548586285342865,0.0,Q4,Q3
36081066301,280333,1400000US36081066301,118333.0,2944.0,1944.0,16.0,577.0,306.0,2944.0,66.0,081,Queens,0.6603260869565217,0.005434782608695652,0.10394021739130435,0.19599184782608695,0.33967391304347827,0.022418478260869564,0.0,Q5 highest,Q1 least POC
36081088902,288396,1400000US36081088902,39599.0,5393.0,806.0,181.0,3558.0,738.0,5393.0,1171.0,081,Queens,0.149452994622659,0.03356202484702392,0.1368440571110699,0.6597441127387353,0.850547005377341,0.21713332097162988,0.0,Q1 lowest,Q3
36081088903,369072,1400000US36081088903,57454.0,4922.0,406.0,48.0,3640.0,619.0,4814.0,951.0,081,Queens,0.08248679398618448,0.009752133279154815,0.12576188541243397,0.7395367736692402,0.9175132060138155,0.19754881595346904,0.0,Q2,Q4
36081040502,58013,1400000US36081040502,88893.0,2306.0,71.0,33.0,265.0,1931.0,2252.0,189.0,081,Queens,0.030789245446660885,0.014310494362532523,0.8373807458803122,0.11491760624457936,0.9692107545533392,0.08392539964476022,0.0,Q4,Q4
36081040501,71456,1400000US36081040501,95159.0,564.0,15.0,16.0,67.0,466.0,563.0,34.0,081,Queens,0.026595744680851064,0.028368794326241134,0.8262411347517731,0.11879432624113476,0.973404255319149,0.06039076376554174,0.0,Q4,Q5 most POC
36081040301,88617,1400000US36081040301,34457.0,3151.0,0.0,0.0,605.0,2546.0,3070.0,480.0,081,Queens,0.0,0.0,0.8079974611234528,0.19200253887654714,1.0,0.1563517915309446,0.0,Q1 lowest,Q5 most POC
36081039901,106061,1400000US36081039901,111563.0,2547.0,23.0,0.0,256.0,2121.0,2515.0,95.0,081,Queens,0.009030231645072634,0.0,0.8327444051825678,0.1005104043973302,0.9909697683549273,0.03777335984095427,0.0,Q4,Q5 most POC
36081040101,87946,1400000US36081040101,58512.0,2852.0,19.0,11.0,456.0,2366.0,2852.0,331.0,081,Queens,0.006661991584852735,0.0038569424964936885,0.8295932678821879,0.15988779803646563,0.9933380084151473,0.11605890603085554,0.0,Q2,Q5 most POC
36081134701,465093,1400000US36081134701,85816.0,5402.0,828.0,598.0,2500.0,1333.0,5402.0,769.0,081,Queens,0.15327656423546834,0.11069974083672714,0.24676045908922623,0.46279155868196964,0.8467234357645317,0.14235468345057387,0.0,Q3,Q3
36081134702,613864,1400000US36081134702,83828.0,4923.0,740.0,946.0,2797.0,301.0,4923.0,524.0,081,Queens,0.15031484866951045,0.19215925248832014,0.06114158033719277,0.568149502335974,0.8496851513304895,0.10643916311192363,0.0,Q3,Q3
36081028801,238437,1400000US36081028801,94821.0,2655.0,26.0,2273.0,111.0,74.0,2655.0,104.0,081,Queens,0.009792843691148776,0.856120527306968,0.027871939736346517,0.04180790960451977,0.9902071563088513,0.039171374764595104,0.0,Q4,Q5 most POC
36081084902,99545,1400000US36081084902,57675.0,4000.0,95.0,170.0,3315.0,420.0,4000.0,1211.0,081,Queens,0.02375,0.0425,0.105,0.82875,0.97625,0.30275,0.0,Q2,Q5 most POC
36081122703,440120,1400000US36081122703,69417.0,8202.0,1742.0,1148.0,915.0,4172.0,8202.0,580.0,081,Queens,0.21238722262862716,0.13996586198488173,0.5086564252621312,0.11155815654718361,0.7876127773713728,0.07071445988783223,0.0,Q2,Q3
36081122704,261206,1400000US36081122704,78250.0,4704.0,1105.0,539.0,1392.0,1495.0,4704.0,366.0,081,Queens,0.234906462585034,0.11458333333333333,0.31781462585034015,0.29591836734693877,0.765093537414966,0.0778061224489796,0.0,Q3,Q3
36081021602,112181,1400000US36081021602,69178.0,1656.0,280.0,21.0,185.0,1115.0,1654.0,367.0,081,Queens,0.16908212560386474,0.012681159420289856,0.6733091787439613,0.11171497584541062,0.8309178743961353,0.2218863361547763,0.0,Q2,Q3
36081027102,48936,1400000US36081027102,71031.0,2810.0,315.0,47.0,357.0,2091.0,2720.0,342.0,081,Queens,0.11209964412811388,0.016725978647686834,0.7441281138790036,0.12704626334519573,0.8879003558718861,0.12573529411764706,0.0,Q3,Q4
36081046902,76707,1400000US36081046902,78646.0,3765.0,55.0,58.0,1073.0,2454.0,3765.0,562.0,081,Queens,0.014608233731739707,0.015405046480743692,0.651792828685259,0.2849933598937583,0.9853917662682603,0.14926958831341303,0.0,Q3,Q5 most POC
36081046901,74678,1400000US36081046901,67381.0,5055.0,148.0,167.0,2121.0,2087.0,5055.0,544.0,081,Queens,0.02927794263105836,0.03303659742828882,0.4128585558852621,0.4195845697329377,0.9707220573689417,0.1076162215628091,0.0,Q2,Q4
36081119300,211094,1400000US36081119300,49746.0,2076.0,429.0,0.0,1207.0,149.0,2076.0,215.0,081,Queens,0.20664739884393063,0.0,0.07177263969171484,0.5814065510597303,0.7933526011560694,0.1035645472061657,0.0,Q1 lowest,Q3
36081119900,184360,1400000US36081119900,109583.0,1533.0,396.0,4.0,1030.0,38.0,1500.0,177.0,081,Queens,0.2583170254403131,0.002609262883235486,0.024787997390737115,0.6718851924331376,0.7416829745596869,0.118,0.0,Q4,Q3
36081120500,202234,1400000US36081120500,27838.0,2757.0,164.0,44.0,2325.0,108.0,2729.0,649.0,081,Queens,0.05948494740660138,0.01595937613347842,0.03917301414581066,0.8433079434167573,0.9405150525933986,0.23781604983510443,0.0,Q1 lowest,Q4
36081121500,631659,1400000US36081121500,95856.0,4412.0,839.0,109.0,2595.0,670.0,4363.0,386.0,081,Queens,0.1901631912964642,0.02470534904805077,0.15185856754306437,0.5881686310063463,0.8098368087035358,0.08847123538849415,0.0,Q4,Q3
36081122300,495705,1400000US36081122300,91787.0,3417.0,960.0,60.0,1906.0,413.0,3417.0,166.0,081,Queens,0.28094820017559263,0.01755926251097454,0.12086625695054141,0.5577992390986245,0.7190517998244074,0.048580626280362894,0.0,Q4,Q3
36081119500,189356,1400000US36081119500,109643.0,1334.0,448.0,1.0,446.0,433.0,1334.0,22.0,081,Queens,0.335832083958021,0.0007496251874062968,0.32458770614692656,0.3343328335832084,0.664167916041979,0.01649175412293853,0.0,Q4,Q3
36081122702,449740,1400000US36081122702,25275.0,6813.0,1451.0,2186.0,1114.0,1840.0,6813.0,2585.0,081,Queens,0.212975194481139,0.3208571847937766,0.2700719213268751,0.1635109349772494,0.787024805518861,0.379421693820637,0.0,Q1 lowest,Q3
36081124100,499011,1400000US36081124100,87664.0,3938.0,915.0,388.0,1857.0,582.0,3934.0,523.0,081,Queens,0.23235144743524633,0.09852717115286948,0.14779075672930422,0.47155916708989337,0.7676485525647536,0.1329435688866294,0.0,Q3,Q3
36081125700,331896,1400000US36081125700,80826.0,3211.0,394.0,362.0,1196.0,920.0,3094.0,386.0,081,Queens,0.12270320772345064,0.11273746496418562,0.2865151043288695,0.3724696356275304,0.8772967922765493,0.12475759534583064,0.0,Q3,Q4
36081126500,200793,1400000US36081126500,141964.0,2000.0,441.0,70.0,856.0,507.0,1984.0,88.0,081,Queens,0.2205,0.035,0.2535,0.428,0.7795,0.04435483870967742,0.0,Q5 highest,Q3
36081126700,768255,1400000US36081126700,96250.0,4604.0,1737.0,611.0,870.0,1166.0,2463.0,584.0,081,Queens,0.37728062554300607,0.13271068635968722,0.25325803649000866,0.1889661164205039,0.6227193744569939,0.23710921640276086,0.0,Q4,Q2
36081130100,698698,1400000US36081130100,81452.0,3898.0,721.0,855.0,1191.0,928.0,3898.0,219.0,081,Queens,0.1849666495638789,0.21934325295023088,0.23807080554130322,0.3055413032324269,0.8150333504361211,0.056182657773217036,0.0,Q3,Q3
36081056600,194134,1400000US36081056600,70938.0,1369.0,113.0,390.0,358.0,143.0,1369.0,307.0,081,Queens,0.08254200146092038,0.28487947406866326,0.10445580715850986,0.26150474799123447,0.9174579985390796,0.22425127830533237,0.0,Q2,Q4
36081115100,282637,1400000US36081115100,94643.0,950.0,350.0,0.0,440.0,141.0,921.0,38.0,081,Queens,0.3684210526315789,0.0,0.14842105263157895,0.4631578947368421,0.631578947368421,0.04125950054288816,0.0,Q4,Q2
36081120300,184012,1400000US36081120300,57446.0,1671.0,237.0,33.0,1317.0,77.0,1671.0,296.0,081,Queens,0.14183123877917414,0.019748653500897665,0.04608019150209455,0.7881508078994613,0.8581687612208259,0.17713943746259725,0.0,Q2,Q3
36081066100,133576,1400000US36081066100,107361.0,1581.0,1299.0,0.0,92.0,190.0,1581.0,79.0,081,Queens,0.8216318785578748,0.0,0.12017710309930424,0.058191018342821,0.17836812144212522,0.04996837444655281,0.0,Q4,Q1 least POC
36081079000,260592,1400000US36081079000,94185.0,2682.0,39.0,1554.0,198.0,218.0,2619.0,272.0,081,Queens,0.0145413870246085,0.5794183445190156,0.08128262490678598,0.0738255033557047,0.9854586129753915,0.10385643375334097,0.0,Q4,Q5 most POC
36081103300,606048,1400000US36081103300,97227.0,4654.0,2182.0,36.0,1850.0,451.0,4654.0,377.0,081,Queens,0.4688440051568543,0.007735281478298238,0.09690588740868071,0.39750752041254833,0.5311559948431457,0.08100558659217877,0.0,Q4,Q2
36081133300,695376,1400000US36081133300,129211.0,3982.0,2067.0,52.0,1470.0,322.0,3982.0,213.0,081,Queens,0.5190858864892014,0.013058764439979909,0.08086388749372175,0.36916122551481667,0.4809141135107986,0.053490708186840784,0.0,Q5 highest,Q2
36081134100,592973,1400000US36081134100,88938.0,3658.0,924.0,99.0,2173.0,427.0,3658.0,224.0,081,Queens,0.2525970475669765,0.02706396938217605,0.11673045379989065,0.5940404592673593,0.7474029524330235,0.0612356478950246,0.0,Q4,Q3
36081136700,772177,1400000US36081136700,105348.0,6422.0,1226.0,388.0,3902.0,794.0,6422.0,282.0,081,Queens,0.19090625973217065,0.06041731547804422,0.12363749610713173,0.6075988788539396,0.8090937402678293,0.04391155403301152,1712.5981085766953,Q4,Q3
36081101002,534843,1400000US36081101002,53222.0,5916.0,4031.0,454.0,855.0,567.0,5858.0,800.0,081,Queens,0.6813725490196079,0.07674104124408385,0.09584178498985801,0.14452332657200812,0.31862745098039214,0.13656538067599863,0.0,Q2,Q1 least POC
36081101700,987636,1400000US36081101700,112790.0,6877.0,3225.0,19.0,2077.0,1216.0,6877.0,449.0,081,Queens,0.4689544859677185,0.002762832630507489,0.1768212883524793,0.3020212301875818,0.5310455140322815,0.06529009742620329,0.0,Q5 highest,Q2
36081115500,187009,1400000US36081115500,83182.0,2114.0,578.0,0.0,987.0,342.0,2114.0,303.0,081,Queens,0.27341532639545885,0.0,0.16177861873226113,0.46688741721854304,0.7265846736045412,0.14333017975402082,0.0,Q3,Q3
36081093900,656191,1400000US36081093900,91683.0,6573.0,2000.0,88.0,1934.0,2479.0,6558.0,515.0,081,Queens,0.3042750646584512,0.013388102844971855,0.37714894264415033,0.29423398752472235,0.6957249353415488,0.0785300396462336,0.0,Q4,Q3
36081094201,347514,1400000US36081094201,76373.0,3603.0,943.0,1201.0,289.0,1023.0,3494.0,772.0,081,Queens,0.2617263391618096,0.3333333333333333,0.2839300582847627,0.08021093533166805,0.7382736608381903,0.2209502003434459,1744.5058792311918,Q3,Q3
36081094202,713774,1400000US36081094202,54637.0,5894.0,1448.0,2056.0,56.0,1866.0,5894.0,1570.0,081,Queens,0.24567356633864948,0.3488293179504581,0.3165931455717679,0.009501187648456057,0.7543264336613505,0.2663725822870716,0.0,Q2,Q3
36081094203,509890,1400000US36081094203,67038.0,6200.0,3612.0,898.0,0.0,1615.0,6108.0,721.0,081,Queens,0.5825806451612904,0.14483870967741935,0.26048387096774195,0.0,0.4174193548387096,0.11804191224623445,4840.959736187372,Q2,Q2
36081001903,465506,1400000US36081001903,154432.0,1362.0,604.0,47.0,448.0,183.0,1362.0,115.0,081,Queens,0.4434654919236417,0.03450807635829662,0.1343612334801762,0.328928046989721,0.5565345080763583,0.08443465491923642,2555.0700030536577,Q5 highest,Q2
36081053901,439013,1400000US36081053901,88585.0,4367.0,1346.0,75.0,797.0,1947.0,4361.0,359.0,081,Queens,0.30822074650790016,0.01717426150675521,0.44584382871536526,0.18250515227845202,0.6917792534920999,0.08232056867690897,0.0,Q4,Q3
36081117100,397538,1400000US36081117100,74563.0,2472.0,502.0,47.0,1638.0,285.0,2472.0,355.0,081,Queens,0.20307443365695793,0.01901294498381877,0.11529126213592233,0.662621359223301,0.7969255663430421,0.1436084142394822,0.0,Q3,Q3
36081116100,175694,1400000US36081116100,48993.0,3923.0,248.0,128.0,2854.0,677.0,3465.0,863.0,081,Queens,0.06321692582207494,0.03262809074687739,0.1725720112159062,0.7275044608717818,0.9367830741779251,0.24906204906204907,0.0,Q1 lowest,Q4
36081116700,166109,1400000US36081116700,55257.0,1737.0,126.0,11.0,1074.0,462.0,1735.0,390.0,081,Queens,0.07253886010362694,0.0063327576280944155,0.2659758203799655,0.6183074265975821,0.927461139896373,0.22478386167146974,0.0,Q2,Q4
36081117500,562493,1400000US36081117500,77500.0,4518.0,1075.0,63.0,2781.0,450.0,4508.0,433.0,081,Queens,0.23793714032757857,0.013944223107569721,0.099601593625498,0.6155378486055777,0.7620628596724215,0.09605146406388643,0.0,Q3,Q3
36081118100,195223,1400000US36081118100,88036.0,1959.0,641.0,26.0,808.0,467.0,1959.0,200.0,081,Queens,0.3272077590607453,0.013272077590607452,0.23838693210821849,0.4124553343542624,0.6727922409392547,0.10209290454313426,0.0,Q3,Q3
36081119100,217685,1400000US36081119100,41657.0,2961.0,482.0,0.0,2068.0,411.0,2959.0,514.0,081,Queens,0.16278284363390746,0.0,0.13880445795339413,0.6984126984126984,0.8372171563660925,0.17370733355863469,0.0,Q1 lowest,Q3
36081017102,407252,1400000US36081017102,,46.0,0.0,28.0,4.0,12.0,43.0,39.0,081,Queens,0.0,0.6086956521739131,0.2608695652173913,0.08695652173913043,1.0,0.9069767441860465,6402.525796150918,,Q5 most POC
36081027701,74374,1400000US36081027701,61257.0,3629.0,95.0,21.0,633.0,2769.0,3629.0,427.0,081,Queens,0.02617801047120419,0.005786718104160926,0.7630201157343621,0.1744282171397079,0.9738219895287958,0.11766326811793883,0.0,Q2,Q5 most POC
36081003301,190890,1400000US36081003301,154420.0,2958.0,1242.0,110.0,1111.0,358.0,2958.0,178.0,081,Queens,0.4198782961460446,0.03718728870858688,0.12102772143340094,0.3755916159567275,0.5801217038539555,0.06017579445571332,1979.5048375746244,Q5 highest,Q2
36081091603,1886647,1400000US36081091603,134563.0,3946.0,3698.0,9.0,44.0,134.0,3946.0,152.0,081,Queens,0.9371515458692347,0.002280790674100355,0.03395843892549417,0.011150532184490624,0.06284845413076534,0.03852002027369488,0.0,Q5 highest,Q1 least POC
36081000101,293144,1400000US36081000101,124885.0,5027.0,2086.0,0.0,1780.0,592.0,5027.0,237.0,081,Queens,0.41495922021086135,0.0,0.11776407400039784,0.3540879252038989,0.5850407797891386,0.04714541476029441,2140.069382176892,Q5 highest,Q2
36081021601,227740,1400000US36081021601,99630.0,2861.0,1261.0,312.0,734.0,419.0,2775.0,129.0,081,Queens,0.4407549807759525,0.10905277874868927,0.14645228940929744,0.2565536525690318,0.5592450192240475,0.046486486486486484,4751.900511315782,Q4,Q2
36085014605,875799,1400000US36085014605,129712.0,3819.0,3258.0,2.0,296.0,158.0,3810.0,280.0,085,Staten Island,0.8531029065200314,0.0005236973029588898,0.04137208693375229,0.07750720083791568,0.1468970934799686,0.07349081364829396,0.0,Q5 highest,Q1 least POC
36085014606,1768732,1400000US36085014606,92123.0,6110.0,4405.0,49.0,246.0,1213.0,6110.0,412.0,085,Staten Island,0.720949263502455,0.008019639934533552,0.19852700490998362,0.04026186579378069,0.27905073649754497,0.06743044189852701,0.0,Q4,Q1 least POC
36085015100,1004814,1400000US36085015100,116645.0,5660.0,4124.0,35.0,847.0,561.0,5642.0,96.0,085,Staten Island,0.7286219081272085,0.006183745583038869,0.09911660777385159,0.14964664310954062,0.2713780918727915,0.017015242821694435,0.0,Q5 highest,Q1 least POC
36085015601,1429954,1400000US36085015601,131658.0,6594.0,4508.0,123.0,630.0,1327.0,6594.0,200.0,085,Staten Island,0.6836518046709129,0.0186533212010919,0.20124355474673947,0.09554140127388536,0.3163481953290871,0.030330603579011222,0.0,Q5 highest,Q1 least POC
36085015602,881072,1400000US36085015602,136010.0,3581.0,3214.0,5.0,1.0,313.0,3581.0,345.0,085,Staten Island,0.8975146607092991,0.0013962580284836638,0.08740575258307735,0.00027925160569673273,0.10248533929070092,0.0963418039653728,0.0,Q5 highest,Q1 least POC
36085015603,969267,1400000US36085015603,97262.0,4657.0,3320.0,0.0,508.0,805.0,4657.0,431.0,085,Staten Island,0.7129053038436762,0.0,0.17285806313077087,0.1090831007086107,0.28709469615632377,0.09254885119175435,0.0,Q4,Q1 least POC
36085016901,823441,1400000US36085016901,143880.0,3986.0,2553.0,18.0,486.0,816.0,3969.0,44.0,085,Staten Island,0.6404917210235825,0.004515805318615153,0.20471650777722028,0.12192674360260913,0.35950827897641746,0.011085915847820609,0.0,Q5 highest,Q1 least POC
36085014700,1667034,1400000US36085014700,111004.0,3447.0,2900.0,148.0,75.0,258.0,3447.0,121.0,085,Staten Island,0.8413112851755149,0.04293588627792283,0.07484769364664925,0.02175805047867711,0.1586887148244851,0.03510298810559907,0.0,Q4,Q1 least POC
36085020100,628188,1400000US36085020100,127721.0,3806.0,1696.0,106.0,274.0,1214.0,3806.0,454.0,085,Staten Island,0.44561219127693114,0.027850761954808196,0.31897004729374673,0.0719915922228061,0.5543878087230689,0.11928533893851813,0.0,Q5 highest,Q2
36085031902,690539,1400000US36085031902,75057.0,5053.0,473.0,2388.0,217.0,1913.0,5031.0,1146.0,085,Staten Island,0.09360775776766278,0.4725905402731051,0.3785869780328518,0.04294478527607362,0.9063922422323372,0.2277877161598092,0.0,Q3,Q4
36085000300,377461,1400000US36085000300,74258.0,2155.0,936.0,294.0,380.0,465.0,2131.0,456.0,085,Staten Island,0.434338747099768,0.13642691415313224,0.21577726218097448,0.17633410672853828,0.5656612529002321,0.21398404504927265,2149.443681730219,Q3,Q2
36085000600,666769,1400000US36085000600,41211.0,2698.0,1196.0,379.0,439.0,684.0,2698.0,597.0,085,Staten Island,0.44329132690882134,0.14047442550037065,0.2535211267605634,0.1627131208302446,0.5567086730911787,0.2212750185322461,0.0,Q1 lowest,Q2
36085000800,799850,1400000US36085000800,100449.0,5402.0,2773.0,98.0,1656.0,848.0,5402.0,358.0,085,Staten Island,0.5133283968900407,0.01814142910033321,0.1569788967049241,0.3065531284709367,0.48667160310995927,0.06627175120325805,0.0,Q4,Q2
36085001100,325090,1400000US36085001100,73380.0,3885.0,556.0,1158.0,148.0,1409.0,3840.0,1172.0,085,Staten Island,0.1431145431145431,0.29806949806949806,0.3626769626769627,0.0380952380952381,0.8568854568854569,0.30520833333333336,0.0,Q3,Q3
36085001700,306005,1400000US36085001700,63558.0,1657.0,667.0,327.0,200.0,339.0,1648.0,213.0,085,Staten Island,0.40253470126735064,0.19734459867229934,0.20458660229330114,0.12070006035003017,0.5974652987326494,0.12924757281553398,0.0,Q2,Q2
36085002002,771749,1400000US36085002002,79333.0,3058.0,2215.0,170.0,404.0,269.0,3025.0,185.0,085,Staten Island,0.7243296272073251,0.05559189012426422,0.08796599084368868,0.13211249182472204,0.2756703727926749,0.06115702479338843,0.0,Q3,Q1 least POC
36085002100,864360,1400000US36085002100,47926.0,4786.0,1598.0,1082.0,309.0,1667.0,4776.0,1441.0,085,Staten Island,0.33389051399916425,0.2260760551608859,0.3483075637275386,0.06456330965315503,0.6661094860008357,0.3017169179229481,0.0,Q1 lowest,Q3
36085002900,526903,1400000US36085002900,55339.0,5550.0,206.0,3157.0,298.0,1881.0,5539.0,1789.0,085,Staten Island,0.03711711711711712,0.5688288288288288,0.3389189189189189,0.05369369369369369,0.9628828828828829,0.32298248781368477,0.0,Q2,Q4
36085003300,852475,1400000US36085003300,103542.0,4054.0,1882.0,1283.0,189.0,593.0,4047.0,279.0,085,Staten Island,0.4642328564380858,0.31647755303404046,0.14627528367044895,0.04662062160828811,0.5357671435619142,0.06893995552260934,0.0,Q4,Q2
36085017005,1389594,1400000US36085017005,113529.0,4809.0,3923.0,32.0,518.0,209.0,4809.0,180.0,085,Staten Island,0.8157621127053442,0.006654190060303597,0.043460178831357874,0.10771470160116449,0.18423788729465584,0.037429819089207735,0.0,Q5 highest,Q1 least POC
36085017007,1460411,1400000US36085017007,100182.0,6466.0,4160.0,16.0,719.0,1464.0,6466.0,536.0,085,Staten Island,0.6433652953912774,0.0024744819053510673,0.22641509433962265,0.11119703062171359,0.3566347046087226,0.08289514382926075,0.0,Q4,Q1 least POC
36085017300,343224,1400000US36085017300,41993.0,2370.0,749.0,278.0,454.0,703.0,2365.0,284.0,085,Staten Island,0.3160337552742616,0.11729957805907174,0.29662447257383967,0.19156118143459916,0.6839662447257384,0.1200845665961945,0.0,Q1 lowest,Q3
36085017600,3265505,1400000US36085017600,175865.0,4954.0,4472.0,211.0,184.0,76.0,4954.0,183.0,085,Staten Island,0.9027048849414614,0.04259184497375858,0.015341138473960436,0.03714170367379895,0.0972951150585386,0.03693984658861526,0.0,Q5 highest,Q1 least POC
36061023400,108228,1400000US36061023400,71250.0,4822.0,682.0,2832.0,91.0,922.0,4822.0,1377.0,061,Manhattan,0.14143508917461634,0.5873081708834509,0.19120696806304438,0.018871837411862297,0.8585649108253837,0.2855661551223559,0.0,Q3,Q3
36061023501,179045,1400000US36061023501,77222.0,7478.0,945.0,2292.0,535.0,3310.0,7478.0,1033.0,061,Manhattan,0.1263706873495587,0.3064990639208344,0.4426317197111527,0.07154319336721049,0.8736293126504413,0.13813853971650175,0.034373554832709104,Q3,Q4
36061023502,41338,1400000US36061023502,42267.0,1697.0,123.0,1083.0,69.0,397.0,1697.0,496.0,061,Manhattan,0.07248084855627578,0.6381850324101356,0.2339422510312316,0.04065998821449617,0.9275191514437242,0.2922804949911609,0.0,Q1 lowest,Q4
36061023600,263164,1400000US36061023600,41941.0,9640.0,129.0,7085.0,21.0,1928.0,9638.0,1412.0,061,Manhattan,0.013381742738589211,0.7349585062240664,0.2,0.002178423236514523,0.9866182572614108,0.14650342394687693,0.0,Q1 lowest,Q5 most POC
36061023700,271911,1400000US36061023700,47333.0,6738.0,1355.0,1822.0,152.0,3148.0,6636.0,2407.0,061,Manhattan,0.20109824873849808,0.27040664885722765,0.4672009498367468,0.022558622736717125,0.798901751261502,0.3627185051235684,0.0,Q1 lowest,Q3
36061023900,63850,1400000US36061023900,45036.0,3127.0,421.0,758.0,109.0,1672.0,3127.0,399.0,061,Manhattan,0.13463383434601855,0.24240486088903102,0.5346977934122161,0.034857691077710265,0.8653661656539815,0.12759833706427887,0.0,Q1 lowest,Q3
36061024000,2183933,1400000US36061024000,,2316.0,317.0,1250.0,49.0,651.0,2038.0,1534.0,061,Manhattan,0.13687392055267703,0.5397236614853195,0.2810880829015544,0.021157167530224525,0.863126079447323,0.7526987242394504,0.0,,Q3
36061024301,105194,1400000US36061024301,72576.0,4965.0,681.0,1206.0,151.0,2723.0,4837.0,690.0,061,Manhattan,0.13716012084592144,0.24290030211480362,0.5484390735146022,0.03041289023162135,0.8628398791540786,0.14265040314244368,0.0,Q3,Q3
36061024302,213258,1400000US36061024302,26301.0,7570.0,114.0,3198.0,108.0,3927.0,7570.0,3020.0,061,Manhattan,0.015059445178335535,0.4224570673712021,0.5187582562747688,0.014266842800528402,0.9849405548216644,0.3989431968295905,1562.8850834923503,Q1 lowest,Q5 most POC
36061024500,212070,1400000US36061024500,51190.0,15353.0,2282.0,1662.0,591.0,10562.0,15249.0,4143.0,061,Manhattan,0.14863544584120367,0.10825245880283983,0.6879437243535466,0.0384941053865694,0.8513645541587963,0.27168994688176273,319.029392018028,Q1 lowest,Q3
36061024900,60659,1400000US36061024900,87917.0,1057.0,187.0,158.0,40.0,609.0,1045.0,42.0,061,Manhattan,0.17691579943235572,0.14947965941343425,0.5761589403973509,0.03784295175023652,0.8230842005676443,0.04019138755980861,1189.1029690886403,Q3,Q3
36061025500,441356,1400000US36061025500,64761.0,5900.0,1361.0,177.0,1044.0,3106.0,5164.0,993.0,061,Manhattan,0.23067796610169491,0.03,0.5264406779661017,0.1769491525423729,0.7693220338983051,0.19229279628195198,2686.9300633321636,Q2,Q3
36061026300,157208,1400000US36061026300,56754.0,8903.0,1107.0,149.0,128.0,7354.0,8903.0,2367.0,061,Manhattan,0.12434011007525553,0.016735931708412893,0.8260137032460968,0.01437717623273054,0.8756598899247445,0.26586543861619677,0.0,Q2,Q4
36061026500,195037,1400000US36061026500,98086.0,8296.0,2213.0,560.0,316.0,5071.0,8245.0,610.0,061,Manhattan,0.26675506268081,0.06750241080038573,0.61125843780135,0.038090646094503376,0.73324493731919,0.0739842328684051,656.3439211843677,Q4,Q3
36061026700,47339,1400000US36061026700,61667.0,2034.0,1091.0,12.0,107.0,817.0,1545.0,247.0,061,Manhattan,0.5363815142576205,0.0058997050147492625,0.4016715830875123,0.05260570304818092,0.4636184857423795,0.15987055016181229,262.81350809514544,Q2,Q2
36061026900,175569,1400000US36061026900,65743.0,8989.0,404.0,240.0,178.0,8062.0,8834.0,916.0,061,Manhattan,0.0449438202247191,0.026699299143397484,0.8968739570586272,0.019801980198019802,0.9550561797752809,0.10369028752546977,0.13426816690092902,Q2,Q4
36061027500,279710,1400000US36061027500,165000.0,3132.0,1983.0,33.0,433.0,432.0,3110.0,200.0,061,Manhattan,0.6331417624521073,0.01053639846743295,0.13793103448275862,0.13825031928480205,0.3668582375478927,0.06430868167202572,0.0,Q5 highest,Q1 least POC
36061027700,163262,1400000US36061027700,37681.0,6944.0,793.0,335.0,57.0,5518.0,6224.0,1675.0,061,Manhattan,0.11419930875576037,0.04824308755760369,0.7946428571428571,0.008208525345622119,0.8858006912442397,0.26911953727506427,1164.4302516842386,Q1 lowest,Q4
36061027900,180013,1400000US36061027900,57671.0,10796.0,2307.0,172.0,153.0,7978.0,10796.0,1737.0,061,Manhattan,0.21369025565024083,0.01593182660244535,0.7389773990366802,0.014171915524268247,0.7863097443497592,0.16089292330492774,0.0,Q2,Q3
36061028500,121940,1400000US36061028500,47148.0,8403.0,372.0,220.0,0.0,7625.0,8355.0,1965.0,061,Manhattan,0.04426990360585505,0.0261811257884089,0.9074140188028085,0.0,0.955730096394145,0.23518850987432674,511.218173528942,Q1 lowest,Q4
36061028700,532368,1400000US36061028700,77648.0,4116.0,1174.0,152.0,69.0,2547.0,4116.0,544.0,061,Manhattan,0.2852283770651118,0.0369290573372206,0.6188046647230321,0.016763848396501458,0.7147716229348882,0.13216715257531583,926.6911310611147,Q3,Q3
36061008601,125340,1400000US36061008601,161548.0,3127.0,1590.0,55.0,983.0,401.0,3127.0,520.0,061,Manhattan,0.5084745762711864,0.017588743204349215,0.1282379277262552,0.3143588103613687,0.4915254237288136,0.16629357211384713,2188.4967294508106,Q5 highest,Q2
36061029100,187477,1400000US36061029100,55231.0,11967.0,1011.0,491.0,711.0,9600.0,11926.0,1967.0,061,Manhattan,0.08448232639759339,0.041029497785577004,0.8022060666833793,0.05941338681373778,0.9155176736024067,0.16493375817541506,613.1226993449974,Q2,Q4
36061029300,157076,1400000US36061029300,43866.0,9361.0,516.0,166.0,170.0,8509.0,9361.0,2299.0,061,Manhattan,0.05512231599188121,0.017733148167930778,0.9089840828971264,0.01816045294306164,0.9448776840081188,0.245593419506463,0.0,Q1 lowest,Q4
36061029500,135565,1400000US36061029500,78209.0,7716.0,2370.0,308.0,298.0,4207.0,7715.0,346.0,061,Manhattan,0.307153965785381,0.039917055469155,0.5452306894764126,0.03862104717470192,0.692846034214619,0.04484769928710305,0.0,Q3,Q3
36061029700,948118,1400000US36061029700,,17.0,4.0,6.0,0.0,7.0,0.0,0.0,061,Manhattan,0.23529411764705882,0.35294117647058826,0.4117647058823529,0.0,0.7647058823529411,,0.0,,Q3
36061030300,156650,1400000US36061030300,85114.0,4110.0,1302.0,253.0,96.0,2284.0,4110.0,491.0,061,Manhattan,0.3167883211678832,0.06155717761557178,0.5557177615571777,0.02335766423357664,0.6832116788321168,0.1194647201946472,0.0,Q3,Q3
36061016300,263617,1400000US36061016300,125944.0,6989.0,5337.0,168.0,594.0,640.0,6976.0,325.0,061,Manhattan,0.7636285591644012,0.024037773644298183,0.09157247102589784,0.08499069967091143,0.2363714408355988,0.04658830275229358,509.66547440486204,Q5 highest,Q1 least POC
36061029900,620159,1400000US36061029900,29038.0,3806.0,117.0,684.0,12.0,2882.0,3806.0,990.0,061,Manhattan,0.030740935365212822,0.17971623751970572,0.7572254335260116,0.0031529164477141357,0.9692590646347872,0.26011560693641617,0.0,Q1 lowest,Q4
36085003900,583060,1400000US36085003900,84038.0,2357.0,1404.0,150.0,142.0,629.0,2121.0,133.0,085,Staten Island,0.5956724649978786,0.06364022061943148,0.26686465846414936,0.06024607551972847,0.4043275350021214,0.0627062706270627,0.0,Q3,Q2
36085004700,895658,1400000US36085004700,120893.0,2910.0,1494.0,522.0,462.0,312.0,2357.0,132.0,085,Staten Island,0.51340206185567,0.17938144329896907,0.10721649484536082,0.15876288659793814,0.48659793814432994,0.0560033941450997,0.0,Q5 highest,Q2
36085005000,792524,1400000US36085005000,76997.0,4556.0,2488.0,131.0,1009.0,928.0,4550.0,501.0,085,Staten Island,0.5460930640913082,0.02875329236172081,0.20368744512730466,0.22146619841966636,0.4539069359086918,0.11010989010989011,0.0,Q3,Q2
36085006400,709804,1400000US36085006400,63462.0,3210.0,2086.0,203.0,555.0,355.0,3201.0,419.0,085,Staten Island,0.6498442367601246,0.0632398753894081,0.11059190031152648,0.17289719626168223,0.3501557632398754,0.13089659481412058,0.0,Q2,Q1 least POC
36085007400,541258,1400000US36085007400,73678.0,4966.0,2676.0,293.0,978.0,740.0,4895.0,739.0,085,Staten Island,0.5388642770841724,0.0590012082158679,0.14901329037454691,0.19693918646798228,0.4611357229158276,0.15097037793667006,0.0,Q3,Q2
36085007500,480639,1400000US36085007500,108836.0,4032.0,1468.0,776.0,174.0,1133.0,3630.0,582.0,085,Staten Island,0.36408730158730157,0.19246031746031747,0.28100198412698413,0.043154761904761904,0.6359126984126984,0.16033057851239668,0.0,Q4,Q2
36085008100,806838,1400000US36085008100,78031.0,4638.0,1579.0,1088.0,473.0,1406.0,4267.0,739.0,085,Staten Island,0.34044846916774474,0.23458387235877534,0.30314790858128504,0.10198361362656318,0.6595515308322553,0.17318959456292476,0.0,Q3,Q3
36085009601,776279,1400000US36085009601,103942.0,4594.0,3495.0,12.0,487.0,453.0,4427.0,269.0,085,Staten Island,0.76077492381367,0.00261210274270788,0.09860687853722247,0.10600783630822812,0.23922507618633004,0.06076349672464423,0.0,Q4,Q1 least POC
36085009602,617605,1400000US36085009602,76894.0,3376.0,2074.0,34.0,909.0,296.0,3365.0,124.0,085,Staten Island,0.6143364928909952,0.010071090047393365,0.08767772511848342,0.26925355450236965,0.38566350710900477,0.03684992570579495,0.0,Q3,Q1 least POC
36061010602,124970,1400000US36061010602,190685.0,4992.0,3109.0,223.0,917.0,540.0,4992.0,319.0,061,Manhattan,0.6227964743589743,0.04467147435897436,0.10817307692307693,0.18369391025641027,0.37720352564102566,0.06390224358974358,3741.936901363763,Q5 highest,Q1 least POC
36061010900,175741,1400000US36061010900,146042.0,210.0,98.0,51.0,25.0,28.0,210.0,89.0,061,Manhattan,0.4666666666666667,0.24285714285714285,0.13333333333333333,0.11904761904761904,0.5333333333333333,0.4238095238095238,5107.686403363144,Q5 highest,Q2
36061011000,176516,1400000US36061011000,163371.0,7303.0,4489.0,298.0,894.0,1448.0,7301.0,194.0,061,Manhattan,0.6146788990825688,0.0408051485690812,0.19827468163768314,0.1224154457072436,0.3853211009174312,0.026571702506505958,6616.277762899723,Q5 highest,Q1 least POC
36061011202,78008,1400000US36061011202,198000.0,488.0,433.0,0.0,21.0,0.0,488.0,17.0,061,Manhattan,0.8872950819672131,0.0,0.0,0.0430327868852459,0.11270491803278693,0.03483606557377049,0.0,Q5 highest,Q1 least POC
36061011203,77947,1400000US36061011203,204375.0,1076.0,863.0,0.0,111.0,19.0,1076.0,17.0,061,Manhattan,0.8020446096654275,0.0,0.017657992565055763,0.10315985130111524,0.19795539033457255,0.015799256505576207,0.0,Q5 highest,Q1 least POC
36061003700,383379,1400000US36061003700,246250.0,3380.0,2283.0,38.0,610.0,320.0,3380.0,144.0,061,Manhattan,0.6754437869822485,0.011242603550295858,0.09467455621301775,0.1804733727810651,0.3245562130177515,0.04260355029585799,3999.5467519810677,Q5 highest,Q1 least POC
36061005200,168893,1400000US36061005200,193958.0,3128.0,1959.0,133.0,504.0,279.0,2279.0,223.0,061,Manhattan,0.6262787723785166,0.04251918158567775,0.08919437340153452,0.16112531969309463,0.3737212276214834,0.09784993418165862,4031.4079660699804,Q5 highest,Q1 least POC
36061010100,175520,1400000US36061010100,97242.0,1824.0,609.0,268.0,591.0,319.0,1824.0,367.0,061,Manhattan,0.3338815789473684,0.14692982456140352,0.17489035087719298,0.32401315789473684,0.6661184210526316,0.2012061403508772,1606.7573439865703,Q4,Q3
36061014700,65417,1400000US36061014700,221482.0,2932.0,1270.0,104.0,983.0,209.0,2932.0,169.0,061,Manhattan,0.4331514324693042,0.03547066848567531,0.07128240109140518,0.3352660300136426,0.5668485675306958,0.057639836289222375,781.8219226208864,Q5 highest,Q2
36061015001,51643,1400000US36061015001,191719.0,1972.0,1864.0,0.0,72.0,0.0,1972.0,63.0,061,Manhattan,0.9452332657200812,0.0,0.0,0.036511156186612576,0.05476673427991885,0.03194726166328601,0.0,Q5 highest,Q1 least POC
36085018901,1136446,1400000US36085018901,147513.0,5211.0,3085.0,229.0,967.0,914.0,5152.0,79.0,085,Staten Island,0.592016887353675,0.043945499904049126,0.17539819612358473,0.18556898867779698,0.40798311264632503,0.015333850931677018,0.0,Q5 highest,Q2
36085019700,300157,1400000US36085019700,113220.0,2010.0,1359.0,13.0,306.0,270.0,2010.0,79.0,085,Staten Island,0.6761194029850747,0.006467661691542288,0.13432835820895522,0.15223880597014924,0.32388059701492533,0.039303482587064675,0.0,Q5 highest,Q1 least POC
36085020803,2098034,1400000US36085020803,117218.0,7995.0,7511.0,22.0,163.0,243.0,7934.0,938.0,085,Staten Island,0.9394621638524078,0.0027517198248905566,0.030393996247654785,0.020387742338961852,0.06053783614759223,0.11822535921351147,0.0,Q5 highest,Q1 least POC
36085020804,1330758,1400000US36085020804,91379.0,5574.0,4345.0,43.0,287.0,599.0,5574.0,194.0,085,Staten Island,0.7795120200932902,0.007714388231072838,0.1074632221026193,0.05148905633297452,0.22048797990670976,0.03480444922856118,0.0,Q4,Q1 least POC
36085022300,766316,1400000US36085022300,59129.0,2739.0,379.0,676.0,91.0,1163.0,2739.0,661.0,085,Staten Island,0.1383716684921504,0.24680540343190946,0.42460752099306315,0.03322380430814166,0.8616283315078496,0.24132895217232567,0.0,Q2,Q3
36085023100,592842,1400000US36085023100,87837.0,4978.0,740.0,1189.0,683.0,2318.0,4970.0,586.0,085,Staten Island,0.14865407794294896,0.23885094415427882,0.46564885496183206,0.13720369626355966,0.8513459220570511,0.11790744466800805,0.0,Q3,Q3
36085023900,532083,1400000US36085023900,87438.0,3714.0,850.0,518.0,392.0,1770.0,3704.0,520.0,085,Staten Island,0.22886375875067314,0.13947226709746904,0.4765751211631664,0.10554658050619278,0.7711362412493269,0.14038876889848811,0.0,Q3,Q3
36061015002,125571,1400000US36061015002,250001.0,4588.0,3885.0,0.0,240.0,226.0,4588.0,221.0,061,Manhattan,0.8467741935483871,0.0,0.04925893635571055,0.05231037489102005,0.15322580645161288,0.0481691368788143,0.0,Q5 highest,Q1 least POC
36061015200,189340,1400000US36061015200,124571.0,7864.0,3814.0,1025.0,718.0,1820.0,7864.0,1669.0,061,Manhattan,0.4849949135300102,0.1303407934893184,0.23143438453713122,0.09130213631739573,0.5150050864699898,0.21223296032553407,1321.179722190835,Q5 highest,Q2
36061019100,223477,1400000US36061019100,135934.0,8533.0,5462.0,835.0,554.0,1311.0,8429.0,754.0,061,Manhattan,0.6401031290284777,0.09785538497597562,0.15363881401617252,0.06492441110980898,0.35989687097152234,0.08945307865701745,607.0046456587754,Q5 highest,Q1 least POC
36061022301,186810,1400000US36061022301,53900.0,7680.0,1261.0,1170.0,347.0,4826.0,7655.0,1252.0,061,Manhattan,0.16419270833333333,0.15234375,0.6283854166666667,0.045182291666666666,0.8358072916666667,0.1635532331809275,0.0,Q2,Q3
36085011401,526892,1400000US36085011401,83098.0,3484.0,1497.0,401.0,321.0,997.0,3484.0,575.0,085,Staten Island,0.4296785304247991,0.11509758897818599,0.28616532721010335,0.09213547646383467,0.5703214695752009,0.16504018369690013,0.0,Q3,Q2
36085011402,579280,1400000US36085011402,96792.0,3407.0,2538.0,27.0,374.0,319.0,3407.0,125.0,085,Staten Island,0.7449368946287056,0.007924860581156443,0.09363076019958907,0.10977399471675961,0.2550631053712944,0.03668916935720575,0.0,Q4,Q1 least POC
36085012100,741984,1400000US36085012100,160625.0,3140.0,2699.0,19.0,28.0,197.0,3140.0,45.0,085,Staten Island,0.8595541401273885,0.006050955414012739,0.06273885350318471,0.008917197452229299,0.1404458598726115,0.014331210191082803,0.0,Q5 highest,Q1 least POC
36085012500,461075,1400000US36085012500,120833.0,3100.0,1283.0,519.0,189.0,1007.0,3091.0,368.0,085,Staten Island,0.4138709677419355,0.16741935483870968,0.32483870967741935,0.06096774193548387,0.5861290322580646,0.11905532190229699,0.0,Q5 highest,Q2
36085012804,897166,1400000US36085012804,84137.0,4793.0,2433.0,32.0,901.0,1154.0,4782.0,311.0,085,Staten Island,0.5076152722720634,0.006676403087836428,0.24076778635510118,0.18798247444189442,0.4923847277279366,0.06503554997908825,0.0,Q3,Q2
36085013203,1027708,1400000US36085013203,126114.0,6988.0,5417.0,44.0,554.0,751.0,6988.0,336.0,085,Staten Island,0.7751860331997711,0.006296508299942759,0.1074699484831139,0.07927876359473383,0.22481396680022891,0.048082427017744706,0.0,Q5 highest,Q1 least POC
36085013204,1045193,1400000US36085013204,102587.0,5000.0,3450.0,18.0,481.0,823.0,4991.0,354.0,085,Staten Island,0.69,0.0036,0.1646,0.0962,0.31000000000000005,0.07092766980565017,0.0,Q4,Q1 least POC
36085013302,849327,1400000US36085013302,111077.0,3654.0,153.0,1176.0,159.0,2150.0,3654.0,1080.0,085,Staten Island,0.04187192118226601,0.3218390804597701,0.5883962780514504,0.04351395730706076,0.958128078817734,0.2955665024630542,0.0,Q4,Q4
36085013400,850704,1400000US36085013400,76979.0,3701.0,2335.0,583.0,318.0,325.0,3701.0,900.0,085,Staten Island,0.6309105647122399,0.1575249932450689,0.08781410429613618,0.0859227235882194,0.36908943528776006,0.2431775195893002,0.0,Q3,Q1 least POC
36085013800,1407436,1400000US36085013800,141115.0,6281.0,4956.0,0.0,208.0,790.0,6281.0,267.0,085,Staten Island,0.789046330202197,0.0,0.1257761502945391,0.033115745900334344,0.21095366979780295,0.04250915459321764,0.0,Q5 highest,Q1 least POC
36085007700,248536,1400000US36085007700,89767.0,1969.0,174.0,919.0,121.0,746.0,1969.0,263.0,085,Staten Island,0.08836973082783138,0.46673438293550024,0.37887252412392075,0.061452513966480445,0.9116302691721686,0.13357034027425088,0.0,Q4,Q4
36085002700,250358,1400000US36085002700,33203.0,1786.0,520.0,190.0,106.0,957.0,1223.0,677.0,085,Staten Island,0.2911534154535274,0.10638297872340426,0.5358342665173572,0.0593505039193729,0.7088465845464726,0.553556827473426,0.0,Q1 lowest,Q3
36085003600,409183,1400000US36085003600,88155.0,3074.0,1094.0,153.0,688.0,763.0,3061.0,266.0,085,Staten Island,0.35588809368900454,0.04977228366948601,0.24821080026024722,0.22381262199089136,0.6441119063109955,0.08689970597843842,0.0,Q3,Q3
36085018701,385154,1400000US36085018701,123750.0,1939.0,1136.0,110.0,391.0,251.0,1897.0,146.0,085,Staten Island,0.5858690046415678,0.05673027333677153,0.1294481691593605,0.20165033522434245,0.41413099535843223,0.07696362677912494,0.0,Q5 highest,Q2
36085000900,231877,1400000US36085000900,62237.0,1910.0,597.0,369.0,57.0,837.0,1910.0,215.0,085,Staten Island,0.312565445026178,0.1931937172774869,0.4382198952879581,0.029842931937172777,0.687434554973822,0.112565445026178,0.0,Q2,Q3
36085012200,827812,1400000US36085012200,107989.0,4335.0,2661.0,67.0,429.0,1178.0,4335.0,221.0,085,Staten Island,0.613840830449827,0.015455594002306805,0.2717416378316032,0.09896193771626298,0.38615916955017304,0.050980392156862744,0.0,Q4,Q1 least POC
36085011201,1607939,1400000US36085011201,110025.0,5725.0,3386.0,0.0,1448.0,723.0,5725.0,268.0,085,Staten Island,0.5914410480349345,0.0,0.1262882096069869,0.25292576419213975,0.40855895196506553,0.04681222707423581,3568.433590774221,Q4,Q2
36085030302,908763,1400000US36085030302,98535.0,6374.0,2209.0,1568.0,918.0,1625.0,6351.0,893.0,085,Staten Island,0.34656416692814557,0.24599937245058048,0.2549419516786947,0.1440225917791026,0.6534358330718544,0.1406077783026295,0.0,Q4,Q3
36085024700,479856,1400000US36085024700,81679.0,2802.0,1036.0,753.0,352.0,612.0,2798.0,298.0,085,Staten Island,0.36973590292648106,0.26873661670235544,0.21841541755888652,0.1256245538900785,0.6302640970735189,0.10650464617583988,0.0,Q3,Q2
36061019900,226590,1400000US36061019900,95313.0,9017.0,5471.0,535.0,1679.0,1099.0,6547.0,1417.0,061,Manhattan,0.6067428191194411,0.05933237218587113,0.12188089164910725,0.1862038371964068,0.39325718088055894,0.21643500840079424,0.0,Q4,Q2
36085006700,950892,1400000US36085006700,139125.0,2966.0,1995.0,190.0,226.0,468.0,2938.0,213.0,085,Staten Island,0.6726230613621038,0.06405933917734322,0.15778826702629806,0.07619689817936615,0.3273769386378962,0.07249829816201497,0.0,Q5 highest,Q1 least POC
36085014608,448628,1400000US36085014608,130272.0,3236.0,2754.0,0.0,191.0,267.0,3236.0,200.0,085,Staten Island,0.8510506798516687,0.0,0.08250927070457355,0.05902348578491965,0.1489493201483313,0.06180469715698393,0.0,Q5 highest,Q1 least POC
36085017011,719396,1400000US36085017011,126607.0,4801.0,3876.0,22.0,257.0,535.0,4776.0,464.0,085,Staten Island,0.8073318058737763,0.0045823786711101855,0.11143511768381587,0.0535305144761508,0.1926681941262237,0.09715242881072027,0.0,Q5 highest,Q1 least POC
36061009700,172933,1400000US36061009700,67218.0,4565.0,1891.0,231.0,759.0,1539.0,4551.0,570.0,061,Manhattan,0.41423877327491787,0.05060240963855422,0.3371303395399781,0.16626506024096385,0.5857612267250821,0.12524719841793014,4841.621760277561,Q2,Q2
36061001502,208794,1400000US36061001502,160466.0,8623.0,5404.0,161.0,1560.0,878.0,7983.0,724.0,061,Manhattan,0.6266960454598167,0.01867099617302563,0.10182071204917083,0.18091151571378872,0.3733039545401833,0.09069272203432294,752.86532475881,Q5 highest,Q1 least POC
36061013900,181585,1400000US36061013900,91045.0,9612.0,6479.0,86.0,898.0,1877.0,9595.0,717.0,061,Manhattan,0.674053266749896,0.0089471493965876,0.19527673741156887,0.09342488555971702,0.32594673325010404,0.0747264200104221,3731.4241612480655,Q4,Q1 least POC
36061008300,174158,1400000US36061008300,70986.0,3798.0,1447.0,304.0,489.0,1187.0,3798.0,676.0,061,Manhattan,0.3809899947340706,0.08004212743549237,0.31253291205897843,0.1287519747235387,0.6190100052659294,0.1779884149552396,2302.9524544551427,Q2,Q2
36061024700,256348,1400000US36061024700,42446.0,6768.0,978.0,871.0,150.0,4769.0,6768.0,1065.0,061,Manhattan,0.14450354609929078,0.128693853427896,0.7046394799054374,0.022163120567375887,0.8554964539007093,0.1573581560283688,821.2423012280793,Q1 lowest,Q3
36061003602,89011,1400000US36061003602,144464.0,3409.0,2105.0,390.0,448.0,383.0,3098.0,792.0,061,Manhattan,0.6174831328835435,0.11440305074801994,0.11234966265767087,0.13141683778234087,0.3825168671164565,0.25564880568108456,799.0629130082516,Q5 highest,Q1 least POC
36061005502,115486,1400000US36061005502,138854.0,1918.0,1214.0,53.0,354.0,252.0,1918.0,216.0,061,Manhattan,0.6329509906152242,0.027632950990615225,0.13138686131386862,0.1845672575599583,0.3670490093847758,0.11261730969760167,1180.9696839819796,Q5 highest,Q1 least POC
36061019800,225452,1400000US36061019800,96771.0,2684.0,607.0,1350.0,142.0,324.0,2543.0,183.0,061,Manhattan,0.22615499254843516,0.5029806259314457,0.12071535022354694,0.05290611028315946,0.7738450074515648,0.07196224931183641,93.03464628555403,Q4,Q3
36061018700,218111,1400000US36061018700,135716.0,10053.0,5574.0,1144.0,890.0,2285.0,10005.0,846.0,061,Manhattan,0.5544613548194569,0.1137968765542624,0.22729533472595245,0.08853078682980205,0.4455386451805431,0.08455772113943029,901.8622001136548,Q5 highest,Q2
36061016500,204327,1400000US36061016500,211888.0,7257.0,5950.0,40.0,449.0,550.0,7257.0,758.0,061,Manhattan,0.8198980294887694,0.00551191952597492,0.07578889348215516,0.06187129667906849,0.18010197051123056,0.10445087501722475,1910.7609889735916,Q5 highest,Q1 least POC
36061012500,174253,1400000US36061012500,137772.0,2488.0,1088.0,226.0,585.0,386.0,2442.0,322.0,061,Manhattan,0.43729903536977494,0.09083601286173633,0.15514469453376206,0.23512861736334406,0.562700964630225,0.13185913185913187,3298.960756129949,Q5 highest,Q2
36061023300,232212,1400000US36061023300,86769.0,7371.0,1806.0,1550.0,553.0,3310.0,7362.0,1202.0,061,Manhattan,0.245014245014245,0.21028354361687696,0.4490571157237824,0.07502374169040836,0.754985754985755,0.16327085031241512,0.0,Q3,Q3
36061020800,148566,1400000US36061020800,92132.0,5713.0,1432.0,2998.0,205.0,668.0,5709.0,1024.0,061,Manhattan,0.2506563976894801,0.5247680728163837,0.11692630841939436,0.03588307369158061,0.7493436023105199,0.17936591346995973,0.0,Q4,Q3
36085013201,469586,1400000US36085013201,127792.0,1448.0,1178.0,57.0,79.0,107.0,1448.0,100.0,085,Staten Island,0.81353591160221,0.0393646408839779,0.0738950276243094,0.054558011049723756,0.18646408839779005,0.06906077348066299,0.0,Q5 highest,Q1 least POC
36085027704,528028,1400000US36085027704,100479.0,4623.0,2941.0,86.0,1074.0,522.0,4623.0,526.0,085,Staten Island,0.6361669911313,0.018602638979017955,0.11291369240752758,0.23231667748215445,0.36383300886869996,0.11377893142980748,0.0,Q4,Q1 least POC
36085027302,1021147,1400000US36085027302,95579.0,4531.0,3066.0,36.0,850.0,191.0,4526.0,614.0,085,Staten Island,0.6766718163760759,0.00794526594570735,0.04215404987861399,0.18759655705142353,0.3233281836239241,0.13566062748563854,0.0,Q4,Q1 least POC
36085029104,1541565,1400000US36085029104,107292.0,6875.0,4051.0,154.0,1237.0,1389.0,6875.0,474.0,085,Staten Island,0.5892363636363637,0.0224,0.20203636363636363,0.1799272727272727,0.41076363636363633,0.06894545454545455,0.0,Q4,Q2
36085017009,1182339,1400000US36085017009,93977.0,5028.0,3918.0,0.0,484.0,480.0,5028.0,68.0,085,Staten Island,0.779236276849642,0.0,0.0954653937947494,0.09626093874303898,0.22076372315035797,0.013524264120922832,0.0,Q4,Q1 least POC
36085018902,755077,1400000US36085018902,102778.0,6301.0,4352.0,23.0,978.0,679.0,6301.0,1472.0,085,Staten Island,0.6906840184097762,0.0036502142517060784,0.10776067290906205,0.15521345818124108,0.3093159815902238,0.23361371210918902,0.0,Q4,Q1 least POC
36085021300,784577,1400000US36085021300,79938.0,5308.0,1475.0,1030.0,150.0,2577.0,5288.0,995.0,085,Staten Island,0.27788244159758857,0.19404672192916353,0.4854935945742276,0.02825923134890731,0.7221175584024114,0.18816187594553707,309.01917418341,Q3,Q3
36085010500,816706,1400000US36085010500,90833.0,5276.0,1898.0,963.0,125.0,2047.0,5234.0,967.0,085,Staten Island,0.35974222896133434,0.182524639878696,0.3879833206974981,0.023692191053828658,0.6402577710386657,0.18475353458158197,0.0,Q4,Q3
36085000700,528114,1400000US36085000700,64452.0,4583.0,1030.0,2187.0,199.0,1072.0,4583.0,803.0,085,Staten Island,0.2247436177176522,0.477198341697578,0.2339079205760419,0.043421339733798824,0.7752563822823478,0.1752127427449269,0.0,Q2,Q3
36085002001,512964,1400000US36085002001,76557.0,2796.0,1739.0,129.0,372.0,402.0,2796.0,116.0,085,Staten Island,0.6219599427753935,0.046137339055793994,0.14377682403433475,0.13304721030042918,0.37804005722460654,0.04148783977110158,0.0,Q3,Q1 least POC
36061011600,195582,1400000US36061011600,90938.0,3577.0,2393.0,66.0,621.0,404.0,3443.0,331.0,061,Manhattan,0.6689963656695554,0.018451216102879506,0.11294380766005033,0.17360916969527537,0.33100363433044455,0.09613708974731339,1042.5038312557986,Q4,Q1 least POC
36061016002,51427,1400000US36061016002,104146.0,3250.0,1665.0,47.0,431.0,942.0,2655.0,161.0,061,Manhattan,0.5123076923076924,0.014461538461538461,0.28984615384615386,0.1326153846153846,0.48769230769230765,0.06064030131826742,0.0,Q4,Q2
36061030700,84374,1400000US36061030700,113510.0,3923.0,2199.0,453.0,100.0,1004.0,3906.0,191.0,061,Manhattan,0.5605404027529951,0.11547285240887076,0.25592658679581953,0.02549069589599796,0.4394595972470049,0.048899129544290834,0.0,Q5 highest,Q2
36061004800,175763,1400000US36061004800,173239.0,6413.0,4269.0,275.0,1194.0,532.0,5358.0,459.0,061,Manhattan,0.6656790893497583,0.04288164665523156,0.08295649462030251,0.18618431311398723,0.3343209106502417,0.0856662933930571,2510.7704425874513,Q5 highest,Q1 least POC
36061023200,180488,1400000US36061023200,35438.0,9581.0,600.0,4392.0,170.0,4310.0,9563.0,4261.0,061,Manhattan,0.06262394322095814,0.45840726437741364,0.4498486588038827,0.017743450579271475,0.9373760567790419,0.4455714733870124,0.0,Q1 lowest,Q4
36061009100,179098,1400000US36061009100,188867.0,6654.0,4262.0,697.0,711.0,677.0,6653.0,1238.0,061,Manhattan,0.6405169822663059,0.10474902314397355,0.10174331229335738,0.10685302073940486,0.35948301773369407,0.1860814670073651,3941.424525119054,Q5 highest,Q1 least POC
36061006600,174701,1400000US36061006600,126995.0,11615.0,6586.0,977.0,2107.0,1421.0,11337.0,803.0,061,Manhattan,0.5670253981919932,0.08411536805854498,0.12234179939733104,0.18140335772707705,0.43297460180800684,0.07083002557995942,2100.7911260679757,Q5 highest,Q2
36061001001,80143,1400000US36061001001,109352.0,1696.0,1150.0,28.0,169.0,220.0,1696.0,16.0,061,Manhattan,0.6780660377358491,0.01650943396226415,0.12971698113207547,0.09964622641509434,0.32193396226415094,0.009433962264150943,3047.802826742145,Q4,Q1 least POC
36061007700,178780,1400000US36061007700,161094.0,5706.0,4612.0,36.0,167.0,378.0,5706.0,385.0,061,Manhattan,0.8082719943918683,0.006309148264984227,0.06624605678233439,0.029267437784787943,0.19172800560813175,0.06747283561163687,3480.470263849996,Q5 highest,Q1 least POC
36061011201,79536,1400000US36061011201,198750.0,936.0,683.0,16.0,157.0,52.0,936.0,81.0,061,Manhattan,0.7297008547008547,0.017094017094017096,0.05555555555555555,0.16773504273504272,0.27029914529914534,0.08653846153846154,516.3376395563604,Q5 highest,Q1 least POC
36061017401,100812,1400000US36061017401,37990.0,5508.0,767.0,1868.0,486.0,2275.0,5436.0,1720.0,061,Manhattan,0.13925199709513436,0.3391430646332607,0.4130355846042121,0.08823529411764706,0.8607480029048656,0.3164091243561442,0.0,Q1 lowest,Q3
36061015602,108763,1400000US36061015602,51404.0,2212.0,527.0,306.0,288.0,1091.0,2212.0,468.0,061,Manhattan,0.23824593128390598,0.1383363471971067,0.49321880650994576,0.1301989150090416,0.761754068716094,0.2115732368896926,1087.2903553039798,Q1 lowest,Q3
36061018000,212522,1400000US36061018000,26321.0,6970.0,984.0,1810.0,438.0,3667.0,6970.0,2701.0,061,Manhattan,0.1411764705882353,0.25968436154949787,0.5261119081779053,0.06284074605451936,0.8588235294117648,0.38751793400286944,2438.6727488189554,Q1 lowest,Q3
36061008000,172626,1400000US36061008000,163454.0,5137.0,3355.0,316.0,877.0,483.0,5019.0,344.0,061,Manhattan,0.6531049250535332,0.06151450262799299,0.09402374927000194,0.17072221140743624,0.34689507494646676,0.06853954971109782,2039.9971645471476,Q5 highest,Q1 least POC
36061020101,55126,1400000US36061020101,151667.0,1858.0,970.0,206.0,426.0,156.0,756.0,128.0,061,Manhattan,0.5220667384284177,0.1108719052744887,0.08396124865446716,0.22927879440258342,0.47793326157158234,0.1693121693121693,0.0,Q5 highest,Q2
36061022200,181422,1400000US36061022200,56705.0,3350.0,1051.0,1466.0,140.0,245.0,3344.0,1015.0,061,Manhattan,0.3137313432835821,0.4376119402985075,0.07313432835820896,0.041791044776119404,0.6862686567164179,0.3035287081339713,0.0,Q2,Q3
36061013800,182092,1400000US36061013800,134167.0,12826.0,9528.0,195.0,1300.0,1334.0,12397.0,659.0,061,Manhattan,0.7428660533291751,0.015203492905036644,0.1040074847965071,0.10135661936691097,0.2571339466708249,0.053158022102121484,3297.668831033083,Q5 highest,Q1 least POC
36061007400,174085,1400000US36061007400,192897.0,5056.0,3549.0,217.0,918.0,318.0,4489.0,455.0,061,Manhattan,0.7019382911392406,0.042919303797468354,0.06289556962025317,0.18156645569620253,0.29806170886075944,0.10135887725551347,507.2971129014266,Q5 highest,Q1 least POC
36061003200,217682,1400000US36061003200,88070.0,7523.0,5513.0,207.0,581.0,789.0,7523.0,1308.0,061,Manhattan,0.7328193539811245,0.027515618769108068,0.10487837298949887,0.07722982852585404,0.2671806460188755,0.17386680845407418,1503.4046803128174,Q3,Q1 least POC
36061026100,156222,1400000US36061026100,49248.0,12794.0,592.0,198.0,234.0,11481.0,12760.0,3611.0,061,Manhattan,0.04627168985461935,0.015476004377051744,0.8973737689541973,0.018289823354697515,0.9537283101453806,0.2829937304075235,0.0,Q1 lowest,Q4
36061022500,262466,1400000US36061022500,62782.0,10647.0,1327.0,2382.0,217.0,6304.0,10619.0,2162.0,061,Manhattan,0.1246360477129708,0.22372499295576218,0.592091669014746,0.020381328073635765,0.8753639522870292,0.20359732554854507,0.0,Q2,Q4
36061004100,191278,1400000US36061004100,100096.0,7051.0,3495.0,90.0,2813.0,437.0,6687.0,753.0,061,Manhattan,0.4956743724294426,0.012764146929513545,0.06197702453552688,0.3989505034746844,0.5043256275705574,0.11260655002243158,2380.7648999234307,Q4,Q2
36061002100,237229,1400000US36061002100,250001.0,7275.0,4617.0,473.0,1195.0,787.0,7275.0,75.0,061,Manhattan,0.634639175257732,0.06501718213058419,0.1081786941580756,0.16426116838487972,0.36536082474226805,0.010309278350515464,2074.2716977971486,Q5 highest,Q1 least POC
36061001402,113920,1400000US36061001402,46615.0,3286.0,881.0,250.0,1099.0,860.0,3285.0,946.0,061,Manhattan,0.2681071211199026,0.07608034083992696,0.26171637248934876,0.3344491783323189,0.7318928788800974,0.28797564687975646,2302.945514501242,Q1 lowest,Q3
36061028100,94229,1400000US36061028100,112969.0,3278.0,2127.0,112.0,184.0,521.0,3100.0,66.0,061,Manhattan,0.6488712629652227,0.034167175106772425,0.15893837705918243,0.05613178767541183,0.3511287370347773,0.02129032258064516,90.00970333866327,Q5 highest,Q1 least POC
36085017012,922584,1400000US36085017012,107891.0,4640.0,3470.0,42.0,288.0,792.0,4640.0,263.0,085,Staten Island,0.7478448275862069,0.009051724137931035,0.1706896551724138,0.06206896551724138,0.25215517241379315,0.05668103448275862,0.0,Q4,Q1 least POC
36061024100,178781,1400000US36061024100,59054.0,8197.0,1196.0,1871.0,180.0,4804.0,8133.0,1373.0,061,Manhattan,0.14590703916066855,0.2282542393558619,0.5860680736854947,0.021959253385384896,0.8540929608393315,0.16881839419648345,583.1558035705225,Q2,Q3
36061017200,177939,1400000US36061017200,31068.0,5325.0,568.0,1644.0,248.0,2548.0,5319.0,1536.0,061,Manhattan,0.10666666666666667,0.3087323943661972,0.47849765258215965,0.046572769953051645,0.8933333333333333,0.2887760857304005,0.0,Q1 lowest,Q4
36061011300,175653,1400000US36061011300,82500.0,137.0,23.0,74.0,27.0,6.0,137.0,82.0,061,Manhattan,0.1678832116788321,0.5401459854014599,0.043795620437956206,0.19708029197080293,0.8321167883211679,0.5985401459854015,6677.578720250914,Q3,Q3
36061019000,103795,1400000US36061019000,92991.0,3719.0,744.0,1870.0,341.0,659.0,3719.0,655.0,061,Manhattan,0.2000537778972842,0.5028233396074213,0.17719817155149234,0.0916913148695886,0.7999462221027158,0.17612261360580803,441.6680276599223,Q4,Q3
36061009500,171964,1400000US36061009500,176944.0,3217.0,2222.0,196.0,443.0,291.0,2262.0,187.0,061,Manhattan,0.6907056263599627,0.06092632887783649,0.09045694746658377,0.13770593720857943,0.3092943736400373,0.08267020335985853,4436.258517026115,Q5 highest,Q1 least POC
36061027300,176924,1400000US36061027300,118346.0,7877.0,5297.0,244.0,158.0,1656.0,7877.0,313.0,061,Manhattan,0.672464136092421,0.030976259997460964,0.21023232194998095,0.020058397867208328,0.32753586390757905,0.03973594007871017,38.154559198555,Q5 highest,Q1 least POC
36061010601,121959,1400000US36061010601,224898.0,7366.0,6364.0,63.0,639.0,235.0,7366.0,170.0,061,Manhattan,0.8639695900081455,0.008552810209068694,0.0319033396687483,0.0867499321205539,0.13603040999185445,0.02307901167526473,2227.499311164914,Q5 highest,Q1 least POC
36061005900,116174,1400000US36061005900,166250.0,5001.0,3775.0,179.0,596.0,342.0,4074.0,116.0,061,Manhattan,0.7548490301939612,0.03579284143171366,0.0683863227354529,0.1191761647670466,0.2451509698060388,0.02847324496809033,413.20086554771103,Q5 highest,Q1 least POC
36061014602,109174,1400000US36061014602,124125.0,8433.0,6808.0,48.0,592.0,731.0,8433.0,668.0,061,Manhattan,0.8073046365468991,0.005691924581999288,0.08668326811336416,0.07020040317799123,0.1926953634531009,0.0792126170994901,1456.6835660299434,Q5 highest,Q1 least POC
36061006300,178188,1400000US36061006300,172687.0,5799.0,4799.0,75.0,330.0,421.0,5524.0,250.0,061,Manhattan,0.8275564752543542,0.012933264355923435,0.07259872391791689,0.056906363166063116,0.17244352474564584,0.04525706010137581,3530.5302782665817,Q5 highest,Q1 least POC
36061025100,159422,1400000US36061025100,35647.0,2795.0,240.0,269.0,116.0,2101.0,2697.0,819.0,061,Manhattan,0.08586762075134168,0.0962432915921288,0.7516994633273703,0.04150268336314848,0.9141323792486583,0.303670745272525,791.4819826600395,Q1 lowest,Q4
36061017900,213907,1400000US36061017900,158109.0,9953.0,7213.0,41.0,571.0,1892.0,9953.0,638.0,061,Manhattan,0.7247061187581634,0.004119360996684417,0.19009343916407112,0.05736963729528785,0.2752938812418366,0.06410127599718678,784.4778279826517,Q5 highest,Q1 least POC
36061011800,176762,1400000US36061011800,159134.0,9510.0,7674.0,58.0,1327.0,303.0,9496.0,823.0,061,Manhattan,0.8069400630914827,0.006098843322818086,0.031861198738170345,0.1395373291272345,0.1930599369085173,0.08666807076663859,2532.4747698961614,Q5 highest,Q1 least POC
36061003400,160257,1400000US36061003400,109148.0,6647.0,4167.0,262.0,748.0,1057.0,6647.0,1364.0,061,Manhattan,0.6268993530916203,0.03941627802015947,0.15901910636377314,0.11253196930946291,0.37310064690837974,0.20520535579960886,4198.449944673483,Q4,Q1 least POC
36061020500,281121,1400000US36061020500,209667.0,5650.0,3420.0,352.0,944.0,819.0,2983.0,181.0,061,Manhattan,0.6053097345132743,0.062300884955752214,0.14495575221238938,0.16707964601769912,0.3946902654867257,0.06067717063359034,0.0,Q5 highest,Q2
36061018900,265404,1400000US36061018900,37641.0,11169.0,2655.0,1841.0,870.0,5615.0,10710.0,3856.0,061,Manhattan,0.23771152296535053,0.1648312292953711,0.5027307726743665,0.07789417136717701,0.7622884770346494,0.3600373482726424,3479.2915963958917,Q1 lowest,Q3
36061003002,78532,1400000US36061003002,68382.0,3062.0,1484.0,149.0,614.0,761.0,3062.0,847.0,061,Manhattan,0.4846505551926845,0.04866100587851078,0.24853037230568256,0.20052253429131286,0.5153494448073155,0.2766165904637492,1209.914677482238,Q2,Q2
36061013100,174135,1400000US36061013100,107018.0,3018.0,1386.0,190.0,732.0,588.0,3018.0,266.0,061,Manhattan,0.4592445328031809,0.06295559973492379,0.19483101391650098,0.24254473161033796,0.5407554671968191,0.08813783962889331,5305.456651683793,Q4,Q2
36061008200,172401,1400000US36061008200,222273.0,3551.0,1521.0,212.0,580.0,757.0,3551.0,241.0,061,Manhattan,0.4283300478738384,0.05970149253731343,0.2131793860884258,0.1633342720360462,0.5716699521261617,0.06786820613911575,1526.8204266783919,Q5 highest,Q2
36061020701,47273,1400000US36061020701,69800.0,2858.0,1310.0,148.0,703.0,460.0,2224.0,587.0,061,Manhattan,0.45836249125262424,0.05178446466060182,0.1609517144856543,0.24597620713785864,0.5416375087473757,0.26393884892086333,0.0,Q2,Q2
36061008900,165578,1400000US36061008900,95355.0,6314.0,3962.0,198.0,465.0,1516.0,5775.0,833.0,061,Manhattan,0.6274944567627494,0.0313588850174216,0.24010136205258156,0.07364586632879316,0.3725055432372506,0.14424242424242426,2310.5263572475196,Q4,Q1 least POC
36061002500,131517,1400000US36061002500,21949.0,5162.0,177.0,1584.0,1628.0,1425.0,5144.0,2681.0,061,Manhattan,0.034289035257652076,0.30685780705153043,0.2760557923285548,0.315381635025184,0.965710964742348,0.5211897356143079,36.026308691970556,Q1 lowest,Q4
36061011100,175464,1400000US36061011100,102297.0,4899.0,2469.0,240.0,1356.0,640.0,4899.0,674.0,061,Manhattan,0.5039804041641152,0.04898958971218616,0.1306389058991631,0.2767911818738518,0.49601959583588484,0.13757909777505614,4028.787682350476,Q4,Q2
36061005000,166468,1400000US36061005000,194750.0,4892.0,3609.0,73.0,865.0,111.0,4830.0,250.0,061,Manhattan,0.7377350776778414,0.014922322158626329,0.022690106295993457,0.17681929681112019,0.2622649223221586,0.051759834368530024,0.0,Q5 highest,Q1 least POC
36061000800,220708,1400000US36061000800,28607.0,8713.0,1043.0,16.0,7196.0,283.0,8711.0,2714.0,061,Manhattan,0.11970618615861357,0.0018363365086652129,0.032480201997015956,0.8258923447721795,0.8802938138413864,0.3115600964298014,2055.6642158963596,Q1 lowest,Q4
36061015802,51508,1400000US36061015802,92303.0,3813.0,2410.0,157.0,685.0,445.0,3000.0,296.0,061,Manhattan,0.6320482559664307,0.04117492787831104,0.11670600576973511,0.1796485706792552,0.36795174403356934,0.09866666666666667,0.0,Q4,Q1 least POC
36061014200,178985,1400000US36061014200,250001.0,4254.0,3205.0,13.0,485.0,324.0,4254.0,287.0,061,Manhattan,0.7534085566525623,0.0030559473436765397,0.076163610719323,0.11401034320639399,0.24659144334743766,0.06746591443347438,0.0,Q5 highest,Q1 least POC
36061007200,175015,1400000US36061007200,139577.0,7035.0,4581.0,229.0,1382.0,365.0,6815.0,473.0,061,Manhattan,0.6511727078891258,0.03255152807391613,0.051883439943141436,0.19644633972992182,0.34882729211087415,0.06940572267057961,257.69839259529385,Q5 highest,Q1 least POC
36061021500,69708,1400000US36061021500,67206.0,4193.0,558.0,2461.0,144.0,857.0,4193.0,766.0,061,Manhattan,0.13307894109229668,0.5869305986167422,0.2043882661578822,0.034342952539947534,0.8669210589077033,0.18268542809444313,0.0,Q2,Q4
36061025900,75465,1400000US36061025900,76047.0,4678.0,862.0,1815.0,224.0,1529.0,4657.0,657.0,061,Manhattan,0.18426678067550234,0.38798631893971786,0.3268490808037623,0.04788371098760154,0.8157332193244977,0.14107794717629374,0.0,Q3,Q3
36061031703,248049,1400000US36061031703,250001.0,6450.0,4607.0,137.0,885.0,278.0,6450.0,373.0,061,Manhattan,0.7142635658914729,0.021240310077519378,0.04310077519379845,0.1372093023255814,0.2857364341085271,0.057829457364341086,0.0,Q5 highest,Q1 least POC
36085013301,67337,1400000US36085013301,25411.0,1036.0,49.0,688.0,20.0,279.0,1031.0,491.0,085,Staten Island,0.0472972972972973,0.6640926640926641,0.2693050193050193,0.019305019305019305,0.9527027027027027,0.47623666343355964,0.0,Q1 lowest,Q4
36061012200,172615,1400000US36061012200,231016.0,2608.0,2419.0,0.0,86.0,85.0,2608.0,72.0,061,Manhattan,0.9275306748466258,0.0,0.0325920245398773,0.032975460122699383,0.07246932515337423,0.027607361963190184,0.0,Q5 highest,Q1 least POC
36061014402,176870,1400000US36061014402,141232.0,6742.0,4770.0,496.0,507.0,763.0,6742.0,353.0,061,Manhattan,0.7075051913378819,0.07356867398398101,0.11317116582616435,0.07520023731830318,0.2924948086621181,0.05235835063779294,77.20420472225135,Q5 highest,Q1 least POC
36061015601,73562,1400000US36061015601,114409.0,4879.0,2862.0,234.0,710.0,765.0,4835.0,567.0,061,Manhattan,0.5865956138552982,0.04796064767370363,0.156794425087108,0.14552162328345972,0.41340438614470176,0.11726990692864529,1105.5672506262083,Q5 highest,Q2
36061021600,173198,1400000US36061021600,59784.0,9294.0,2084.0,4574.0,457.0,1590.0,9277.0,1887.0,061,Manhattan,0.22423068646438563,0.4921454701958253,0.171078114912847,0.0491715085001076,0.7757693135356144,0.20340627357982105,0.0,Q2,Q3
36061022000,174954,1400000US36061022000,89756.0,6369.0,2123.0,2532.0,350.0,1054.0,6342.0,993.0,061,Manhattan,0.3333333333333333,0.3975506358926048,0.16548908776888052,0.054953681896687076,0.6666666666666667,0.15657521286660359,0.0,Q4,Q3
36061025300,169344,1400000US36061025300,67045.0,11434.0,1505.0,291.0,375.0,8896.0,11233.0,2067.0,061,Manhattan,0.13162497813538568,0.025450411054748993,0.778030435543117,0.0327969214623054,0.8683750218646143,0.18401139499688418,1681.5669932181363,Q2,Q4
36061027100,192909,1400000US36061027100,81890.0,8364.0,1930.0,671.0,356.0,5304.0,8313.0,1304.0,061,Manhattan,0.2307508369201339,0.08022477283596366,0.6341463414634146,0.04256336681013869,0.7692491630798661,0.1568627450980392,0.0,Q3,Q3
36061028300,151093,1400000US36061028300,67417.0,8275.0,1471.0,222.0,269.0,6102.0,8200.0,1469.0,061,Manhattan,0.1777643504531722,0.026827794561933536,0.7374018126888218,0.032507552870090634,0.8222356495468278,0.17914634146341463,605.7630515955836,Q2,Q3
36061000201,90233,1400000US36061000201,45582.0,2666.0,238.0,216.0,400.0,1747.0,2621.0,1364.0,061,Manhattan,0.08927231807951988,0.08102025506376594,0.6552888222055514,0.15003750937734434,0.9107276819204801,0.5204120564669973,1693.4053682549184,Q1 lowest,Q4
36061000202,310040,1400000US36061000202,34710.0,7001.0,1601.0,1142.0,1444.0,2632.0,6991.0,1975.0,061,Manhattan,0.22868161691186972,0.16311955434937866,0.375946293386659,0.2062562491072704,0.7713183830881303,0.28250607924474325,545.9722741071621,Q1 lowest,Q3
36061000600,240406,1400000US36061000600,25655.0,10751.0,859.0,654.0,5567.0,3301.0,10575.0,4175.0,061,Manhattan,0.07989954422844386,0.06083155055343689,0.30704120546925867,0.5178122965305553,0.9201004557715562,0.3947990543735225,3793.1867454436374,Q1 lowest,Q4
36061000700,253229,1400000US36061000700,184730.0,8674.0,6020.0,393.0,1127.0,668.0,8674.0,430.0,061,Manhattan,0.694028130043809,0.04530781646299285,0.07701175928060872,0.12992852201982938,0.30597186995619097,0.04957343786027208,564.4125849771364,Q5 highest,Q1 least POC
36061000900,298886,1400000US36061000900,222167.0,1824.0,1090.0,137.0,303.0,200.0,1823.0,146.0,061,Manhattan,0.5975877192982456,0.07510964912280702,0.10964912280701754,0.16611842105263158,0.4024122807017544,0.08008776741634668,642.7063301631168,Q5 highest,Q2
36061001002,199682,1400000US36061001002,23658.0,5989.0,158.0,1120.0,913.0,3698.0,5989.0,3014.0,061,Manhattan,0.02638169978293538,0.18700951744865588,0.617465353147437,0.1524461512773418,0.9736183002170646,0.5032559692770079,260.60492634856604,Q1 lowest,Q5 most POC
36061001200,120597,1400000US36061001200,91154.0,4157.0,2228.0,118.0,817.0,819.0,4107.0,710.0,061,Manhattan,0.5359634351695934,0.02838585518402694,0.19701707962472936,0.1965359634351696,0.46403656483040656,0.17287557828098368,1615.5627343755073,Q4,Q2
36061001300,317216,1400000US36061001300,199576.0,4861.0,3014.0,343.0,890.0,267.0,4861.0,275.0,061,Manhattan,0.6200370294178152,0.07056161283686484,0.05492696975930878,0.18308989919769594,0.37996297058218476,0.05657272166220942,1621.5716027463359,Q5 highest,Q1 least POC
36061001401,93505,1400000US36061001401,89873.0,3165.0,2224.0,85.0,251.0,314.0,3118.0,162.0,061,Manhattan,0.7026856240126382,0.026856240126382307,0.09921011058451817,0.07930489731437598,0.29731437598736177,0.05195638229634381,1717.722251789928,Q4,Q1 least POC
36005006500,261811,1400000US36005006500,22985.0,5627.0,303.0,1742.0,130.0,3450.0,5584.0,2987.0,005,Bronx,0.05384752088146437,0.30957881642082813,0.6131153367691488,0.023102896747822996,0.9461524791185356,0.5349212034383954,206.527743660053,Q1 lowest,Q4
36005020200,124813,1400000US36005020200,53651.0,2578.0,102.0,305.0,453.0,1693.0,2548.0,564.0,005,Bronx,0.0395655546935609,0.1183087664856478,0.656710628394104,0.17571761055081458,0.9604344453064391,0.22135007849293564,0.0,Q2,Q4
36005015700,319009,1400000US36005015700,39776.0,5520.0,60.0,1910.0,19.0,3045.0,5505.0,2023.0,005,Bronx,0.010869565217391304,0.34601449275362317,0.5516304347826086,0.0034420289855072463,0.9891304347826086,0.36748410535876475,92.99316842941185,Q1 lowest,Q5 most POC
36005005200,182689,1400000US36005005200,29657.0,1931.0,0.0,594.0,0.0,1320.0,1931.0,731.0,005,Bronx,0.0,0.3076126359399275,0.6835836354220611,0.0,1.0,0.3785603314344899,0.0,Q1 lowest,Q5 most POC
36047012600,235982,1400000US36047012600,58643.0,2664.0,748.0,37.0,1025.0,678.0,2664.0,673.0,047,Brooklyn,0.2807807807807808,0.013888888888888888,0.2545045045045045,0.38475975975975973,0.7192192192192193,0.25262762762762764,582.5426590434649,Q2,Q3
36047027100,245353,1400000US36047027100,96016.0,3703.0,652.0,2287.0,343.0,354.0,3677.0,502.0,047,Brooklyn,0.17607345395625168,0.6176073453956251,0.0955981636510937,0.09262759924385633,0.8239265460437484,0.13652434049496873,0.0,Q4,Q3
36047034800,592737,1400000US36047034800,57750.0,2491.0,449.0,225.0,639.0,1147.0,2491.0,425.0,047,Brooklyn,0.1802488960256925,0.09032517061421116,0.460457647531112,0.2565234845443597,0.8197511039743075,0.17061421116017664,5.265318255352516,Q2,Q3
36047046000,196068,1400000US36047046000,78155.0,3302.0,1314.0,156.0,1060.0,610.0,3302.0,484.0,047,Brooklyn,0.39794064203513024,0.047244094488188976,0.18473652331920049,0.3210175651120533,0.6020593579648698,0.1465778316172017,0.0,Q3,Q2
36047105804,770249,1400000US36047105804,45000.0,6755.0,1030.0,4065.0,310.0,1267.0,6650.0,1217.0,047,Brooklyn,0.15247964470762398,0.6017764618800888,0.18756476683937823,0.0458919319022946,0.847520355292376,0.18300751879699248,140.64069312482823,Q1 lowest,Q3
36005043503,4660603,1400000US36005043503,88438.0,16.0,7.0,0.0,4.0,5.0,16.0,3.0,005,Bronx,0.4375,0.0,0.3125,0.25,0.5625,0.1875,3400.4976904828723,Q4,Q2
36005043501,398042,1400000US36005043501,26523.0,1083.0,10.0,345.0,44.0,545.0,1083.0,491.0,005,Bronx,0.009233610341643583,0.3185595567867036,0.5032317636195752,0.040627885503231764,0.9907663896583564,0.4533702677746999,623.6269852920223,Q1 lowest,Q5 most POC
36005033602,56395,1400000US36005033602,58947.0,1269.0,83.0,559.0,0.0,627.0,1269.0,221.0,005,Bronx,0.06540583136327817,0.4405043341213554,0.4940898345153664,0.0,0.9345941686367218,0.17415287628053586,0.0,Q2,Q4
36085011203,1001598,1400000US36085011203,76068.0,6590.0,2958.0,321.0,2530.0,736.0,6569.0,878.0,085,Staten Island,0.4488619119878604,0.04871016691957512,0.11168437025796661,0.38391502276176026,0.5511380880121396,0.13365809103364287,0.0,Q3,Q2
36005033601,128000,1400000US36005033601,27674.0,5005.0,217.0,2044.0,181.0,2408.0,4955.0,2167.0,005,Bronx,0.043356643356643354,0.4083916083916084,0.4811188811188811,0.036163836163836165,0.9566433566433566,0.43733602421796164,1372.35134836029,Q1 lowest,Q4
36085022801,4065100,1400000US36085022801,,23.0,18.0,5.0,0.0,0.0,23.0,0.0,085,Staten Island,0.782608695652174,0.21739130434782608,0.0,0.0,0.21739130434782605,0.0,0.0,,Q1 least POC
36005033802,46999,1400000US36005033802,69960.0,1829.0,21.0,605.0,137.0,1046.0,1819.0,468.0,005,Bronx,0.011481683980317113,0.330781848004374,0.5718972115910333,0.07490431930016403,0.9885183160196829,0.25728422210005497,636.7305370253393,Q2,Q5 most POC
36005033801,114381,1400000US36005033801,68330.0,2262.0,75.0,757.0,84.0,972.0,2262.0,428.0,005,Bronx,0.033156498673740056,0.33465959328028294,0.4297082228116711,0.03713527851458886,0.96684350132626,0.1892130857648099,182.41880981633858,Q2,Q4
36085011204,975926,1400000US36085011204,,101.0,13.0,0.0,0.0,88.0,101.0,0.0,085,Staten Island,0.12871287128712872,0.0,0.8712871287128713,0.0,0.8712871287128713,0.0,0.0,,Q4
36047051601,115927,1400000US36047051601,63672.0,5087.0,568.0,3238.0,173.0,947.0,5069.0,1039.0,047,Brooklyn,0.1116571653233733,0.6365244741497936,0.18616080204442698,0.0340082563396894,0.8883428346766267,0.20497139475241666,0.0,Q2,Q4
36081059502,231198,1400000US36081059502,59386.0,3220.0,580.0,17.0,143.0,2480.0,3216.0,606.0,081,Queens,0.18012422360248448,0.005279503105590062,0.7701863354037267,0.04440993788819876,0.8198757763975155,0.1884328358208955,0.0,Q2,Q3
36081059501,164850,1400000US36081059501,75250.0,1635.0,1205.0,19.0,98.0,313.0,1635.0,292.0,081,Queens,0.7370030581039755,0.011620795107033639,0.19143730886850152,0.0599388379204893,0.2629969418960245,0.17859327217125381,0.0,Q3,Q1 least POC
36081084901,203934,1400000US36081084901,60583.0,2816.0,38.0,0.0,2303.0,328.0,2816.0,531.0,081,Queens,0.013494318181818182,0.0,0.11647727272727272,0.8178267045454546,0.9865056818181818,0.1885653409090909,0.0,Q2,Q5 most POC
36081048302,134146,1400000US36081048302,86250.0,2424.0,108.0,0.0,1040.0,1270.0,2424.0,228.0,081,Queens,0.04455445544554455,0.0,0.5239273927392739,0.429042904290429,0.9554455445544554,0.09405940594059406,937.8716560169985,Q3,Q4
36081066403,350347,1400000US36081066403,102297.0,6062.0,335.0,5439.0,23.0,116.0,6035.0,1132.0,081,Queens,0.055262289673375126,0.8972286374133949,0.019135598812273176,0.003794127350709337,0.9447377103266249,0.18757249378624688,0.0,Q4,Q4
36081089201,1775763,1400000US36081089201,157845.0,8806.0,7373.0,0.0,156.0,1061.0,8806.0,302.0,081,Queens,0.8372700431523961,0.0,0.12048603225073813,0.01771519418578242,0.16272995684760394,0.03429479900068135,1880.793880147532,Q5 highest,Q1 least POC
36081053902,165527,1400000US36081053902,,136.0,136.0,0.0,0.0,0.0,136.0,0.0,081,Queens,1.0,0.0,0.0,0.0,0.0,0.0,0.0,,Q1 least POC
36047061003,80173,1400000US36047061003,49010.0,1744.0,532.0,90.0,424.0,698.0,1744.0,611.0,047,Brooklyn,0.30504587155963303,0.051605504587155966,0.40022935779816515,0.24311926605504589,0.694954128440367,0.35034403669724773,0.0,Q1 lowest,Q3
36047061004,224494,1400000US36047061004,38137.0,5636.0,4204.0,0.0,551.0,474.0,5636.0,840.0,047,Brooklyn,0.7459190915542938,0.0,0.08410220014194464,0.09776437189496097,0.2540809084457062,0.149041873669269,0.0,Q1 lowest,Q1 least POC
36047069601,456923,1400000US36047069601,91745.0,3430.0,1090.0,1932.0,58.0,308.0,3430.0,172.0,047,Brooklyn,0.3177842565597668,0.563265306122449,0.08979591836734693,0.016909620991253645,0.6822157434402332,0.05014577259475218,0.0,Q4,Q3
36047069602,688168,1400000US36047069602,90917.0,5220.0,3245.0,1141.0,415.0,266.0,5219.0,517.0,047,Brooklyn,0.6216475095785441,0.2185823754789272,0.050957854406130265,0.07950191570881227,0.3783524904214559,0.09906112282046368,0.0,Q4,Q1 least POC
36047079801,129680,1400000US36047079801,77214.0,3238.0,1167.0,1393.0,220.0,142.0,3238.0,165.0,047,Brooklyn,0.36040765904879557,0.4302038295243978,0.043854231006794316,0.06794317479925881,0.6395923409512044,0.0509573810994441,0.0,Q3,Q3
36047079802,106366,1400000US36047079802,92757.0,4962.0,1253.0,2389.0,357.0,646.0,4962.0,851.0,047,Brooklyn,0.2525191455058444,0.4814590890769851,0.1301894397420395,0.07194679564691657,0.7474808544941556,0.17150342603788796,6.045342360055363,Q4,Q3
36047105801,418443,1400000US36047105801,23657.0,6024.0,1419.0,3310.0,134.0,795.0,6004.0,1959.0,047,Brooklyn,0.2355577689243028,0.549468791500664,0.13197211155378485,0.022244355909694556,0.7644422310756972,0.32628247834776813,0.0,Q1 lowest,Q3
36047079202,107940,1400000US36047079202,75370.0,2351.0,176.0,1553.0,115.0,383.0,2351.0,648.0,047,Brooklyn,0.07486176095278604,0.660569970225436,0.16290940025521056,0.04891535516801361,0.9251382390472139,0.27562739259889407,0.0,Q3,Q4
36047079001,60467,1400000US36047079001,106667.0,1881.0,120.0,1602.0,48.0,35.0,1881.0,101.0,047,Brooklyn,0.06379585326953748,0.8516746411483254,0.018607123870281767,0.025518341307814992,0.9362041467304625,0.05369484316852738,0.0,Q4,Q4
36047079002,122521,1400000US36047079002,58859.0,2793.0,65.0,2267.0,169.0,59.0,2791.0,267.0,047,Brooklyn,0.02327246688148944,0.811672037235947,0.021124239169351952,0.06050841389187254,0.9767275331185106,0.09566463633106413,0.0,Q2,Q5 most POC
36047003101,149882,1400000US36047003101,173466.0,3598.0,1621.0,695.0,841.0,309.0,2785.0,209.0,047,Brooklyn,0.45052807115063925,0.19316286826014453,0.0858810450250139,0.23374096720400223,0.5494719288493608,0.07504488330341114,1341.231132197469,Q5 highest,Q2
36047078801,93155,1400000US36047078801,56314.0,2125.0,67.0,1575.0,0.0,194.0,2060.0,194.0,047,Brooklyn,0.03152941176470588,0.7411764705882353,0.09129411764705882,0.0,0.9684705882352941,0.0941747572815534,0.0,Q2,Q4
36047078601,87141,1400000US36047078601,73322.0,2543.0,144.0,1514.0,538.0,308.0,2543.0,381.0,047,Brooklyn,0.05662603224537947,0.5953598112465592,0.12111679119150609,0.2115611482500983,0.9433739677546206,0.14982304364923318,0.0,Q3,Q4
36047078602,83930,1400000US36047078602,70060.0,2232.0,135.0,1659.0,115.0,216.0,2218.0,469.0,047,Brooklyn,0.06048387096774194,0.7432795698924731,0.0967741935483871,0.05152329749103943,0.939516129032258,0.21145175834084762,0.0,Q2,Q4
36047014102,89630,1400000US36047014102,127768.0,1805.0,863.0,10.0,251.0,574.0,1805.0,69.0,047,Brooklyn,0.4781163434903047,0.00554016620498615,0.31800554016620497,0.13905817174515236,0.5218836565096954,0.03822714681440443,534.250457958987,Q5 highest,Q2
36047014101,75853,1400000US36047014101,142750.0,1178.0,634.0,48.0,222.0,147.0,1177.0,141.0,047,Brooklyn,0.5382003395585738,0.04074702886247878,0.12478777589134125,0.18845500848896435,0.4617996604414262,0.11979609175870858,519.905950401602,Q5 highest,Q2
36047014901,74973,1400000US36047014901,143859.0,1644.0,1148.0,41.0,94.0,253.0,1644.0,110.0,047,Brooklyn,0.6982968369829684,0.024939172749391728,0.15389294403892945,0.057177615571776155,0.3017031630170316,0.06690997566909976,0.0,Q5 highest,Q1 least POC
36047014902,174858,1400000US36047014902,142625.0,4275.0,2842.0,10.0,433.0,850.0,4271.0,334.0,047,Brooklyn,0.6647953216374269,0.0023391812865497076,0.19883040935672514,0.10128654970760234,0.33520467836257306,0.07820182627019433,0.0,Q5 highest,Q1 least POC
36047059403,206719,1400000US36047059403,79148.0,3066.0,1366.0,63.0,1481.0,68.0,3066.0,381.0,047,Brooklyn,0.4455316373124592,0.02054794520547945,0.02217873450750163,0.48303979125896934,0.5544683626875408,0.12426614481409001,0.0,Q3,Q2
36047059404,213899,1400000US36047059404,76179.0,4487.0,2310.0,25.0,1758.0,332.0,4471.0,404.0,047,Brooklyn,0.514820592823713,0.005571651437486071,0.07399153108981502,0.3917985290840205,0.48517940717628705,0.09036009841198837,0.0,Q3,Q2
36047102801,153894,1400000US36047102801,72121.0,1250.0,23.0,915.0,200.0,48.0,1243.0,119.0,047,Brooklyn,0.0184,0.732,0.0384,0.16,0.9816,0.09573612228479485,0.0,Q3,Q5 most POC
36047078802,63958,1400000US36047078802,61635.0,1794.0,19.0,1568.0,21.0,127.0,1774.0,339.0,047,Brooklyn,0.010590858416945374,0.8740245261984393,0.07079152731326645,0.011705685618729096,0.9894091415830546,0.19109357384441938,0.0,Q2,Q5 most POC
36047005301,575471,1400000US36047005301,166302.0,2352.0,1433.0,313.0,87.0,407.0,2344.0,197.0,047,Brooklyn,0.6092687074829932,0.133078231292517,0.17304421768707484,0.036989795918367346,0.3907312925170068,0.0840443686006826,0.0,Q5 highest,Q2
36047005302,779108,1400000US36047005302,129659.0,93.0,43.0,0.0,4.0,46.0,93.0,4.0,047,Brooklyn,0.46236559139784944,0.0,0.4946236559139785,0.043010752688172046,0.5376344086021505,0.043010752688172046,0.0,Q5 highest,Q2
36047009402,75543,1400000US36047009402,71375.0,3077.0,600.0,66.0,1967.0,295.0,3076.0,546.0,047,Brooklyn,0.19499512512187195,0.021449463763405913,0.09587260318492037,0.6392590185245369,0.805004874878128,0.1775032509752926,0.0,Q3,Q3
36047009202,56624,1400000US36047009202,52775.0,3572.0,366.0,139.0,949.0,2046.0,3572.0,755.0,047,Brooklyn,0.10246360582306831,0.03891377379619261,0.5727883538633819,0.2656774916013438,0.8975363941769317,0.21136618141097424,0.0,Q2,Q4
36047009201,56593,1400000US36047009201,76688.0,2030.0,219.0,33.0,1413.0,265.0,2017.0,485.0,047,Brooklyn,0.10788177339901478,0.01625615763546798,0.13054187192118227,0.6960591133004926,0.8921182266009853,0.2404561229548835,0.0,Q3,Q4
36047009002,73946,1400000US36047009002,49565.0,1405.0,98.0,0.0,463.0,844.0,1393.0,196.0,047,Brooklyn,0.06975088967971531,0.0,0.600711743772242,0.3295373665480427,0.9302491103202847,0.1407035175879397,0.0,Q1 lowest,Q4
36047079201,108751,1400000US36047079201,76776.0,1376.0,88.0,1000.0,0.0,173.0,1376.0,301.0,047,Brooklyn,0.06395348837209303,0.7267441860465116,0.1257267441860465,0.0,0.936046511627907,0.21875,0.0,Q3,Q4
36047001501,165240,1400000US36047001501,94323.0,5056.0,1331.0,1547.0,963.0,943.0,5056.0,806.0,047,Brooklyn,0.263251582278481,0.3059731012658228,0.18651107594936708,0.19046677215189872,0.736748417721519,0.1594145569620253,1018.7039538084063,Q4,Q3
36047044901,386035,1400000US36047044901,55156.0,3041.0,486.0,1634.0,83.0,760.0,3041.0,1010.0,047,Brooklyn,0.15981585004932589,0.5373232489312726,0.2499177902005919,0.027293653403485694,0.8401841499506741,0.33212758960868133,611.6814392525794,Q2,Q3
36047049301,67820,1400000US36047049301,24153.0,2377.0,0.0,634.0,0.0,1725.0,2377.0,900.0,047,Brooklyn,0.0,0.26672275978123683,0.7257046697517879,0.0,1.0,0.37862852334875896,0.0,Q1 lowest,Q5 most POC
36047049302,160188,1400000US36047049302,51860.0,5036.0,1063.0,309.0,296.0,3023.0,5036.0,1613.0,047,Brooklyn,0.21108022239872914,0.0613582208101668,0.6002779984114377,0.05877680698967434,0.7889197776012709,0.32029388403494835,0.0,Q1 lowest,Q3
36047035301,69917,1400000US36047035301,39688.0,2860.0,229.0,1926.0,14.0,571.0,2860.0,981.0,047,Brooklyn,0.08006993006993007,0.6734265734265734,0.19965034965034964,0.0048951048951048955,0.9199300699300699,0.343006993006993,0.0,Q1 lowest,Q4
36047035302,93185,1400000US36047035302,94663.0,3304.0,677.0,1576.0,0.0,966.0,3296.0,345.0,047,Brooklyn,0.20490314769975787,0.47699757869249393,0.2923728813559322,0.0,0.7950968523002422,0.10467233009708737,0.0,Q4,Q3
36047035101,69889,1400000US36047035101,42429.0,1885.0,68.0,1232.0,58.0,479.0,1885.0,497.0,047,Brooklyn,0.03607427055702918,0.6535809018567639,0.25411140583554376,0.03076923076923077,0.9639257294429708,0.2636604774535809,0.0,Q1 lowest,Q4
36047035102,93117,1400000US36047035102,41250.0,3179.0,1004.0,1425.0,44.0,706.0,3179.0,1255.0,047,Brooklyn,0.31582258571877947,0.44825416797735135,0.22208241585404215,0.01384083044982699,0.6841774142812205,0.39477823214847435,0.0,Q1 lowest,Q3
36047034901,69957,1400000US36047034901,50150.0,1996.0,166.0,1329.0,66.0,291.0,1996.0,109.0,047,Brooklyn,0.08316633266533066,0.6658316633266533,0.14579158316633267,0.033066132264529056,0.9168336673346693,0.05460921843687375,0.0,Q1 lowest,Q4
36047034902,93256,1400000US36047034902,47444.0,4013.0,413.0,3031.0,20.0,480.0,3989.0,835.0,047,Brooklyn,0.10291552454522801,0.7552952903065039,0.1196112633939696,0.0049838026414154,0.897084475454772,0.20932564552519428,0.0,Q1 lowest,Q4
36047056302,190772,1400000US36047056302,76908.0,1791.0,951.0,157.0,81.0,578.0,1791.0,184.0,047,Brooklyn,0.5309882747068677,0.0876605248464545,0.32272473478503627,0.04522613065326633,0.4690117252931323,0.1027359017308766,525.4757641258348,Q3,Q2
36047056301,179514,1400000US36047056301,139760.0,4454.0,2673.0,77.0,393.0,1150.0,4450.0,500.0,047,Brooklyn,0.6001347103726987,0.01728783116299955,0.25819488100583743,0.08823529411764706,0.3998652896273013,0.11235955056179775,1034.9676781368948,Q5 highest,Q2
36047120802,117296,1400000US36047120802,33190.0,4534.0,0.0,4145.0,0.0,364.0,4534.0,1581.0,047,Brooklyn,0.0,0.9142037935597707,0.08028231142479048,0.0,1.0,0.34869872077635644,0.0,Q1 lowest,Q5 most POC
36047103401,176086,1400000US36047103401,17824.0,4081.0,93.0,2958.0,0.0,891.0,4081.0,1807.0,047,Brooklyn,0.02278853222249449,0.7248223474638569,0.2183288409703504,0.0,0.9772114677775056,0.44278363146287675,294.7718428683735,Q1 lowest,Q5 most POC
36047031401,450195,1400000US36047031401,81643.0,5223.0,2778.0,21.0,1336.0,1012.0,5219.0,300.0,047,Brooklyn,0.5318782309017805,0.00402067777139575,0.19375837641202373,0.2557916905992724,0.46812176909821945,0.057482276298141406,1765.8201846901736,Q3,Q2
36047050001,140050,1400000US36047050001,113780.0,2150.0,1329.0,223.0,292.0,174.0,2150.0,125.0,047,Brooklyn,0.618139534883721,0.10372093023255814,0.08093023255813954,0.13581395348837208,0.381860465116279,0.05813953488372093,1532.6461644815565,Q5 highest,Q1 least POC
36047001801,464952,1400000US36047001801,,1666.0,341.0,632.0,44.0,591.0,0.0,0.0,047,Brooklyn,0.20468187274909963,0.3793517406962785,0.3547418967587035,0.026410564225690276,0.7953181272509003,,116.2804155856454,,Q3
36047010601,75434,1400000US36047010601,43625.0,2330.0,0.0,24.0,1768.0,249.0,2330.0,852.0,047,Brooklyn,0.0,0.010300429184549357,0.10686695278969957,0.7587982832618025,1.0,0.36566523605150214,0.0,Q1 lowest,Q5 most POC
36047053102,82944,1400000US36047053102,66487.0,5991.0,5657.0,0.0,104.0,35.0,5991.0,2490.0,047,Brooklyn,0.9442497078951761,0.0,0.005842096478050409,0.017359372391921216,0.05575029210482385,0.4156234351527291,0.0,Q2,Q1 least POC
36047050402,84339,1400000US36047050402,136825.0,1873.0,1280.0,438.0,11.0,113.0,1873.0,188.0,047,Brooklyn,0.6833956219967966,0.23384943940202882,0.0603310197544047,0.0058729311265349705,0.3166043780032034,0.1003737319807795,118.79393290422978,Q5 highest,Q1 least POC
36047009001,74547,1400000US36047009001,44026.0,1319.0,163.0,0.0,139.0,1017.0,1182.0,158.0,047,Brooklyn,0.12357846853677028,0.0,0.7710386656557998,0.10538286580742987,0.8764215314632298,0.13367174280879865,0.0,Q1 lowest,Q4
36047001502,142146,1400000US36047001502,130471.0,5330.0,1939.0,694.0,1681.0,692.0,5298.0,1060.0,047,Brooklyn,0.36378986866791746,0.1302063789868668,0.12983114446529082,0.3153846153846154,0.6362101313320825,0.20007550018875048,0.0,Q5 highest,Q2
36047011901,448425,1400000US36047011901,134167.0,1431.0,829.0,65.0,179.0,321.0,1417.0,143.0,047,Brooklyn,0.5793151642208246,0.045422781271837874,0.22431865828092243,0.12508735150244585,0.42068483577917537,0.10091743119266056,3276.5439836369933,Q5 highest,Q2
36047001803,614381,1400000US36047001803,,3.0,3.0,0.0,0.0,0.0,3.0,3.0,047,Brooklyn,1.0,0.0,0.0,0.0,0.0,1.0,733.4769787273823,,Q1 least POC
36047107001,1207191,1400000US36047107001,60919.0,4029.0,79.0,3003.0,0.0,612.0,4027.0,596.0,047,Brooklyn,0.0196078431372549,0.7453462397617274,0.1518987341772152,0.0,0.9803921568627451,0.148000993295257,1155.55449561899,Q2,Q5 most POC
36047050401,144970,1400000US36047050401,139947.0,2988.0,1633.0,347.0,474.0,307.0,2988.0,287.0,047,Brooklyn,0.5465194109772423,0.11613119143239625,0.10274431057563588,0.15863453815261044,0.4534805890227577,0.09605087014725569,1198.949887051936,Q5 highest,Q2
36047010401,76142,1400000US36047010401,54250.0,2101.0,128.0,26.0,1670.0,277.0,2066.0,561.0,047,Brooklyn,0.06092336982389338,0.012375059495478343,0.13184198000951927,0.794859590671109,0.9390766301761067,0.27153920619554694,0.0,Q2,Q4
36047009401,75483,1400000US36047009401,47104.0,2215.0,157.0,0.0,1480.0,571.0,2156.0,900.0,047,Brooklyn,0.0708803611738149,0.0,0.25778781038374715,0.6681715575620768,0.9291196388261851,0.4174397031539889,0.0,Q1 lowest,Q4
36047120803,155241,1400000US36047120803,72451.0,1951.0,209.0,1249.0,25.0,457.0,1763.0,160.0,047,Brooklyn,0.1071245515120451,0.6401845207585853,0.23423885187083546,0.012813941568426449,0.8928754484879549,0.09075439591605218,0.0,Q3,Q4
36047057901,245831,1400000US36047057901,140781.0,1277.0,582.0,220.0,160.0,284.0,1271.0,306.0,047,Brooklyn,0.4557556773688332,0.17227877838684416,0.22239624119028975,0.12529365700861395,0.5442443226311668,0.24075531077891424,4632.756564511522,Q5 highest,Q2
36047050002,62177,1400000US36047050002,117708.0,1886.0,1016.0,234.0,128.0,277.0,1886.0,32.0,047,Brooklyn,0.5387062566277837,0.12407211028632026,0.14687168610816542,0.06786850477200425,0.4612937433722163,0.016967126193001062,0.0,Q5 highest,Q2
36047035701,69809,1400000US36047035701,45296.0,2550.0,59.0,1895.0,0.0,378.0,2550.0,787.0,047,Brooklyn,0.023137254901960783,0.7431372549019608,0.14823529411764705,0.0,0.9768627450980392,0.3086274509803922,0.0,Q1 lowest,Q5 most POC
36047010402,76170,1400000US36047010402,31645.0,2131.0,251.0,25.0,1736.0,100.0,2109.0,1038.0,047,Brooklyn,0.11778507742843736,0.011731581417175035,0.04692632566870014,0.8146410136086344,0.8822149225715626,0.492176386913229,0.0,Q1 lowest,Q4
36047010801,75490,1400000US36047010801,68900.0,1915.0,204.0,0.0,1361.0,344.0,1915.0,427.0,047,Brooklyn,0.10652741514360313,0.0,0.1796344647519582,0.7107049608355092,0.8934725848563969,0.22297650130548302,0.0,Q2,Q4
36047010602,75498,1400000US36047010602,63232.0,2253.0,127.0,0.0,2080.0,0.0,2253.0,460.0,047,Brooklyn,0.056369285397248114,0.0,0.0,0.9232134931202841,0.9436307146027518,0.2041722148246782,0.0,Q2,Q4
36047010802,75489,1400000US36047010802,59145.0,2446.0,134.0,22.0,1997.0,242.0,2446.0,804.0,047,Brooklyn,0.05478331970564186,0.008994276369582993,0.09893704006541292,0.8164349959116926,0.9452166802943581,0.3286999182338512,0.0,Q2,Q4
36047058901,201626,1400000US36047058901,100938.0,1772.0,1591.0,0.0,18.0,85.0,1772.0,101.0,047,Brooklyn,0.8978555304740407,0.0,0.04796839729119639,0.010158013544018058,0.10214446952595935,0.05699774266365688,0.791130111664032,Q4,Q1 least POC
36047120801,202188,1400000US36047120801,57313.0,5308.0,74.0,3579.0,771.0,646.0,5263.0,1028.0,047,Brooklyn,0.013941220798794273,0.6742652599849284,0.12170308967596082,0.14525244913338356,0.9860587792012058,0.19532585977579328,0.0,Q2,Q5 most POC
36047053101,78833,1400000US36047053101,19392.0,2137.0,2007.0,118.0,0.0,12.0,2137.0,1249.0,047,Brooklyn,0.939167056621432,0.055217594759007955,0.005615348619560131,0.0,0.06083294337856804,0.5844642021525503,0.0,Q1 lowest,Q1 least POC
36005022703,38660,1400000US36005022703,75489.0,2050.0,83.0,401.0,28.0,1538.0,2050.0,697.0,005,Bronx,0.04048780487804878,0.19560975609756098,0.7502439024390244,0.013658536585365854,0.9595121951219512,0.34,0.0,Q3,Q4
36005022901,121893,1400000US36005022901,50023.0,5466.0,117.0,1982.0,25.0,3101.0,5452.0,1724.0,005,Bronx,0.021405049396267837,0.3626051957555799,0.5673252835711672,0.004573728503476033,0.9785949506037321,0.3162142333088775,0.0,Q1 lowest,Q5 most POC
36005023000,159383,1400000US36005023000,55625.0,2773.0,536.0,461.0,164.0,1558.0,2773.0,795.0,005,Bronx,0.19329246303642264,0.16624594302199783,0.561846375766318,0.05914172376487559,0.8067075369635773,0.286693112152903,767.1265699456408,Q2,Q3
36005023200,142706,1400000US36005023200,55288.0,2378.0,686.0,184.0,302.0,1104.0,2378.0,612.0,005,Bronx,0.28847771236333053,0.07737594617325484,0.464255677039529,0.12699747687132043,0.7115222876366695,0.25735912531539107,631.4794262207321,Q2,Q3
36005023302,62577,1400000US36005023302,52092.0,3746.0,28.0,655.0,35.0,2772.0,3746.0,1024.0,005,Bronx,0.007474639615589963,0.17485317672183662,0.7399893219434063,0.009343299519487454,0.9925253603844101,0.2733582487987186,664.9516171668245,Q1 lowest,Q5 most POC
36005023502,96240,1400000US36005023502,49286.0,4455.0,23.0,1085.0,0.0,3296.0,4455.0,1016.0,005,Bronx,0.0051627384960718295,0.24354657687991021,0.7398428731762066,0.0,0.9948372615039281,0.22805836139169472,2635.8025319376034,Q1 lowest,Q5 most POC
36005023600,92070,1400000US36005023600,73152.0,1714.0,281.0,224.0,77.0,1113.0,1706.0,178.0,005,Bronx,0.16394399066511084,0.1306884480746791,0.6493582263710619,0.044924154025670945,0.8360560093348892,0.10433763188745604,0.0,Q3,Q3
36005023900,178487,1400000US36005023900,46927.0,9197.0,58.0,2272.0,0.0,6796.0,9115.0,2677.0,005,Bronx,0.006306404262259433,0.24703707730781777,0.7389366097640535,0.0,0.9936935957377405,0.2936917169500823,0.0,Q1 lowest,Q5 most POC
36005024000,239779,1400000US36005024000,76250.0,4575.0,872.0,1242.0,65.0,2192.0,4515.0,841.0,005,Bronx,0.19060109289617486,0.27147540983606555,0.4791256830601093,0.014207650273224045,0.8093989071038251,0.18626799557032114,0.0,Q3,Q3
36005024300,150432,1400000US36005024300,29747.0,5062.0,95.0,950.0,0.0,3923.0,5061.0,1542.0,005,Bronx,0.01876728565784275,0.1876728565784275,0.7749901224812327,0.0,0.9812327143421572,0.30468286899822167,1241.8167004609625,Q1 lowest,Q5 most POC
36005024600,152436,1400000US36005024600,86932.0,2041.0,630.0,129.0,243.0,907.0,2037.0,287.0,005,Bronx,0.308672219500245,0.06320431161195493,0.44439000489955904,0.1190592846643802,0.6913277804997551,0.140893470790378,498.73224627441857,Q3,Q3
36005024700,151474,1400000US36005024700,50993.0,1929.0,26.0,890.0,132.0,870.0,1929.0,382.0,005,Bronx,0.01347848626231208,0.46137895282529806,0.4510108864696734,0.06842923794712286,0.9865215137376879,0.1980300673924313,0.0,Q1 lowest,Q5 most POC
36005024800,277911,1400000US36005024800,64961.0,3242.0,1353.0,276.0,261.0,1298.0,2959.0,307.0,005,Bronx,0.4173349784083899,0.0851326341764343,0.40037014188772363,0.08050586057988895,0.58266502159161,0.10375126732004056,0.0,Q2,Q2
36005025000,181711,1400000US36005025000,98700.0,2532.0,1167.0,3.0,380.0,929.0,2531.0,182.0,005,Bronx,0.4609004739336493,0.001184834123222749,0.3669036334913112,0.1500789889415482,0.5390995260663507,0.07190833662583959,0.0,Q4,Q2
36005025300,124459,1400000US36005025300,49906.0,6014.0,34.0,641.0,132.0,4982.0,5995.0,1272.0,005,Bronx,0.005653475224476222,0.10658463584968407,0.8284003990688393,0.02194878616561357,0.9943465247755238,0.2121768140116764,0.0,Q1 lowest,Q5 most POC
36005025400,169924,1400000US36005025400,78500.0,2002.0,1037.0,37.0,156.0,715.0,2002.0,310.0,005,Bronx,0.5179820179820179,0.01848151848151848,0.35714285714285715,0.07792207792207792,0.48201798201798207,0.15484515484515485,0.0,Q3,Q2
36005025500,168636,1400000US36005025500,39231.0,7275.0,53.0,606.0,50.0,6416.0,7255.0,2074.0,005,Bronx,0.007285223367697594,0.08329896907216496,0.8819243986254296,0.006872852233676976,0.9927147766323025,0.28587181254307376,0.0,Q1 lowest,Q5 most POC
36005025600,189283,1400000US36005025600,51053.0,1541.0,402.0,82.0,65.0,977.0,1484.0,135.0,005,Bronx,0.2608695652173913,0.053212199870214145,0.6340038935756003,0.04218040233614536,0.7391304347826086,0.09097035040431267,551.9202617764345,Q1 lowest,Q3
36005025700,158501,1400000US36005025700,57241.0,1725.0,61.0,246.0,0.0,1393.0,1725.0,351.0,005,Bronx,0.03536231884057971,0.1426086956521739,0.807536231884058,0.0,0.9646376811594203,0.20347826086956522,0.0,Q2,Q4
36005026100,176999,1400000US36005026100,61552.0,1996.0,138.0,1090.0,111.0,607.0,1935.0,282.0,005,Bronx,0.06913827655310621,0.5460921843687375,0.30410821643286573,0.05561122244488978,0.9308617234468938,0.14573643410852713,0.0,Q2,Q4
36005026400,426510,1400000US36005026400,70463.0,6076.0,1676.0,498.0,462.0,3379.0,5973.0,760.0,005,Bronx,0.27583936800526665,0.08196181698485847,0.5561224489795918,0.07603686635944701,0.7241606319947334,0.1272392432613427,0.0,Q2,Q3
36005026500,202137,1400000US36005026500,57900.0,7240.0,66.0,408.0,353.0,6363.0,7027.0,1459.0,005,Bronx,0.009116022099447514,0.056353591160221,0.8788674033149171,0.04875690607734807,0.9908839779005525,0.20762772164508325,0.0,Q2,Q5 most POC
36005026601,170250,1400000US36005026601,47778.0,2943.0,989.0,82.0,54.0,1793.0,2943.0,780.0,005,Bronx,0.3360516479782535,0.027862725110431533,0.6092422697927286,0.01834862385321101,0.6639483520217465,0.2650356778797146,0.0,Q1 lowest,Q3
36005026602,303397,1400000US36005026602,46069.0,5273.0,1632.0,720.0,266.0,2655.0,5273.0,1073.0,005,Bronx,0.30950123269486063,0.13654466148302674,0.5035084392186611,0.050445666603451546,0.6904987673051394,0.20348947468234402,0.0,Q1 lowest,Q3
36005026900,382001,1400000US36005026900,27374.0,3964.0,68.0,582.0,24.0,3269.0,3906.0,1195.0,005,Bronx,0.017154389505549948,0.14682139253279516,0.8246720484359233,0.006054490413723511,0.9828456104944501,0.3059395801331285,0.0,Q1 lowest,Q5 most POC
36005027300,203161,1400000US36005027300,54396.0,7410.0,585.0,1482.0,53.0,5219.0,7202.0,1777.0,005,Bronx,0.07894736842105263,0.2,0.7043184885290148,0.007152496626180837,0.9210526315789473,0.24673701749514024,0.0,Q2,Q4
36005027600,1837996,1400000US36005027600,,57.0,15.0,36.0,0.0,6.0,57.0,15.0,005,Bronx,0.2631578947368421,0.631578947368421,0.10526315789473684,0.0,0.736842105263158,0.2631578947368421,0.0,,Q3
36005027700,176019,1400000US36005027700,29939.0,4091.0,353.0,410.0,12.0,3264.0,4091.0,1321.0,005,Bronx,0.08628697140063554,0.10021999511121975,0.7978489366902958,0.0029332681495966755,0.9137130285993644,0.3229039354681007,0.0,Q1 lowest,Q4
36005027900,276331,1400000US36005027900,57129.0,7635.0,1161.0,1412.0,139.0,4617.0,7308.0,1189.0,005,Bronx,0.15206286836935168,0.18493778650949574,0.6047151277013753,0.018205631958087755,0.8479371316306483,0.1626984126984127,0.0,Q2,Q3
36005028300,227442,1400000US36005028300,,2932.0,98.0,307.0,0.0,2421.0,2931.0,1656.0,005,Bronx,0.03342428376534789,0.10470668485675307,0.8257162346521146,0.0,0.9665757162346521,0.5649948822927329,0.0,,Q4
36005028400,1124691,1400000US36005028400,,517.0,174.0,166.0,32.0,145.0,184.0,119.0,005,Bronx,0.3365570599613153,0.32108317214700194,0.2804642166344294,0.061895551257253385,0.6634429400386848,0.6467391304347826,0.0,,Q3
36005028500,263658,1400000US36005028500,70543.0,3619.0,1271.0,197.0,403.0,1690.0,3595.0,393.0,005,Bronx,0.35120198949986187,0.054434926775352305,0.46697982868195637,0.11135672837800498,0.6487980105001381,0.10931849791376913,0.0,Q2,Q3
36005028900,201144,1400000US36005028900,53138.0,4865.0,634.0,320.0,154.0,3698.0,4710.0,1405.0,005,Bronx,0.1303186022610483,0.065775950668037,0.7601233299075025,0.031654676258992806,0.8696813977389517,0.29830148619957536,0.0,Q2,Q4
36005029500,236468,1400000US36005029500,95435.0,4609.0,1812.0,508.0,569.0,1487.0,4609.0,726.0,005,Bronx,0.3931438489911044,0.11021913647211977,0.3226296376654372,0.1234541115209373,0.6068561510088957,0.1575178997613365,0.0,Q4,Q2
36005029600,723313,1400000US36005029600,55486.0,2171.0,677.0,148.0,289.0,940.0,1911.0,213.0,005,Bronx,0.31183786273606634,0.06817134960847536,0.4329801934592354,0.13311837862736067,0.6881621372639337,0.11145996860282574,219.42580242429028,Q2,Q3
36005030000,415698,1400000US36005030000,90307.0,6702.0,1879.0,506.0,852.0,3401.0,6610.0,1010.0,005,Bronx,0.2803640704267383,0.07549985079080872,0.5074604595643092,0.12712623097582812,0.7196359295732617,0.15279878971255673,0.0,Q4,Q3
36005030100,146000,1400000US36005030100,81351.0,1567.0,915.0,132.0,45.0,379.0,1230.0,77.0,005,Bronx,0.583918315252074,0.08423739629865985,0.24186343331206125,0.02871729419272495,0.41608168474792595,0.06260162601626017,0.0,Q3,Q2
36005030701,396734,1400000US36005030701,134700.0,5586.0,3374.0,613.0,172.0,1194.0,5586.0,127.0,005,Bronx,0.6040100250626567,0.10973863229502327,0.21374865735767992,0.03079126387397064,0.39598997493734334,0.022735409953455066,0.0,Q5 highest,Q2
36005031000,639444,1400000US36005031000,121617.0,4572.0,1476.0,612.0,948.0,1506.0,3727.0,196.0,005,Bronx,0.3228346456692913,0.13385826771653545,0.3293963254593176,0.2073490813648294,0.6771653543307087,0.05258921384491548,0.0,Q5 highest,Q3
36005031800,178366,1400000US36005031800,91625.0,1924.0,586.0,442.0,232.0,644.0,1774.0,197.0,005,Bronx,0.30457380457380456,0.22972972972972974,0.33471933471933474,0.12058212058212059,0.6954261954261954,0.11104847801578353,0.0,Q4,Q3
36005031900,213170,1400000US36005031900,,773.0,419.0,115.0,54.0,167.0,99.0,99.0,005,Bronx,0.5420439844760673,0.14877102199223805,0.21604139715394566,0.06985769728331177,0.4579560155239327,1.0,0.0,,Q2
36005032300,561181,1400000US36005032300,96678.0,4583.0,2811.0,345.0,172.0,1168.0,4510.0,260.0,005,Bronx,0.6133536984507965,0.07527820205105826,0.25485489853807547,0.03753000218197687,0.38664630154920354,0.057649667405764965,0.0,Q4,Q1 least POC
36005032400,267455,1400000US36005032400,40239.0,3091.0,228.0,456.0,520.0,1554.0,3052.0,896.0,005,Bronx,0.07376253639598836,0.1475250727919767,0.5027499191200259,0.16823034616628924,0.9262374636040116,0.29357798165137616,0.0,Q1 lowest,Q4
36005033400,3067606,1400000US36005033400,,38.0,1.0,35.0,0.0,2.0,38.0,3.0,005,Bronx,0.02631578947368421,0.9210526315789473,0.05263157894736842,0.0,0.9736842105263158,0.07894736842105263,5132.844486891786,,Q5 most POC
36005034000,158344,1400000US36005034000,64727.0,5580.0,236.0,2150.0,217.0,2794.0,5499.0,853.0,005,Bronx,0.04229390681003584,0.38530465949820786,0.5007168458781363,0.03888888888888889,0.9577060931899641,0.15511911256592106,0.0,Q2,Q4
36005034200,156821,1400000US36005034200,67809.0,1639.0,89.0,920.0,54.0,559.0,1638.0,205.0,005,Bronx,0.05430140329469189,0.5613178767541184,0.3410616229408176,0.03294691885295912,0.9456985967053081,0.12515262515262515,0.0,Q2,Q4
36005034300,121495,1400000US36005034300,87950.0,1800.0,549.0,121.0,83.0,925.0,1628.0,40.0,005,Bronx,0.305,0.06722222222222222,0.5138888888888888,0.04611111111111111,0.6950000000000001,0.02457002457002457,772.9004478364377,Q3,Q3
36005034400,157012,1400000US36005034400,73438.0,1993.0,161.0,1093.0,89.0,615.0,1983.0,590.0,005,Bronx,0.08078273958855996,0.5484194681384847,0.3085800301053688,0.044656297039638734,0.91921726041144,0.297528996469995,0.0,Q3,Q4
36005037800,131851,1400000US36005037800,43333.0,2882.0,113.0,1460.0,0.0,1309.0,2850.0,563.0,005,Bronx,0.0392088827203331,0.5065926439972241,0.4541984732824427,0.0,0.9607911172796669,0.1975438596491228,670.7406965032988,Q1 lowest,Q4
36005037900,191331,1400000US36005037900,35431.0,6374.0,66.0,3033.0,0.0,3214.0,6302.0,2581.0,005,Bronx,0.010354565422026984,0.4758393473486037,0.5042359585817383,0.0,0.989645434577973,0.4095525230085687,759.9656973121733,Q1 lowest,Q5 most POC
36005038000,213585,1400000US36005038000,41942.0,4327.0,150.0,2538.0,47.0,1410.0,4310.0,1721.0,005,Bronx,0.03466605038132656,0.5865495724520453,0.32586087358446963,0.01086202911948232,0.9653339496186735,0.3993039443155452,1274.5930877927929,Q1 lowest,Q4
36005038100,151508,1400000US36005038100,36722.0,7644.0,49.0,1850.0,37.0,5632.0,7633.0,2895.0,005,Bronx,0.00641025641025641,0.24201988487702775,0.7367870225013082,0.004840397697540555,0.9935897435897436,0.37927420411371676,227.34588014199204,Q1 lowest,Q5 most POC
36005038500,188946,1400000US36005038500,24605.0,5401.0,36.0,1630.0,10.0,3702.0,5366.0,3191.0,005,Bronx,0.0066654323273467875,0.301795963710424,0.685428624328828,0.0018515089798185522,0.9933345676726533,0.594670145359672,2874.592470133815,Q1 lowest,Q5 most POC
36005038600,409291,1400000US36005038600,62340.0,8233.0,32.0,5890.0,88.0,1999.0,8233.0,1813.0,005,Bronx,0.00388679703631726,0.7154135794971457,0.24280335236244383,0.010688691849872464,0.9961132029636828,0.22021134458884975,0.0,Q2,Q5 most POC
36005038700,181498,1400000US36005038700,42174.0,3707.0,383.0,587.0,98.0,2555.0,3700.0,1356.0,005,Bronx,0.10331804693822498,0.15834906932829781,0.6892365794442946,0.026436471540329107,0.896681953061775,0.36648648648648646,76.8933496494756,Q1 lowest,Q4
36005038900,170345,1400000US36005038900,42574.0,5440.0,687.0,554.0,141.0,3938.0,5357.0,2130.0,005,Bronx,0.12628676470588235,0.10183823529411765,0.7238970588235294,0.025919117647058825,0.8737132352941177,0.397610602949412,0.0,Q1 lowest,Q4
36005039100,205723,1400000US36005039100,31769.0,7187.0,561.0,763.0,152.0,5595.0,7181.0,2213.0,005,Bronx,0.07805760400723528,0.10616390705440379,0.7784889383609295,0.02114929734242382,0.9219423959927647,0.3081743489764657,0.0,Q1 lowest,Q4
36005039200,96134,1400000US36005039200,61458.0,1758.0,29.0,1172.0,18.0,508.0,1758.0,262.0,005,Bronx,0.016496018202502846,0.6666666666666666,0.28896473265073946,0.010238907849829351,0.9835039817974972,0.149032992036405,1140.295183418222,Q2,Q5 most POC
36005039300,181720,1400000US36005039300,31107.0,8678.0,389.0,2801.0,17.0,5230.0,8654.0,2265.0,005,Bronx,0.0448259967734501,0.32277022355381424,0.6026734270569255,0.0019589767227471766,0.9551740032265499,0.2617286803790155,511.47228533829116,Q1 lowest,Q4
36005039400,145219,1400000US36005039400,62712.0,4613.0,181.0,2044.0,0.0,2370.0,4380.0,1220.0,005,Bronx,0.03923693908519402,0.44309559939301973,0.5137654454801648,0.0,0.960763060914806,0.2785388127853881,729.6498964855916,Q2,Q4
36005039700,525250,1400000US36005039700,35493.0,3771.0,1946.0,210.0,299.0,1102.0,878.0,304.0,005,Bronx,0.5160434897905065,0.05568814638027048,0.2922301776717051,0.07928931317952798,0.4839565102094935,0.3462414578587699,131.15117917564518,Q1 lowest,Q2
36005039902,121399,1400000US36005039902,50534.0,5589.0,38.0,671.0,77.0,4634.0,5589.0,1149.0,005,Bronx,0.006799069601001968,0.1200572553229558,0.8291286455537663,0.01377706208624083,0.993200930398998,0.2055823939881911,0.0,Q1 lowest,Q5 most POC
36005040100,170429,1400000US36005040100,26406.0,4759.0,264.0,463.0,17.0,3994.0,4663.0,1785.0,005,Bronx,0.055473839041815506,0.09728934650136584,0.8392519436856483,0.0035721790292078167,0.9445261609581845,0.3828007720351705,0.0,Q1 lowest,Q4
36005040600,223327,1400000US36005040600,48157.0,3770.0,142.0,2695.0,24.0,611.0,3718.0,673.0,005,Bronx,0.0376657824933687,0.7148541114058355,0.16206896551724137,0.00636604774535809,0.9623342175066313,0.1810112963959118,1396.7664064074015,Q1 lowest,Q4
36005040701,58237,1400000US36005040701,50068.0,3055.0,261.0,491.0,123.0,2158.0,3055.0,930.0,005,Bronx,0.08543371522094927,0.1607201309328969,0.7063829787234043,0.04026186579378069,0.9145662847790508,0.3044189852700491,0.0,Q1 lowest,Q4
36005040702,182164,1400000US36005040702,34724.0,7046.0,290.0,879.0,406.0,5172.0,7032.0,1416.0,005,Bronx,0.041158103888731194,0.12475163213170594,0.7340334941810956,0.057621345444223676,0.9588418961112688,0.20136518771331058,0.0,Q1 lowest,Q4
36005034500,274627,1400000US36005034500,118583.0,3816.0,1593.0,381.0,121.0,1655.0,3732.0,445.0,005,Bronx,0.41745283018867924,0.09984276729559749,0.4337002096436059,0.03170859538784067,0.5825471698113207,0.1192390139335477,662.1098407055317,Q5 highest,Q2
36005035000,191626,1400000US36005035000,69178.0,2093.0,206.0,1424.0,70.0,341.0,2093.0,137.0,005,Bronx,0.09842331581462016,0.6803631151457239,0.1629240324892499,0.033444816053511704,0.9015766841853798,0.0654562828475872,0.0,Q2,Q4
36081018300,215023,1400000US36081018300,84761.0,5304.0,2123.0,104.0,1428.0,1324.0,5246.0,871.0,081,Queens,0.40026395173454,0.0196078431372549,0.24962292609351433,0.2692307692307692,0.59973604826546,0.16603126191383913,3202.2967555854902,Q3,Q2
36081070900,219537,1400000US36081070900,109595.0,2950.0,1419.0,67.0,833.0,293.0,2950.0,296.0,081,Queens,0.4810169491525424,0.02271186440677966,0.09932203389830509,0.2823728813559322,0.5189830508474575,0.10033898305084746,0.0,Q4,Q2
36081006900,210779,1400000US36081006900,117167.0,4218.0,2260.0,68.0,878.0,911.0,3981.0,413.0,081,Queens,0.5357989568515884,0.016121384542437174,0.2159791370317686,0.20815552394499762,0.4642010431484116,0.10374277819643306,1132.1108803724358,Q5 highest,Q2
36081015900,169686,1400000US36081015900,85718.0,3260.0,1950.0,165.0,158.0,821.0,3260.0,331.0,081,Queens,0.598159509202454,0.05061349693251534,0.251840490797546,0.048466257668711654,0.401840490797546,0.10153374233128834,1145.8822387016064,Q3,Q2
36081011600,136938,1400000US36081011600,66250.0,2118.0,264.0,13.0,864.0,810.0,2109.0,329.0,081,Queens,0.12464589235127478,0.006137865911237016,0.38243626062322944,0.40793201133144474,0.8753541076487252,0.15599810336652442,0.0,Q2,Q4
36081055100,155133,1400000US36081055100,81000.0,4398.0,1722.0,360.0,493.0,1593.0,4398.0,741.0,081,Queens,0.39154160982264663,0.08185538881309687,0.36221009549795363,0.11209640745793542,0.6084583901773534,0.1684856753069577,0.0,Q3,Q2
36081048100,139052,1400000US36081048100,69063.0,7021.0,278.0,140.0,3613.0,2789.0,6662.0,822.0,081,Queens,0.039595499216635806,0.019940179461615155,0.3972368608460333,0.5145990599629683,0.9604045007833641,0.12338637045932152,0.0,Q2,Q4
36081046100,112824,1400000US36081046100,69750.0,2482.0,50.0,7.0,883.0,1423.0,2447.0,271.0,081,Queens,0.020145044319097503,0.0028203062046736503,0.5733279613215149,0.35576148267526186,0.9798549556809025,0.11074785451573355,0.0,Q2,Q5 most POC
36081058500,171163,1400000US36081058500,86667.0,4614.0,2762.0,101.0,352.0,1285.0,4614.0,459.0,081,Queens,0.5986129172084959,0.021889900303424362,0.2785002167316862,0.07628955353272648,0.40138708279150415,0.09947984395318596,0.0,Q3,Q2
36081023600,176279,1400000US36081023600,68750.0,3099.0,277.0,454.0,1243.0,1097.0,3094.0,452.0,081,Queens,0.08938367215230719,0.14649887060342046,0.35398515650209744,0.4010971281058406,0.9106163278476929,0.14608920491273433,0.0,Q2,Q4
36081074700,295509,1400000US36081074700,106964.0,3223.0,484.0,84.0,1579.0,976.0,3223.0,305.0,081,Queens,0.15017064846416384,0.026062674526838348,0.30282345640707414,0.4899162271175923,0.8498293515358362,0.09463233012721067,2608.2910686866553,Q4,Q3
36081012100,137900,1400000US36081012100,97500.0,2120.0,1459.0,41.0,169.0,423.0,2120.0,234.0,081,Queens,0.6882075471698114,0.019339622641509433,0.19952830188679246,0.07971698113207547,0.31179245283018864,0.11037735849056604,0.0,Q4,Q1 least POC
36081014400,219829,1400000US36081014400,64464.0,1646.0,140.0,134.0,691.0,467.0,1646.0,155.0,081,Queens,0.0850546780072904,0.08140947752126367,0.28371810449574725,0.4198055893074119,0.9149453219927096,0.09416767922235723,0.0,Q2,Q4
36081032700,150852,1400000US36081032700,60398.0,3321.0,317.0,32.0,711.0,2148.0,3321.0,408.0,081,Queens,0.09545317675398976,0.009635651912074676,0.6467931345980127,0.2140921409214092,0.9045468232460102,0.12285456187895212,0.0,Q2,Q4
36081053800,188754,1400000US36081053800,103618.0,1655.0,21.0,1332.0,72.0,168.0,1647.0,148.0,081,Queens,0.012688821752265862,0.804833836858006,0.1015105740181269,0.04350453172205438,0.9873111782477342,0.08986035215543413,0.0,Q4,Q5 most POC
36081050600,206128,1400000US36081050600,138000.0,1451.0,0.0,1011.0,125.0,169.0,1451.0,140.0,081,Queens,0.0,0.6967608545830462,0.11647139903514818,0.08614748449345279,1.0,0.09648518263266713,0.0,Q5 highest,Q5 most POC
36081061000,236862,1400000US36081061000,107115.0,1583.0,19.0,1500.0,0.0,17.0,1583.0,64.0,081,Queens,0.012002526847757423,0.9475679090334808,0.010739102969046115,0.0,0.9879974731522426,0.04042956411876184,0.0,Q4,Q5 most POC
36081129102,991868,1400000US36081129102,132337.0,3842.0,2167.0,102.0,940.0,323.0,3842.0,192.0,081,Queens,0.5640291514836023,0.02654867256637168,0.084070796460177,0.24466423737636647,0.43597084851639767,0.04997397188964081,0.0,Q5 highest,Q2
36081027500,177626,1400000US36081027500,54986.0,7145.0,502.0,245.0,1511.0,4721.0,6964.0,1620.0,081,Queens,0.07025892232330301,0.034289713086074175,0.66074177746676,0.21147655703289014,0.929741077676697,0.23262492820218264,0.0,Q2,Q4
36081026100,221606,1400000US36081026100,63750.0,7310.0,641.0,27.0,3130.0,3289.0,7244.0,556.0,081,Queens,0.08768809849521204,0.0036935704514363885,0.4499316005471956,0.42818057455540354,0.9123119015047879,0.07675317504141359,0.0,Q2,Q4
36081002000,146397,1400000US36081002000,87833.0,1603.0,230.0,8.0,182.0,1071.0,1603.0,198.0,081,Queens,0.14348097317529632,0.004990642545227698,0.6681222707423581,0.11353711790393013,0.8565190268247037,0.12351840299438553,0.0,Q3,Q3
36081120100,162893,1400000US36081120100,69583.0,1430.0,201.0,40.0,973.0,185.0,1430.0,235.0,081,Queens,0.14055944055944056,0.027972027972027972,0.12937062937062938,0.6804195804195804,0.8594405594405594,0.16433566433566432,0.0,Q2,Q3
36081107201,1382812,1400000US36081107201,103333.0,2293.0,1802.0,41.0,147.0,303.0,2292.0,209.0,081,Queens,0.785870039249891,0.017880505887483647,0.1321412996075011,0.0641081552551243,0.21412996075010904,0.0911867364746946,4455.7781946673595,Q4,Q1 least POC
36081058700,144531,1400000US36081058700,98016.0,3080.0,2114.0,75.0,200.0,657.0,3080.0,199.0,081,Queens,0.6863636363636364,0.024350649350649352,0.2133116883116883,0.06493506493506493,0.3136363636363636,0.0646103896103896,0.0,Q4,Q1 least POC
36081010100,172758,1400000US36081010100,105063.0,2507.0,1773.0,131.0,74.0,389.0,2507.0,98.0,081,Queens,0.7072197846031113,0.052253689668927,0.15516553649780615,0.029517351416035103,0.2927802153968887,0.03909054646988432,0.0,Q4,Q1 least POC
36081056200,160593,1400000US36081056200,96528.0,1399.0,242.0,184.0,584.0,353.0,1399.0,17.0,081,Queens,0.1729807005003574,0.13152251608291637,0.2523230879199428,0.4174410293066476,0.8270192994996426,0.012151536812008578,0.0,Q4,Q3
36081016400,197823,1400000US36081016400,94632.0,3684.0,22.0,586.0,1067.0,658.0,3677.0,366.0,081,Queens,0.005971769815418024,0.15906623235613462,0.1786102062975027,0.2896308360477742,0.994028230184582,0.09953766657601305,0.0,Q4,Q5 most POC
36081020200,153117,1400000US36081020200,77440.0,1621.0,0.0,883.0,241.0,132.0,1621.0,90.0,081,Queens,0.0,0.5447254780999383,0.08143121529919803,0.148673658235657,1.0,0.055521283158544106,0.0,Q3,Q5 most POC
36081050202,152854,1400000US36081050202,78750.0,1363.0,23.0,805.0,276.0,109.0,1363.0,185.0,081,Queens,0.016874541452677916,0.5906089508437271,0.07997065297138664,0.202494497432135,0.9831254585473221,0.13573000733675716,0.0,Q3,Q5 most POC
36081059600,194550,1400000US36081059600,88913.0,1539.0,27.0,1199.0,3.0,262.0,1539.0,80.0,081,Queens,0.017543859649122806,0.7790773229369721,0.17024041585445093,0.001949317738791423,0.9824561403508771,0.05198180636777128,0.0,Q4,Q5 most POC
36081063000,190477,1400000US36081063000,116034.0,1457.0,26.0,1308.0,35.0,65.0,1457.0,40.0,081,Queens,0.017844886753603295,0.8977350720658888,0.04461221688400824,0.024021962937542895,0.9821551132463967,0.027453671928620454,0.0,Q5 highest,Q5 most POC
36081022002,306174,1400000US36081022002,103207.0,7156.0,3337.0,1322.0,1342.0,960.0,7155.0,813.0,081,Queens,0.46632196757965344,0.18474007825600894,0.13415315818893236,0.18753493571827837,0.5336780324203465,0.11362683438155136,320.6785122002459,Q4,Q2
36081085500,130510,1400000US36081085500,41315.0,6282.0,705.0,119.0,4169.0,1216.0,6282.0,1001.0,081,Queens,0.112225405921681,0.018943011779687997,0.19356892709328238,0.6636421521808341,0.887774594078319,0.15934415791149315,0.0,Q1 lowest,Q4
36081011100,150737,1400000US36081011100,97465.0,2949.0,1697.0,0.0,217.0,805.0,2949.0,273.0,081,Queens,0.5754493048491014,0.0,0.2729738894540522,0.07358426585283147,0.4245506951508986,0.09257375381485249,1053.1010226284181,Q4,Q2
36081067900,253614,1400000US36081067900,60840.0,4427.0,1620.0,56.0,512.0,2226.0,4072.0,526.0,081,Queens,0.36593629997741134,0.012649649875762368,0.5028235825615541,0.11565394172125593,0.6340637000225886,0.12917485265225934,0.0,Q2,Q2
36081012000,144523,1400000US36081012000,93763.0,2685.0,74.0,577.0,799.0,636.0,2677.0,298.0,081,Queens,0.027560521415270017,0.2148975791433892,0.23687150837988827,0.2975791433891993,0.97243947858473,0.11131864026895778,0.0,Q4,Q5 most POC
36081005700,223565,1400000US36081005700,94884.0,4065.0,1845.0,69.0,659.0,1256.0,4064.0,690.0,081,Queens,0.45387453874538747,0.016974169741697416,0.3089790897908979,0.16211562115621156,0.5461254612546125,0.16978346456692914,0.0,Q4,Q2
36081033700,150842,1400000US36081033700,98832.0,2447.0,256.0,0.0,703.0,1471.0,2439.0,259.0,081,Queens,0.10461789946873723,0.0,0.6011442582754393,0.28729055986922764,0.8953821005312628,0.10619106191061911,0.0,Q4,Q4
36081085700,132521,1400000US36081085700,56078.0,5324.0,300.0,88.0,3880.0,892.0,5041.0,895.0,081,Queens,0.056348610067618335,0.01652892561983471,0.16754320060105185,0.7287753568745304,0.9436513899323816,0.1775441380678437,0.0,Q2,Q4
36081062300,156656,1400000US36081062300,77986.0,2212.0,1443.0,133.0,0.0,623.0,2212.0,318.0,081,Queens,0.6523508137432188,0.060126582278481014,0.28164556962025317,0.0,0.3476491862567812,0.1437613019891501,0.0,Q3,Q1 least POC
36081045900,136886,1400000US36081045900,78104.0,4025.0,18.0,2.0,2152.0,1797.0,3987.0,295.0,081,Queens,0.0044720496894409935,0.0004968944099378882,0.44645962732919253,0.5346583850931677,0.995527950310559,0.07399046902432907,0.0,Q3,Q5 most POC
36081111300,730305,1400000US36081111300,112227.0,2499.0,1090.0,8.0,936.0,430.0,2497.0,240.0,081,Queens,0.4361744697879152,0.003201280512204882,0.1720688275310124,0.3745498199279712,0.5638255302120848,0.09611533840608731,0.0,Q5 highest,Q2
36081140300,374326,1400000US36081140300,91513.0,2571.0,918.0,9.0,1486.0,123.0,2571.0,243.0,081,Queens,0.3570595099183197,0.003500583430571762,0.047841306884480746,0.5779852197588486,0.6429404900816803,0.09451575262543757,2698.792535287474,Q4,Q3
36081005200,130623,1400000US36081005200,79342.0,3011.0,377.0,40.0,1346.0,1085.0,2993.0,279.0,081,Queens,0.12520757223513782,0.01328462304882099,0.36034540019926936,0.4470275655928263,0.8747924277648622,0.09321750751754093,0.0,Q3,Q4
36081019800,207719,1400000US36081019800,75625.0,3049.0,31.0,1454.0,852.0,608.0,3049.0,183.0,081,Queens,0.010167267956707117,0.4768776648081338,0.1994096425057396,0.2794358806165956,0.9898327320432929,0.060019678583142014,0.0,Q3,Q5 most POC
36081071900,165953,1400000US36081071900,63125.0,3475.0,1388.0,63.0,934.0,1044.0,3475.0,574.0,081,Queens,0.3994244604316547,0.0181294964028777,0.300431654676259,0.26877697841726617,0.6005755395683453,0.1651798561151079,2482.8863646556,Q2,Q2
36081026400,254449,1400000US36081026400,72083.0,2565.0,26.0,1486.0,256.0,620.0,2539.0,355.0,081,Queens,0.0101364522417154,0.5793372319688109,0.24171539961013644,0.09980506822612085,0.9898635477582846,0.1398188263095707,0.0,Q3,Q5 most POC
36081014100,171071,1400000US36081014100,98281.0,1652.0,696.0,62.0,301.0,426.0,1652.0,102.0,081,Queens,0.4213075060532688,0.03753026634382567,0.25786924939467315,0.18220338983050846,0.5786924939467313,0.06174334140435835,0.0,Q4,Q2
36081001400,213714,1400000US36081001400,81034.0,3929.0,506.0,260.0,811.0,2239.0,3912.0,269.0,081,Queens,0.12878595062356835,0.06617459913463986,0.5698651056248409,0.20641384576228047,0.8712140493764317,0.06876278118609407,0.0,Q3,Q4
36081052600,182575,1400000US36081052600,89051.0,2449.0,119.0,1868.0,60.0,206.0,2432.0,94.0,081,Queens,0.048591261739485504,0.7627603103307472,0.08411596570028583,0.02449979583503471,0.9514087382605145,0.038651315789473686,0.0,Q4,Q4
36081009700,201805,1400000US36081009700,117500.0,4142.0,2819.0,16.0,545.0,587.0,4126.0,325.0,081,Queens,0.6805890873973925,0.00386286817962337,0.1417189763399324,0.13157894736842105,0.31941091260260746,0.07876878332525449,0.0,Q5 highest,Q1 least POC
36081115900,308991,1400000US36081115900,60354.0,4271.0,495.0,43.0,2663.0,518.0,4264.0,571.0,081,Queens,0.11589791617888083,0.010067899789276516,0.12128307188012175,0.6235073753219387,0.8841020838211192,0.13391181988742965,0.0,Q2,Q4
36081026700,209798,1400000US36081026700,50316.0,5342.0,262.0,29.0,3453.0,1532.0,5337.0,831.0,081,Queens,0.04904530138524897,0.0054286783976038935,0.28678397603893674,0.6463871209284912,0.950954698614751,0.15570545250140527,0.0,Q1 lowest,Q4
36081010400,186476,1400000US36081010400,81552.0,3339.0,163.0,886.0,714.0,703.0,3282.0,365.0,081,Queens,0.04881701108116202,0.26534890685834084,0.21054207846660677,0.2138364779874214,0.951182988918838,0.11121267519804998,0.0,Q3,Q4
36081012601,150189,1400000US36081012601,75135.0,2858.0,63.0,68.0,707.0,1537.0,2841.0,231.0,081,Queens,0.022043386983904827,0.023792862141357594,0.5377886634009797,0.24737578726382084,0.9779566130160952,0.08130939809926083,0.0,Q3,Q5 most POC
36081036100,157376,1400000US36081036100,71433.0,2201.0,26.0,377.0,453.0,1194.0,2197.0,118.0,081,Queens,0.011812812358019082,0.1712857791912767,0.542480690595184,0.20581553839164016,0.9881871876419809,0.05370960400546199,0.0,Q3,Q5 most POC
36081040000,196301,1400000US36081040000,96354.0,1691.0,22.0,1360.0,0.0,158.0,1691.0,81.0,081,Queens,0.013010053222945003,0.8042578356002366,0.09343583678296866,0.0,0.986989946777055,0.047900650502661145,0.0,Q4,Q5 most POC
36081045200,217897,1400000US36081045200,71550.0,1332.0,132.0,102.0,778.0,303.0,1000.0,96.0,081,Queens,0.0990990990990991,0.07657657657657657,0.22747747747747749,0.5840840840840841,0.9009009009009009,0.096,0.0,Q3,Q4
36081048000,230256,1400000US36081048000,92984.0,2375.0,98.0,67.0,1214.0,484.0,2351.0,164.0,081,Queens,0.04126315789473684,0.028210526315789474,0.20378947368421052,0.5111578947368421,0.9587368421052631,0.06975754997873246,0.0,Q4,Q4
36081051200,375791,1400000US36081051200,115000.0,2786.0,29.0,1909.0,315.0,353.0,2734.0,210.0,081,Queens,0.0104091888011486,0.6852117731514716,0.12670495333811918,0.11306532663316583,0.9895908111988514,0.07681053401609364,0.0,Q5 highest,Q5 most POC
36081053200,189801,1400000US36081053200,88802.0,2358.0,3.0,1741.0,81.0,415.0,2321.0,175.0,081,Queens,0.001272264631043257,0.7383375742154368,0.1759966072943172,0.03435114503816794,0.9987277353689568,0.07539853511417492,0.0,Q4,Q5 most POC
36081059000,158601,1400000US36081059000,86000.0,1186.0,201.0,765.0,18.0,183.0,1186.0,91.0,081,Queens,0.16947723440134907,0.6450252951096122,0.1543001686340641,0.01517706576728499,0.8305227655986509,0.07672849915682968,0.0,Q3,Q3
36081060300,181368,1400000US36081060300,90938.0,2011.0,1077.0,0.0,93.0,825.0,2011.0,357.0,081,Queens,0.5355544505221282,0.0,0.4102436598707111,0.04624564893088016,0.46444554947787176,0.1775236200895077,0.0,Q4,Q2
36081063200,296788,1400000US36081063200,120764.0,2534.0,12.0,2366.0,0.0,52.0,2499.0,122.0,081,Queens,0.004735595895816891,0.9337016574585635,0.020520915548539857,0.0,0.9952644041041832,0.04881952781112445,0.0,Q5 highest,Q5 most POC
36081066701,252633,1400000US36081066701,117500.0,2718.0,1447.0,0.0,411.0,827.0,2718.0,334.0,081,Queens,0.5323767476085357,0.0,0.3042678440029433,0.15121412803532008,0.4676232523914643,0.12288447387785136,0.0,Q5 highest,Q2
36081070300,241047,1400000US36081070300,91278.0,2114.0,670.0,3.0,519.0,586.0,2114.0,190.0,081,Queens,0.3169347209082308,0.0014191106906338694,0.2771996215704825,0.2455061494796594,0.6830652790917692,0.08987701040681173,0.0,Q4,Q3
36081076901,181026,1400000US36081076901,99122.0,4912.0,2456.0,145.0,777.0,1262.0,4912.0,237.0,081,Queens,0.5,0.029519543973941367,0.25692182410423453,0.15818403908794787,0.5,0.048249185667752444,1590.3479579680425,Q4,Q2
36081085300,195226,1400000US36081085300,35737.0,5340.0,249.0,88.0,4130.0,789.0,5340.0,847.0,081,Queens,0.04662921348314607,0.01647940074906367,0.14775280898876406,0.7734082397003745,0.9533707865168539,0.15861423220973783,0.0,Q1 lowest,Q4
36081097202,576641,1400000US36081097202,27115.0,3336.0,122.0,2746.0,34.0,409.0,3325.0,1469.0,081,Queens,0.03657074340527578,0.8231414868105515,0.12260191846522782,0.010191846522781775,0.9634292565947242,0.4418045112781955,0.0,Q1 lowest,Q4
36081041300,158802,1400000US36081041300,71932.0,4600.0,57.0,36.0,584.0,3923.0,4487.0,1266.0,081,Queens,0.012391304347826086,0.00782608695652174,0.8528260869565217,0.12695652173913044,0.9876086956521739,0.28214842879429464,0.0,Q3,Q5 most POC
36081077904,385726,1400000US36081077904,104840.0,6142.0,3255.0,204.0,1270.0,976.0,6067.0,337.0,081,Queens,0.5299576685118854,0.03321393682839466,0.15890589384565287,0.2067730380983393,0.4700423314881146,0.055546398549530245,0.0,Q4,Q2
36081114700,308438,1400000US36081114700,96731.0,2051.0,1053.0,0.0,663.0,223.0,2051.0,72.0,081,Queens,0.5134080936128718,0.0,0.10872745002437835,0.32325694783032666,0.48659190638712824,0.035104826913700635,0.0,Q4,Q2
36081001600,151499,1400000US36081001600,76250.0,2455.0,205.0,79.0,471.0,1520.0,2455.0,198.0,081,Queens,0.0835030549898167,0.03217922606924643,0.6191446028513238,0.19185336048879836,0.9164969450101833,0.08065173116089613,0.0,Q3,Q4
36081014201,210913,1400000US36081014201,58152.0,4769.0,596.0,262.0,1718.0,1981.0,4768.0,698.0,081,Queens,0.12497378905430907,0.054938142168169425,0.41539106730970854,0.36024323757601173,0.8750262109456909,0.14639261744966442,0.0,Q2,Q4
36081113300,253829,1400000US36081113300,115313.0,1303.0,731.0,0.0,396.0,176.0,1303.0,63.0,081,Queens,0.5610130468150422,0.0,0.1350729086722947,0.3039140445126631,0.43898695318495784,0.04834996162701458,0.0,Q5 highest,Q2
36081115700,314622,1400000US36081115700,59286.0,3173.0,627.0,119.0,1791.0,539.0,3173.0,556.0,081,Queens,0.19760479041916168,0.03750393948944217,0.16987078474629688,0.5644500472738733,0.8023952095808383,0.17522849038764576,0.0,Q2,Q3
36081118500,155081,1400000US36081118500,59760.0,1964.0,161.0,0.0,1014.0,765.0,1964.0,203.0,081,Queens,0.08197556008146639,0.0,0.3895112016293279,0.5162932790224033,0.9180244399185336,0.10336048879837068,0.0,Q2,Q4
36081118700,187235,1400000US36081118700,64674.0,2480.0,321.0,22.0,1485.0,532.0,2480.0,305.0,081,Queens,0.12943548387096773,0.008870967741935484,0.21451612903225806,0.5987903225806451,0.8705645161290323,0.12298387096774194,0.0,Q2,Q4
36081137700,749685,1400000US36081137700,108219.0,7800.0,2153.0,70.0,4072.0,1332.0,7738.0,358.0,081,Queens,0.27602564102564103,0.008974358974358974,0.17076923076923076,0.522051282051282,0.723974358974359,0.04626518480227449,1922.541718939688,Q4,Q3
36081145900,372382,1400000US36081145900,99612.0,2773.0,882.0,0.0,1046.0,693.0,2754.0,181.0,081,Queens,0.3180670753696358,0.0,0.24990984493328525,0.3772087991345114,0.6819329246303643,0.06572258533042846,0.0,Q4,Q3
36081157102,320043,1400000US36081157102,119196.0,2105.0,297.0,43.0,1256.0,438.0,2105.0,75.0,081,Queens,0.14109263657957244,0.020427553444180523,0.20807600950118765,0.5966745843230403,0.8589073634204276,0.035629453681710214,0.0,Q5 highest,Q3
36081000400,224878,1400000US36081000400,78454.0,4738.0,131.0,216.0,897.0,3327.0,4738.0,358.0,081,Queens,0.02764879696074293,0.045588856057408186,0.7021950189953567,0.18932038834951456,0.972351203039257,0.07555930772477838,0.0,Q3,Q5 most POC
36081000600,214286,1400000US36081000600,75074.0,3890.0,346.0,191.0,487.0,2734.0,3890.0,651.0,081,Queens,0.08894601542416453,0.04910025706940874,0.702827763496144,0.12519280205655528,0.9110539845758354,0.1673521850899743,0.0,Q3,Q4
36081000800,189824,1400000US36081000800,103671.0,3296.0,326.0,378.0,617.0,1905.0,3296.0,261.0,081,Queens,0.09890776699029126,0.11468446601941748,0.5779733009708737,0.18719660194174756,0.9010922330097088,0.0791868932038835,0.0,Q4,Q4
36081001000,161256,1400000US36081001000,88250.0,4799.0,331.0,174.0,862.0,3305.0,4799.0,560.0,081,Queens,0.06897270264638466,0.03625755365701188,0.6886851427380705,0.17962075432381747,0.9310272973536153,0.11669097728693478,0.0,Q4,Q4
36081001200,227157,1400000US36081001200,74870.0,3821.0,619.0,80.0,701.0,2146.0,3821.0,136.0,081,Queens,0.16199947657681235,0.02093692750588851,0.5616330803454593,0.18345982727034807,0.8380005234231876,0.03559277676001047,0.0,Q3,Q3
36081001800,177489,1400000US36081001800,100000.0,2933.0,349.0,2.0,331.0,1753.0,2933.0,429.0,081,Queens,0.1189907944084555,0.0006818956699624957,0.5976815547221275,0.11285373337879305,0.8810092055915445,0.14626662120695533,0.0,Q4,Q4
36081002200,147490,1400000US36081002200,78018.0,2519.0,336.0,76.0,352.0,1631.0,2519.0,375.0,081,Queens,0.1333862643906312,0.03017070265978563,0.647479158396189,0.13973799126637554,0.8666137356093688,0.14886859865025803,0.0,Q3,Q4
36081002400,141901,1400000US36081002400,61042.0,2352.0,357.0,131.0,401.0,1299.0,2352.0,458.0,081,Queens,0.15178571428571427,0.055697278911564625,0.5522959183673469,0.17049319727891157,0.8482142857142857,0.19472789115646258,0.0,Q2,Q3
36081002500,210427,1400000US36081002500,21667.0,5063.0,124.0,1802.0,827.0,2015.0,5063.0,1635.0,081,Queens,0.02449140825597472,0.3559154651392455,0.3979853841595892,0.16334189215879913,0.9755085917440253,0.3229310685364408,1625.1593650930424,Q1 lowest,Q5 most POC
36081002600,148030,1400000US36081002600,123281.0,1956.0,388.0,101.0,304.0,875.0,1956.0,257.0,081,Queens,0.1983640081799591,0.0516359918200409,0.44734151329243355,0.1554192229038855,0.8016359918200409,0.13139059304703476,0.0,Q5 highest,Q3
36081002800,225043,1400000US36081002800,87899.0,3493.0,292.0,125.0,705.0,2003.0,3476.0,249.0,081,Queens,0.08359576295448039,0.035785857429144,0.5734325794446035,0.20183223590037216,0.9164042370455197,0.07163406214039125,0.0,Q3,Q4
36081003000,112790,1400000US36081003000,84750.0,1567.0,261.0,32.0,286.0,961.0,1543.0,135.0,081,Queens,0.16656030631780472,0.0204211869814933,0.6132737715379707,0.18251435864709636,0.8334396936821953,0.08749189889825017,0.0,Q3,Q3
36081003100,164962,1400000US36081003100,95556.0,1397.0,439.0,67.0,298.0,479.0,1397.0,317.0,081,Queens,0.31424481030780244,0.047959914101646385,0.3428775948460988,0.2133142448103078,0.6857551896921976,0.22691481746599856,2244.6049970053214,Q4,Q3
36081003200,161964,1400000US36081003200,113462.0,1886.0,256.0,78.0,311.0,1153.0,1879.0,379.0,081,Queens,0.1357370095440085,0.041357370095440084,0.6113467656415694,0.16489925768822905,0.8642629904559915,0.2017030335284726,0.0,Q5 highest,Q3
36081056400,187244,1400000US36081056400,86667.0,1365.0,261.0,70.0,327.0,476.0,1365.0,101.0,081,Queens,0.1912087912087912,0.05128205128205128,0.3487179487179487,0.23956043956043957,0.8087912087912088,0.073992673992674,0.0,Q3,Q3
36081052000,172214,1400000US36081052000,82426.0,1448.0,20.0,1187.0,26.0,69.0,1440.0,110.0,081,Queens,0.013812154696132596,0.8197513812154696,0.04765193370165746,0.017955801104972375,0.9861878453038674,0.0763888888888889,0.0,Q3,Q5 most POC
36081027600,158733,1400000US36081027600,95893.0,1575.0,33.0,729.0,89.0,526.0,1574.0,180.0,081,Queens,0.02095238095238095,0.46285714285714286,0.33396825396825397,0.05650793650793651,0.979047619047619,0.11435832274459974,0.0,Q4,Q5 most POC
36081046000,221268,1400000US36081046000,67267.0,6259.0,254.0,1043.0,2296.0,1879.0,6142.0,756.0,081,Queens,0.040581562549928105,0.16664003834478353,0.3002077009106886,0.3668317622623422,0.9594184374500719,0.1230869423640508,0.0,Q2,Q4
36081010800,157581,1400000US36081010800,88224.0,3134.0,88.0,209.0,1514.0,469.0,3080.0,387.0,081,Queens,0.028079132099553285,0.06668793873643905,0.1496490108487556,0.4830887045309509,0.9719208679004467,0.12564935064935065,0.0,Q4,Q5 most POC
36081092500,312425,1400000US36081092500,65625.0,3622.0,739.0,10.0,1191.0,1660.0,3621.0,706.0,081,Queens,0.20403092214246274,0.0027609055770292656,0.4583103257868581,0.32882385422418553,0.7959690778575372,0.19497376415354875,0.0,Q2,Q3
36081066900,160094,1400000US36081066900,95208.0,1758.0,1267.0,0.0,102.0,364.0,1758.0,153.0,081,Queens,0.7207053469852105,0.0,0.20705346985210465,0.05802047781569966,0.2792946530147895,0.08703071672354949,0.0,Q4,Q1 least POC
36081023200,330471,1400000US36081023200,82600.0,5193.0,1028.0,656.0,1957.0,1209.0,4861.0,423.0,081,Queens,0.19795879067976122,0.12632389755440016,0.23281340265742345,0.3768534565761602,0.8020412093202388,0.08701913186587122,0.0,Q3,Q3
36081085900,146217,1400000US36081085900,56388.0,5530.0,515.0,7.0,4315.0,693.0,5524.0,989.0,081,Queens,0.09312839059674503,0.0012658227848101266,0.12531645569620253,0.7802893309222423,0.906871609403255,0.1790369297610427,0.0,Q2,Q4
36081005100,137123,1400000US36081005100,79155.0,2371.0,450.0,103.0,1176.0,525.0,2371.0,200.0,081,Queens,0.18979333614508645,0.043441585828764236,0.2214255588359342,0.4959932517924926,0.8102066638549136,0.08435259384226065,527.3249295635841,Q3,Q3
36081124700,483460,1400000US36081124700,112824.0,3667.0,1481.0,20.0,2121.0,10.0,3665.0,106.0,081,Queens,0.4038723752386147,0.00545404963185165,0.002727024815925825,0.5784019634578674,0.5961276247613854,0.028922237380627557,0.0,Q5 highest,Q2
36081015300,121629,1400000US36081015300,76979.0,1793.0,1075.0,26.0,341.0,238.0,1743.0,276.0,081,Queens,0.5995538204127161,0.014500836586726157,0.13273842721695484,0.1901840490797546,0.4004461795872839,0.15834767641996558,0.0,Q3,Q2
36081015100,133442,1400000US36081015100,78468.0,2694.0,1707.0,59.0,169.0,625.0,2689.0,225.0,081,Queens,0.6336302895322939,0.02190051967334818,0.2319970304380104,0.06273199703043801,0.36636971046770606,0.08367422833767199,0.0,Q3,Q1 least POC
36081011400,119157,1400000US36081011400,107670.0,2073.0,237.0,51.0,329.0,1155.0,2073.0,217.0,081,Queens,0.11432706222865413,0.024602026049204053,0.557163531114327,0.1587071876507477,0.8856729377713459,0.10467920887602508,0.0,Q4,Q4
36081042600,521709,1400000US36081042600,,500.0,165.0,195.0,37.0,92.0,187.0,159.0,081,Queens,0.33,0.39,0.184,0.074,0.6699999999999999,0.8502673796791443,0.0,,Q3
36081038400,297518,1400000US36081038400,97946.0,2539.0,8.0,2275.0,0.0,91.0,2497.0,233.0,081,Queens,0.0031508467900748325,0.8960220559275305,0.03584088223710122,0.0,0.9968491532099252,0.09331197436924309,0.0,Q4,Q5 most POC
36081061601,380206,1400000US36081061601,101250.0,2561.0,41.0,2345.0,0.0,134.0,2561.0,86.0,081,Queens,0.016009371339320577,0.9156579461147989,0.05232331120655994,0.0,0.9839906286606794,0.03358063256540414,101.35577336547586,Q4,Q5 most POC
36081005500,165967,1400000US36081005500,132500.0,1294.0,378.0,16.0,352.0,483.0,1288.0,100.0,081,Queens,0.2921174652241113,0.012364760432766615,0.3732612055641422,0.27202472952086554,0.7078825347758887,0.07763975155279502,723.5816547336342,Q5 highest,Q3
36081028300,177715,1400000US36081028300,76747.0,7576.0,1683.0,113.0,1270.0,3875.0,7576.0,979.0,081,Queens,0.22214889123548046,0.014915522703273495,0.5114836325237593,0.16763463569165787,0.7778511087645196,0.12922386483632523,0.0,Q3,Q3
36081054900,164280,1400000US36081054900,89283.0,5800.0,1219.0,127.0,647.0,3664.0,5728.0,788.0,081,Queens,0.21017241379310345,0.02189655172413793,0.6317241379310344,0.11155172413793103,0.7898275862068965,0.13756983240223464,0.0,Q4,Q3
36081024700,97621,1400000US36081024700,59811.0,1392.0,105.0,58.0,795.0,397.0,1392.0,223.0,081,Queens,0.07543103448275862,0.041666666666666664,0.28520114942528735,0.5711206896551724,0.9245689655172413,0.16020114942528735,1423.8897476776585,Q2,Q4
36081016100,107688,1400000US36081016100,95096.0,2444.0,839.0,83.0,495.0,967.0,2444.0,132.0,081,Queens,0.3432896890343699,0.033960720130932896,0.39566284779050737,0.20253682487725042,0.65671031096563,0.054009819967266774,1150.4038667411871,Q4,Q3
36081017800,188705,1400000US36081017800,74609.0,2231.0,37.0,496.0,911.0,392.0,2222.0,139.0,081,Queens,0.016584491259524877,0.2223218287763335,0.17570596145226355,0.4083370685791125,0.9834155087404751,0.06255625562556255,0.0,Q3,Q5 most POC
36081004002,130914,1400000US36081004002,46552.0,1648.0,126.0,25.0,602.0,422.0,1648.0,361.0,081,Queens,0.07645631067961164,0.01516990291262136,0.25606796116504854,0.36529126213592233,0.9235436893203883,0.21905339805825244,0.0,Q1 lowest,Q4
36081052500,202105,1400000US36081052500,76827.0,2575.0,1261.0,17.0,145.0,1067.0,2575.0,229.0,081,Queens,0.48970873786407765,0.006601941747572815,0.41436893203883496,0.05631067961165048,0.5102912621359224,0.08893203883495146,0.0,Q3,Q2
36081045700,150517,1400000US36081045700,78500.0,3735.0,377.0,13.0,2067.0,1182.0,3669.0,307.0,081,Queens,0.10093708165997323,0.0034805890227576973,0.3164658634538153,0.5534136546184739,0.8990629183400267,0.08367402562005996,0.0,Q3,Q4
36081062500,198779,1400000US36081062500,74432.0,2570.0,1379.0,55.0,27.0,1091.0,2570.0,179.0,081,Queens,0.5365758754863813,0.021400778210116732,0.4245136186770428,0.010505836575875487,0.4634241245136187,0.06964980544747082,0.0,Q3,Q2
36081012800,159250,1400000US36081012800,96755.0,2594.0,841.0,47.0,320.0,1219.0,2581.0,165.0,081,Queens,0.32420971472629145,0.018118735543562067,0.4699306090979183,0.12336160370084812,0.6757902852737085,0.06392870980240217,0.0,Q4,Q3
36081000200,156595,1400000US36081000200,72200.0,2553.0,273.0,203.0,823.0,1202.0,2546.0,368.0,081,Queens,0.10693301997649823,0.07951429690560126,0.4708186447316882,0.32236584410497454,0.8930669800235018,0.14454045561665357,0.0,Q3,Q4
36081005900,190208,1400000US36081005900,88099.0,3775.0,1935.0,37.0,964.0,599.0,3775.0,378.0,081,Queens,0.5125827814569537,0.00980132450331126,0.15867549668874173,0.255364238410596,0.4874172185430463,0.10013245033112583,0.0,Q3,Q2
36081014300,136506,1400000US36081014300,84543.0,3944.0,2059.0,77.0,370.0,1239.0,3933.0,472.0,081,Queens,0.5220588235294118,0.019523326572008115,0.31414807302231235,0.0938133874239351,0.4779411764705882,0.12001017035341978,0.0,Q3,Q2
36081056000,213441,1400000US36081056000,106667.0,1681.0,169.0,24.0,958.0,280.0,1677.0,70.0,081,Queens,0.10053539559785842,0.014277215942891136,0.16656751933372993,0.5698988697204045,0.8994646044021416,0.04174120453190221,0.0,Q4,Q4
36081058300,143113,1400000US36081058300,103774.0,3757.0,1992.0,135.0,239.0,1123.0,3757.0,311.0,081,Queens,0.5302102741549108,0.03593292520628161,0.2989087037529944,0.06361458610593558,0.46978972584508916,0.08277881288261911,0.0,Q4,Q2
36081072100,170327,1400000US36081072100,98207.0,5349.0,2392.0,16.0,1971.0,663.0,5323.0,378.0,081,Queens,0.4471863899794354,0.0029912133108992334,0.12394840157038699,0.36848008973639934,0.5528136100205646,0.07101258688709375,879.8278462663434,Q4,Q2
36081007300,141560,1400000US36081007300,112500.0,3574.0,1803.0,24.0,575.0,829.0,3574.0,381.0,081,Queens,0.5044767767207611,0.006715165081141578,0.23195299384443202,0.16088416340235032,0.4955232232792389,0.10660324566312256,2250.412234622417,Q5 highest,Q2
36081004401,262558,1400000US36081004401,73182.0,3800.0,273.0,155.0,2264.0,973.0,3800.0,533.0,081,Queens,0.0718421052631579,0.04078947368421053,0.25605263157894737,0.5957894736842105,0.9281578947368421,0.14026315789473684,0.0,Q3,Q4
36081033401,560656,1400000US36081033401,67331.0,4319.0,41.0,3335.0,105.0,804.0,4319.0,700.0,081,Queens,0.00949293818013429,0.7721694836767771,0.18615420236165778,0.024311183144246355,0.9905070618198657,0.1620745542949757,0.0,Q2,Q5 most POC
36081061200,262496,1400000US36081061200,127420.0,2032.0,11.0,1853.0,48.0,22.0,2032.0,32.0,081,Queens,0.0054133858267716535,0.9119094488188977,0.010826771653543307,0.023622047244094488,0.9945866141732284,0.015748031496062992,0.0,Q5 highest,Q5 most POC
36081028500,158104,1400000US36081028500,101250.0,5172.0,2062.0,185.0,766.0,2034.0,5172.0,433.0,081,Queens,0.39868522815158547,0.03576952822892498,0.39327146171693733,0.14810518174787315,0.6013147718484145,0.0837200309358082,520.1429908081577,Q4,Q2
36081133900,226211,1400000US36081133900,114250.0,1338.0,795.0,6.0,383.0,50.0,1338.0,120.0,081,Queens,0.594170403587444,0.004484304932735426,0.03736920777279522,0.2862481315396114,0.405829596412556,0.08968609865470852,0.0,Q5 highest,Q2
36081023800,156689,1400000US36081023800,68024.0,5426.0,78.0,448.0,1804.0,2520.0,5426.0,894.0,081,Queens,0.014375230372281608,0.08256542572797641,0.4644305197198673,0.33247327681533356,0.9856247696277184,0.1647622558053815,0.0,Q2,Q5 most POC
36081074100,172198,1400000US36081074100,101528.0,2984.0,1295.0,136.0,845.0,582.0,2984.0,194.0,081,Queens,0.4339812332439678,0.045576407506702415,0.1950402144772118,0.2831769436997319,0.5660187667560321,0.06501340482573727,0.0,Q4,Q2
36081118900,202351,1400000US36081118900,51825.0,1788.0,249.0,0.0,1237.0,277.0,1788.0,136.0,081,Queens,0.13926174496644295,0.0,0.15492170022371365,0.691834451901566,0.860738255033557,0.07606263982102908,0.0,Q1 lowest,Q3
36081013000,187692,1400000US36081013000,71719.0,1973.0,876.0,259.0,202.0,579.0,1973.0,91.0,081,Queens,0.44399391789153575,0.13127217435377597,0.2934617334009123,0.10238215914850482,0.5560060821084643,0.046122655854029394,0.0,Q3,Q2
36081099701,975065,1400000US36081099701,116607.0,2804.0,1733.0,12.0,647.0,282.0,2764.0,188.0,081,Queens,0.6180456490727532,0.0042796005706134095,0.10057061340941512,0.23074179743223966,0.38195435092724683,0.06801736613603473,0.0,Q5 highest,Q1 least POC
36081011900,111475,1400000US36081011900,76889.0,1581.0,898.0,0.0,95.0,519.0,1581.0,146.0,081,Queens,0.5679949399114484,0.0,0.32827324478178366,0.06008855154965212,0.43200506008855155,0.09234661606578115,0.0,Q3,Q2
36081035100,139241,1400000US36081035100,73536.0,3650.0,306.0,338.0,578.0,2384.0,3650.0,563.0,081,Queens,0.08383561643835616,0.0926027397260274,0.6531506849315069,0.15835616438356165,0.9161643835616439,0.15424657534246575,0.0,Q3,Q4
36081050400,216302,1400000US36081050400,108598.0,1852.0,92.0,1311.0,67.0,70.0,1848.0,206.0,081,Queens,0.04967602591792657,0.7078833693304536,0.03779697624190065,0.036177105831533475,0.9503239740820735,0.11147186147186147,0.0,Q4,Q4
36081043200,238369,1400000US36081043200,88355.0,1273.0,1.0,1089.0,44.0,18.0,1268.0,102.0,081,Queens,0.0007855459544383347,0.8554595443833464,0.014139827179890024,0.03456402199528672,0.9992144540455616,0.0804416403785489,0.0,Q4,Q5 most POC
36081055600,226903,1400000US36081055600,122357.0,2355.0,107.0,231.0,755.0,956.0,2355.0,177.0,081,Queens,0.04543524416135881,0.0980891719745223,0.4059447983014862,0.3205944798301486,0.9545647558386412,0.0751592356687898,0.0,Q5 highest,Q4
36081025900,187189,1400000US36081025900,71750.0,3519.0,669.0,0.0,1508.0,1302.0,3519.0,215.0,081,Queens,0.19011082693947143,0.0,0.3699914748508099,0.42853083262290426,0.8098891730605285,0.06109690252912759,849.9700621464434,Q3,Q3
36081091900,450775,1400000US36081091900,101895.0,5586.0,961.0,295.0,2069.0,2195.0,5032.0,471.0,081,Queens,0.17203723594701037,0.05281059792337988,0.3929466523451486,0.370390261367705,0.8279627640529896,0.09360095389507155,0.0,Q4,Q3
36081036300,134893,1400000US36081036300,74148.0,2081.0,6.0,492.0,254.0,1194.0,2064.0,246.0,081,Queens,0.0028832292167227293,0.23642479577126382,0.5737626141278231,0.12205670350792888,0.9971167707832773,0.11918604651162791,0.0,Q3,Q5 most POC
36081037700,146818,1400000US36081037700,88286.0,4173.0,36.0,218.0,140.0,3778.0,4129.0,443.0,081,Queens,0.008626887131560028,0.052240594296669066,0.9053438773064941,0.033549005511622335,0.99137311286844,0.10728990070234924,0.0,Q4,Q5 most POC
36081068300,244391,1400000US36081068300,66354.0,4261.0,311.0,277.0,2073.0,1502.0,4256.0,559.0,081,Queens,0.07298756160525698,0.06500821403426425,0.35249941328326684,0.48650551513729173,0.927012438394743,0.131343984962406,2013.6004891740906,Q2,Q4
36061025700,144062,1400000US36061025700,85952.0,4870.0,1489.0,1927.0,252.0,800.0,4870.0,777.0,061,Manhattan,0.3057494866529774,0.3956878850102669,0.16427104722792607,0.05174537987679671,0.6942505133470226,0.1595482546201232,0.0,Q3,Q3
36061024200,347358,1400000US36061024200,31691.0,5535.0,289.0,2360.0,107.0,2773.0,5535.0,1580.0,061,Manhattan,0.052213188798554654,0.42637759710930445,0.5009936766034327,0.019331526648599818,0.9477868112014454,0.28545618789521227,1479.6259297507497,Q1 lowest,Q4
36061008603,116894,1400000US36061008603,215981.0,4765.0,3309.0,0.0,359.0,1031.0,4765.0,149.0,061,Manhattan,0.6944386149003148,0.0,0.21636935991605458,0.07534102833158447,0.3055613850996852,0.031269674711437566,590.1051138265096,Q5 highest,Q1 least POC
36047000502,96799,1400000US36047000502,169313.0,2774.0,2189.0,43.0,320.0,119.0,2706.0,116.0,047,Brooklyn,0.7891131939437636,0.015501081470800288,0.04289834174477289,0.11535688536409516,0.21088680605623644,0.04286770140428677,18.215763598930675,Q5 highest,Q1 least POC
36047035602,170769,1400000US36047035602,57764.0,6276.0,5248.0,87.0,378.0,244.0,6276.0,675.0,047,Brooklyn,0.8362014021669854,0.013862332695984704,0.038878266411727216,0.06022944550669216,0.16379859783301465,0.10755258126195029,0.0,Q2,Q1 least POC
36047037401,225522,1400000US36047037401,56667.0,4602.0,3290.0,253.0,548.0,425.0,4602.0,776.0,047,Brooklyn,0.7149065623641895,0.0549760973489787,0.09235115167318557,0.1190786614515428,0.2850934376358105,0.16862233811386354,0.0,Q2,Q1 least POC
36047037402,301498,1400000US36047037402,57667.0,5089.0,2889.0,304.0,922.0,718.0,5089.0,812.0,047,Brooklyn,0.5676950284928277,0.059736686971900176,0.14108862251915896,0.1811750835134604,0.4323049715071723,0.15955983493810177,0.0,Q2,Q2
36047050803,56085,1400000US36047050803,77625.0,2880.0,568.0,1574.0,63.0,574.0,2878.0,603.0,047,Brooklyn,0.19722222222222222,0.5465277777777777,0.19930555555555557,0.021875,0.8027777777777778,0.20952050034746353,0.0,Q3,Q3
36047050804,103103,1400000US36047050804,98729.0,6408.0,1743.0,2824.0,304.0,1368.0,6408.0,575.0,047,Brooklyn,0.2720037453183521,0.44069912609238454,0.21348314606741572,0.04744069912609238,0.7279962546816479,0.08973158551810237,0.0,Q4,Q3
36047051002,107067,1400000US36047051002,60193.0,4351.0,590.0,2526.0,140.0,784.0,4351.0,562.0,047,Brooklyn,0.1356010112617789,0.5805561939783958,0.1801884624224316,0.03217651114686279,0.8643989887382211,0.12916570903240635,0.0,Q2,Q3
36047065200,174713,1400000US36047065200,94643.0,1212.0,941.0,45.0,46.0,140.0,1212.0,17.0,047,Brooklyn,0.7764026402640264,0.03712871287128713,0.11551155115511551,0.037953795379537955,0.2235973597359736,0.014026402640264026,0.0,Q4,Q1 least POC
36047068800,156912,1400000US36047068800,89750.0,1817.0,279.0,980.0,249.0,180.0,1812.0,44.0,047,Brooklyn,0.15354980737479362,0.5393505778756191,0.09906439185470556,0.13703907539900936,0.8464501926252064,0.024282560706401765,0.0,Q4,Q3
36047069200,182215,1400000US36047069200,96375.0,2226.0,294.0,1439.0,66.0,375.0,2211.0,94.0,047,Brooklyn,0.1320754716981132,0.6464510332434861,0.16846361185983827,0.029649595687331536,0.8679245283018868,0.04251469923111714,0.0,Q4,Q4
36047069800,500249,1400000US36047069800,138688.0,1548.0,726.0,68.0,310.0,323.0,1514.0,38.0,047,Brooklyn,0.4689922480620155,0.04392764857881137,0.208656330749354,0.20025839793281655,0.5310077519379846,0.02509907529722589,0.0,Q5 highest,Q2
36047065800,153365,1400000US36047065800,82917.0,1737.0,938.0,0.0,474.0,312.0,1737.0,240.0,047,Brooklyn,0.5400115141047783,0.0,0.17962003454231434,0.27288428324697755,0.4599884858952217,0.1381692573402418,0.0,Q3,Q2
36047066000,152314,1400000US36047066000,142907.0,1978.0,1360.0,0.0,321.0,73.0,1978.0,124.0,047,Brooklyn,0.6875631951466128,0.0,0.036905965621840245,0.16228513650151669,0.3124368048533872,0.06268958543983821,0.0,Q5 highest,Q1 least POC
36047066200,231462,1400000US36047066200,70662.0,1347.0,644.0,22.0,346.0,321.0,1347.0,162.0,047,Brooklyn,0.47809948032665184,0.016332590942835932,0.2383073496659243,0.25686711210096513,0.5219005196733482,0.12026726057906459,930.689677003871,Q2,Q2
36047067200,174237,1400000US36047067200,79728.0,1566.0,108.0,881.0,195.0,382.0,1566.0,53.0,047,Brooklyn,0.06896551724137931,0.5625798212005109,0.24393358876117496,0.12452107279693486,0.9310344827586207,0.03384418901660281,0.0,Q3,Q4
36047067400,189209,1400000US36047067400,129028.0,1993.0,281.0,1176.0,232.0,56.0,1971.0,127.0,047,Brooklyn,0.14099347717009533,0.5900652282990466,0.02809834420471651,0.11640742599096839,0.8590065228299046,0.06443429731100964,0.0,Q5 highest,Q3
36047067600,155374,1400000US36047067600,106833.0,2045.0,149.0,1589.0,16.0,228.0,2001.0,407.0,047,Brooklyn,0.07286063569682151,0.7770171149144254,0.11149144254278728,0.007823960880195598,0.9271393643031784,0.20339830084957522,0.0,Q4,Q4
36047068000,168859,1400000US36047068000,91625.0,1864.0,99.0,1253.0,65.0,172.0,1864.0,30.0,047,Brooklyn,0.053111587982832616,0.6722103004291845,0.09227467811158799,0.03487124463519313,0.9468884120171673,0.016094420600858368,0.0,Q4,Q4
36047068200,202229,1400000US36047068200,101976.0,2517.0,646.0,1068.0,163.0,378.0,2499.0,200.0,047,Brooklyn,0.25665474771553437,0.42431466030989273,0.1501787842669845,0.06475963448549861,0.7433452522844657,0.08003201280512205,0.0,Q4,Q3
36047070000,201893,1400000US36047070000,90522.0,1427.0,1079.0,137.0,28.0,113.0,1427.0,61.0,047,Brooklyn,0.7561317449194114,0.09600560616678346,0.07918710581639804,0.019621583742116328,0.24386825508058863,0.042747021723896286,0.0,Q4,Q1 least POC
36047070201,1074093,1400000US36047070201,115144.0,6460.0,5704.0,122.0,101.0,193.0,6460.0,234.0,047,Brooklyn,0.8829721362229103,0.01888544891640867,0.029876160990712074,0.01563467492260062,0.11702786377708974,0.036222910216718265,0.0,Q5 highest,Q1 least POC
36047070202,5162435,1400000US36047070202,,14.0,9.0,0.0,0.0,5.0,14.0,0.0,047,Brooklyn,0.6428571428571429,0.0,0.35714285714285715,0.0,0.3571428571428571,0.0,0.0,,Q1 least POC
36047072000,158228,1400000US36047072000,72305.0,2042.0,108.0,1531.0,39.0,192.0,2042.0,467.0,047,Brooklyn,0.05288932419196866,0.7497551420176298,0.0940254652301665,0.01909892262487757,0.9471106758080313,0.2286973555337904,0.0,Q3,Q4
36047072200,257171,1400000US36047072200,54583.0,2396.0,16.0,1842.0,5.0,203.0,2396.0,314.0,047,Brooklyn,0.00667779632721202,0.7687813021702838,0.0847245409015025,0.002086811352253756,0.993322203672788,0.1310517529215359,0.0,Q2,Q5 most POC
36047072400,192192,1400000US36047072400,82218.0,1954.0,21.0,1814.0,2.0,46.0,1954.0,257.0,047,Brooklyn,0.010747185261003071,0.9283520982599796,0.02354145342886387,0.0010235414534288639,0.989252814738997,0.131525076765609,0.0,Q3,Q5 most POC
36047072600,275168,1400000US36047072600,98235.0,2550.0,69.0,1905.0,39.0,266.0,2550.0,350.0,047,Brooklyn,0.027058823529411764,0.7470588235294118,0.10431372549019607,0.015294117647058824,0.9729411764705882,0.13725490196078433,0.0,Q4,Q5 most POC
36047073200,159928,1400000US36047073200,70250.0,2163.0,31.0,1885.0,91.0,85.0,2163.0,308.0,047,Brooklyn,0.014331946370781322,0.8714748035136385,0.039297272306981046,0.042071197411003236,0.9856680536292187,0.1423948220064725,0.0,Q2,Q5 most POC
36047022000,194279,1400000US36047022000,44716.0,4989.0,3960.0,24.0,243.0,457.0,4950.0,2861.0,047,Brooklyn,0.79374624173181,0.004810583283223091,0.09160152335137302,0.0487071557426338,0.20625375826819003,0.5779797979797979,0.0,Q1 lowest,Q1 least POC
36047022400,175564,1400000US36047022400,57457.0,5656.0,4400.0,10.0,334.0,821.0,5656.0,1369.0,047,Brooklyn,0.7779349363507779,0.001768033946251768,0.14515558698727016,0.05905233380480905,0.22206506364922207,0.24204384724186703,0.0,Q2,Q1 least POC
36047022600,156180,1400000US36047022600,79022.0,2469.0,1148.0,0.0,503.0,712.0,2469.0,229.0,047,Brooklyn,0.46496557310652087,0.0,0.288375860672337,0.20372620494127178,0.5350344268934791,0.09275010125556905,0.0,Q3,Q2
36047022700,240692,1400000US36047022700,122400.0,4360.0,1700.0,1314.0,202.0,839.0,4360.0,414.0,047,Brooklyn,0.38990825688073394,0.30137614678899083,0.19243119266055045,0.0463302752293578,0.6100917431192661,0.09495412844036698,809.9571009485019,Q5 highest,Q2
36047022800,167373,1400000US36047022800,40089.0,3632.0,2292.0,37.0,977.0,153.0,3455.0,1444.0,047,Brooklyn,0.6310572687224669,0.010187224669603524,0.04212555066079295,0.2689977973568282,0.3689427312775331,0.41794500723589,0.0,Q1 lowest,Q1 least POC
36047023000,150941,1400000US36047023000,53208.0,4243.0,3045.0,78.0,206.0,602.0,4243.0,1701.0,047,Brooklyn,0.7176526042894179,0.01838321942022154,0.14188074475606882,0.048550553853405606,0.2823473957105821,0.40089559274098513,0.0,Q2,Q1 least POC
36047023100,159414,1400000US36047023100,150288.0,3475.0,1700.0,855.0,124.0,531.0,3469.0,269.0,047,Brooklyn,0.4892086330935252,0.2460431654676259,0.15280575539568345,0.035683453237410075,0.5107913669064748,0.07754396079561833,0.0,Q5 highest,Q2
36047023300,171838,1400000US36047023300,80000.0,6821.0,2269.0,1973.0,759.0,1528.0,6803.0,2223.0,047,Brooklyn,0.3326491716757074,0.2892537751062894,0.22401407418267116,0.1112740067438792,0.6673508283242926,0.32676760252829634,1349.6410729937063,Q3,Q3
36047023400,169784,1400000US36047023400,31411.0,5275.0,4770.0,15.0,11.0,238.0,5232.0,2323.0,047,Brooklyn,0.9042654028436019,0.002843601895734597,0.045118483412322274,0.002085308056872038,0.0957345971563981,0.44399847094801226,0.0,Q1 lowest,Q1 least POC
36047023500,141574,1400000US36047023500,65417.0,5183.0,3967.0,253.0,247.0,659.0,5183.0,2527.0,047,Brooklyn,0.7653868415975303,0.0488134285163033,0.12714644028554892,0.04765579780050164,0.23461315840246966,0.48755546980513215,1086.961035675947,Q2,Q1 least POC
36047023600,169852,1400000US36047023600,36524.0,6342.0,5856.0,0.0,63.0,87.0,6342.0,2189.0,047,Brooklyn,0.923368022705771,0.0,0.013718070009460738,0.009933774834437087,0.07663197729422899,0.3451592557552822,0.0,Q1 lowest,Q1 least POC
36047022100,152080,1400000US36047022100,63636.0,3703.0,1240.0,1751.0,99.0,471.0,3703.0,1025.0,047,Brooklyn,0.33486362408857684,0.47285984337024034,0.12719416689170943,0.026735079665136375,0.6651363759114232,0.2768025924925736,210.42145281549722,Q2,Q3
36047024000,169751,1400000US36047024000,43371.0,6050.0,5176.0,153.0,8.0,526.0,5977.0,2663.0,047,Brooklyn,0.8555371900826446,0.02528925619834711,0.08694214876033057,0.001322314049586777,0.14446280991735538,0.4455412414254643,0.0,Q1 lowest,Q1 least POC
36047024200,191453,1400000US36047024200,56250.0,2916.0,2438.0,15.0,253.0,116.0,2916.0,531.0,047,Brooklyn,0.836076817558299,0.0051440329218107,0.039780521262002745,0.08676268861454046,0.163923182441701,0.18209876543209877,0.0,Q2,Q1 least POC
36047024400,155278,1400000US36047024400,58342.0,3478.0,2516.0,2.0,401.0,360.0,3456.0,1294.0,047,Brooklyn,0.723404255319149,0.0005750431282346176,0.10350776308223117,0.11529614721104083,0.276595744680851,0.3744212962962963,0.0,Q2,Q1 least POC
36047024500,166849,1400000US36047024500,100547.0,4488.0,1188.0,2291.0,380.0,367.0,4488.0,483.0,047,Brooklyn,0.2647058823529412,0.5104723707664884,0.08177361853832442,0.08467023172905526,0.7352941176470589,0.10762032085561497,633.7775664694093,Q4,Q3
36047024600,172880,1400000US36047024600,76652.0,3432.0,1504.0,57.0,1220.0,536.0,3377.0,494.0,047,Brooklyn,0.4382284382284382,0.016608391608391608,0.1561771561771562,0.3554778554778555,0.5617715617715617,0.14628368374296713,0.0,Q3,Q2
36047024800,176029,1400000US36047024800,61466.0,2479.0,1245.0,0.0,839.0,345.0,2479.0,406.0,047,Brooklyn,0.5022186365469947,0.0,0.13916901976603469,0.33844292053247277,0.4977813634530053,0.16377571601452198,0.0,Q2,Q2
36047024900,168496,1400000US36047024900,85871.0,3892.0,1567.0,1494.0,144.0,458.0,3856.0,677.0,047,Brooklyn,0.4026207605344296,0.38386433710174717,0.11767728674203494,0.03699897225077081,0.5973792394655704,0.17557053941908712,0.0,Q3,Q2
36047025000,173506,1400000US36047025000,51875.0,1712.0,133.0,8.0,1035.0,536.0,1706.0,315.0,047,Brooklyn,0.07768691588785047,0.004672897196261682,0.3130841121495327,0.6045560747663551,0.9223130841121495,0.1846424384525205,0.0,Q1 lowest,Q4
36047025100,138489,1400000US36047025100,56111.0,4416.0,1039.0,2270.0,110.0,807.0,4416.0,1414.0,047,Brooklyn,0.23528079710144928,0.5140398550724637,0.1827445652173913,0.024909420289855072,0.7647192028985508,0.32019927536231885,0.0,Q2,Q3
36047025200,181275,1400000US36047025200,54750.0,5057.0,1962.0,18.0,1881.0,865.0,5057.0,969.0,047,Brooklyn,0.3879770614989124,0.0035594225825588293,0.17105002966185484,0.37195965987739765,0.6120229385010876,0.19161558236108364,0.0,Q2,Q2
36047025300,161829,1400000US36047025300,87981.0,3907.0,1544.0,1455.0,76.0,570.0,3907.0,731.0,047,Brooklyn,0.395188123880215,0.37240849756846683,0.14589198873816228,0.019452265165088304,0.6048118761197849,0.18710007678525722,0.0,Q3,Q2
36047025600,173279,1400000US36047025600,69181.0,3005.0,680.0,0.0,2184.0,98.0,3005.0,400.0,047,Brooklyn,0.22628951747088186,0.0,0.032612312811980036,0.7267886855241265,0.7737104825291181,0.13311148086522462,0.0,Q2,Q3
36047025700,181125,1400000US36047025700,106579.0,2892.0,904.0,337.0,72.0,1476.0,2892.0,530.0,047,Brooklyn,0.31258644536652835,0.1165283540802213,0.5103734439834025,0.024896265560165973,0.6874135546334716,0.18326417704011064,0.0,Q4,Q3
36047025901,80219,1400000US36047025901,75341.0,2144.0,794.0,757.0,59.0,370.0,2144.0,658.0,047,Brooklyn,0.37033582089552236,0.3530783582089552,0.17257462686567165,0.02751865671641791,0.6296641791044777,0.3069029850746269,0.0,Q3,Q2
36047026000,162864,1400000US36047026000,61118.0,3116.0,1008.0,24.0,1332.0,604.0,3074.0,350.0,047,Brooklyn,0.32349165596919127,0.007702182284980745,0.19383825417201542,0.4274711168164313,0.6765083440308087,0.11385816525699415,0.0,Q2,Q3
36047035000,198571,1400000US36047035000,50599.0,3154.0,3134.0,0.0,0.0,20.0,3154.0,484.0,047,Brooklyn,0.9936588459099556,0.0,0.0063411540900443885,0.0,0.006341154090044432,0.1534559289790742,0.0,Q1 lowest,Q1 least POC
36047035200,990690,1400000US36047035200,12110.0,1439.0,964.0,281.0,101.0,74.0,1146.0,616.0,047,Brooklyn,0.669909659485754,0.19527449617790132,0.05142460041695622,0.07018763029881862,0.330090340514246,0.537521815008726,0.0,Q1 lowest,Q1 least POC
36047035400,378077,1400000US36047035400,56930.0,5507.0,5192.0,115.0,0.0,111.0,5507.0,735.0,047,Brooklyn,0.9428000726348283,0.020882513165062646,0.02015616488106047,0.0,0.057199927365171654,0.1334664971854004,0.0,Q2,Q1 least POC
36047035500,138406,1400000US36047035500,54005.0,5762.0,1074.0,3733.0,0.0,707.0,5762.0,842.0,047,Brooklyn,0.1863936133287053,0.6478653245400903,0.12270045123221104,0.0,0.8136063866712947,0.14612981603609856,0.0,Q2,Q3
36047035900,183575,1400000US36047035900,67264.0,6127.0,476.0,4175.0,104.0,753.0,6115.0,1382.0,047,Brooklyn,0.07768891790435777,0.6814101517871716,0.12289864534029704,0.016974049290027746,0.9223110820956423,0.2260016353229763,0.0,Q2,Q4
36047073400,151105,1400000US36047073400,96944.0,1390.0,56.0,974.0,92.0,99.0,1390.0,50.0,047,Brooklyn,0.04028776978417266,0.7007194244604317,0.07122302158273382,0.06618705035971223,0.9597122302158273,0.03597122302158273,0.0,Q4,Q4
36047075600,173546,1400000US36047075600,87396.0,1999.0,1517.0,78.0,172.0,199.0,1999.0,137.0,047,Brooklyn,0.7588794397198599,0.03901950975487744,0.09954977488744372,0.08604302151075538,0.24112056028014006,0.06853426713356678,0.0,Q3,Q1 least POC
36047073600,178017,1400000US36047073600,66213.0,2927.0,115.0,1691.0,632.0,303.0,2927.0,349.0,047,Brooklyn,0.039289374786470786,0.5777246327297574,0.10351896139391868,0.21592073795695252,0.9607106252135292,0.119234711308507,0.0,Q2,Q4
36047074000,162388,1400000US36047074000,64211.0,3979.0,336.0,2241.0,717.0,341.0,3956.0,815.0,047,Brooklyn,0.08444332746921338,0.5632068358884141,0.0856999246041719,0.18019602915305352,0.9155566725307867,0.20601617795753285,0.0,Q2,Q4
36047074400,170074,1400000US36047074400,155417.0,3152.0,2729.0,109.0,76.0,64.0,3152.0,497.0,047,Brooklyn,0.8657994923857868,0.034581218274111675,0.02030456852791878,0.024111675126903553,0.1342005076142132,0.1576776649746193,0.0,Q5 highest,Q1 least POC
36047074600,202040,1400000US36047074600,106923.0,2328.0,1940.0,205.0,98.0,67.0,2315.0,162.0,047,Brooklyn,0.8333333333333334,0.08805841924398626,0.028780068728522335,0.04209621993127148,0.16666666666666663,0.06997840172786177,0.0,Q4,Q1 least POC
36047074800,176549,1400000US36047074800,88958.0,1730.0,1253.0,268.0,123.0,73.0,1730.0,233.0,047,Brooklyn,0.7242774566473988,0.15491329479768787,0.042196531791907514,0.07109826589595376,0.27572254335260116,0.13468208092485548,0.0,Q4,Q1 least POC
36047075800,205261,1400000US36047075800,55061.0,1454.0,1178.0,68.0,51.0,18.0,1454.0,113.0,047,Brooklyn,0.8101788170563962,0.04676753782668501,0.012379642365887207,0.035075653370013754,0.18982118294360384,0.07771664374140302,0.0,Q2,Q1 least POC
36047076000,181582,1400000US36047076000,52021.0,2951.0,2281.0,306.0,29.0,61.0,2951.0,451.0,047,Brooklyn,0.7729583192138259,0.1036936631650288,0.020670958996950185,0.009827177228058285,0.22704168078617415,0.15282954930532022,0.0,Q1 lowest,Q1 least POC
36047076200,188043,1400000US36047076200,52929.0,4269.0,1425.0,415.0,1085.0,1177.0,4205.0,1430.0,047,Brooklyn,0.3338018271257906,0.09721246193487937,0.2757085968610916,0.2541578824080581,0.6661981728742095,0.3400713436385256,0.0,Q2,Q3
36047076600,82578,1400000US36047076600,76964.0,2150.0,257.0,1496.0,114.0,98.0,2150.0,236.0,047,Brooklyn,0.11953488372093023,0.695813953488372,0.045581395348837206,0.053023255813953486,0.8804651162790698,0.10976744186046512,0.0,Q3,Q4
36047077000,163281,1400000US36047077000,86768.0,2698.0,485.0,1873.0,144.0,73.0,2556.0,202.0,047,Brooklyn,0.17976278724981468,0.6942179392142328,0.027057079318013343,0.05337286879169755,0.8202372127501854,0.07902973395931143,0.0,Q3,Q3
36047095800,234373,1400000US36047095800,70826.0,3337.0,103.0,2694.0,33.0,260.0,3337.0,399.0,047,Brooklyn,0.03086604734791729,0.8073119568474678,0.07791429427629608,0.009889121965837579,0.9691339526520827,0.11956847467785436,0.0,Q2,Q4
36047096200,179100,1400000US36047096200,84048.0,1557.0,103.0,1210.0,87.0,131.0,1548.0,154.0,047,Brooklyn,0.06615285806037251,0.7771355170199101,0.08413615928066795,0.055876685934489405,0.9338471419396275,0.09948320413436693,0.0,Q3,Q4
36047096400,176581,1400000US36047096400,102639.0,2886.0,104.0,2122.0,109.0,210.0,2872.0,276.0,047,Brooklyn,0.036036036036036036,0.7352737352737353,0.07276507276507277,0.037768537768537766,0.963963963963964,0.09610027855153204,0.0,Q4,Q4
36047096800,149019,1400000US36047096800,97679.0,1688.0,59.0,895.0,98.0,450.0,1688.0,254.0,047,Brooklyn,0.03495260663507109,0.5302132701421801,0.2665876777251185,0.058056872037914695,0.965047393364929,0.1504739336492891,0.0,Q4,Q4
36047097000,163450,1400000US36047097000,64716.0,2470.0,164.0,1316.0,8.0,618.0,2470.0,262.0,047,Brooklyn,0.06639676113360324,0.5327935222672064,0.25020242914979757,0.0032388663967611335,0.9336032388663967,0.10607287449392712,0.0,Q2,Q4
36047097400,252349,1400000US36047097400,85234.0,2741.0,203.0,1901.0,60.0,464.0,2393.0,636.0,047,Brooklyn,0.07406056183874499,0.6935425027362276,0.1692812842028457,0.021889821233126595,0.925939438161255,0.26577517760133723,0.0,Q3,Q4
36047098400,112821,1400000US36047098400,112450.0,1959.0,103.0,1774.0,0.0,12.0,1935.0,104.0,047,Brooklyn,0.05257784583971414,0.9055640632976009,0.006125574272588055,0.0,0.9474221541602859,0.053746770025839795,0.0,Q5 highest,Q4
36047098600,155971,1400000US36047098600,94583.0,2548.0,132.0,1978.0,96.0,267.0,2548.0,263.0,047,Brooklyn,0.05180533751962323,0.7762951334379906,0.10478806907378337,0.03767660910518053,0.9481946624803768,0.1032182103610675,0.0,Q4,Q4
36047099000,163721,1400000US36047099000,88537.0,1688.0,8.0,1428.0,81.0,119.0,1683.0,113.0,047,Brooklyn,0.004739336492890996,0.8459715639810427,0.07049763033175356,0.04798578199052133,0.995260663507109,0.06714200831847891,0.0,Q4,Q5 most POC
36047099400,173970,1400000US36047099400,89744.0,1987.0,84.0,1613.0,82.0,110.0,1987.0,238.0,047,Brooklyn,0.042274786109713136,0.8117765475591344,0.055359838953195774,0.0412682435832914,0.9577252138902869,0.11977856064418722,0.0,Q4,Q4
36047099800,419733,1400000US36047099800,91458.0,3793.0,162.0,3439.0,21.0,127.0,3793.0,271.0,047,Brooklyn,0.0427102557342473,0.9066701819140522,0.03348273134721856,0.005536514632217242,0.9572897442657528,0.07144740311099394,4022.607676518437,Q4,Q4
36047100400,132054,1400000US36047100400,83872.0,3091.0,115.0,2672.0,50.0,133.0,3091.0,231.0,047,Brooklyn,0.03720478809446781,0.8644451633775477,0.04302814623099321,0.016175994823681657,0.9627952119055322,0.07473309608540925,0.0,Q3,Q4
36047100800,148898,1400000US36047100800,89191.0,2292.0,186.0,1875.0,27.0,145.0,2286.0,189.0,047,Brooklyn,0.08115183246073299,0.8180628272251309,0.06326352530541013,0.011780104712041885,0.918848167539267,0.08267716535433071,0.0,Q4,Q4
36047101000,171343,1400000US36047101000,62330.0,2764.0,195.0,2126.0,116.0,214.0,2726.0,482.0,047,Brooklyn,0.07054992764109985,0.7691751085383502,0.07742402315484805,0.041968162083936326,0.9294500723589001,0.1768158473954512,0.0,Q2,Q4
36047101200,160761,1400000US36047101200,89773.0,2231.0,39.0,1813.0,132.0,126.0,2231.0,179.0,047,Brooklyn,0.01748095024652622,0.8126400717167189,0.05647691618108472,0.05916629314208875,0.9825190497534738,0.08023307933662036,0.0,Q4,Q5 most POC
36047101400,154954,1400000US36047101400,72367.0,2025.0,66.0,1718.0,41.0,168.0,2003.0,181.0,047,Brooklyn,0.03259259259259259,0.8483950617283951,0.08296296296296296,0.020246913580246915,0.9674074074074074,0.09036445332001997,0.0,Q3,Q4
36047101600,112418,1400000US36047101600,122125.0,1555.0,37.0,1352.0,0.0,64.0,1549.0,27.0,047,Brooklyn,0.023794212218649517,0.8694533762057878,0.041157556270096464,0.0,0.9762057877813505,0.017430600387346677,0.0,Q5 highest,Q5 most POC
36085027706,438638,1400000US36085027706,73750.0,3336.0,1892.0,148.0,766.0,392.0,3318.0,703.0,085,Staten Island,0.5671462829736211,0.04436450839328537,0.11750599520383694,0.22961630695443644,0.43285371702637887,0.21187462326702833,0.0,Q3,Q2
36085018100,5198693,1400000US36085018100,99106.0,3538.0,2471.0,178.0,351.0,512.0,3244.0,512.0,085,Staten Island,0.6984171848501979,0.05031091011871114,0.14471452798191067,0.09920859242509893,0.3015828151498021,0.15782983970406905,0.0,Q4,Q1 least POC
36047026200,157859,1400000US36047026200,107760.0,2729.0,620.0,42.0,1731.0,254.0,2729.0,299.0,047,Brooklyn,0.22718944668376695,0.015390252839868083,0.09307438622205937,0.6342982777574203,0.772810553316233,0.10956394283620374,0.0,Q4,Q3
36047026300,119604,1400000US36047026300,77546.0,2253.0,414.0,1343.0,50.0,271.0,2230.0,437.0,047,Brooklyn,0.18375499334221038,0.5960940967598757,0.12028406569019086,0.022192632046160676,0.8162450066577897,0.1959641255605381,0.0,Q3,Q3
36047026400,189457,1400000US36047026400,73029.0,4423.0,1547.0,25.0,1523.0,1162.0,4358.0,670.0,047,Brooklyn,0.34976260456703595,0.005652272213429799,0.262717612480217,0.34433642324214336,0.6502373954329641,0.15374024782010096,0.0,Q3,Q3
36047026600,165897,1400000US36047026600,51724.0,3624.0,1153.0,0.0,1552.0,813.0,3610.0,544.0,047,Brooklyn,0.3181567328918322,0.0,0.22433774834437087,0.4282560706401766,0.6818432671081678,0.15069252077562326,0.0,Q1 lowest,Q3
36047026700,159563,1400000US36047026700,121771.0,4701.0,1534.0,1890.0,202.0,620.0,4591.0,444.0,047,Brooklyn,0.326313550308445,0.4020421186981493,0.1318868325888109,0.04296958094022548,0.673686449691555,0.09671095621868873,0.0,Q5 highest,Q3
36047027000,134003,1400000US36047027000,43269.0,2416.0,1378.0,0.0,722.0,316.0,2416.0,783.0,047,Brooklyn,0.570364238410596,0.0,0.13079470198675497,0.298841059602649,0.429635761589404,0.32408940397350994,0.0,Q1 lowest,Q2
36047027200,132147,1400000US36047027200,64286.0,3980.0,1504.0,0.0,1248.0,1217.0,3980.0,910.0,047,Brooklyn,0.3778894472361809,0.0,0.3057788944723618,0.3135678391959799,0.6221105527638191,0.228643216080402,0.0,Q2,Q2
36047027400,163364,1400000US36047027400,51738.0,3451.0,1241.0,37.0,1716.0,218.0,3399.0,516.0,047,Brooklyn,0.35960591133004927,0.010721529991306867,0.06317009562445668,0.4972471747319617,0.6403940886699507,0.15180935569285084,0.0,Q1 lowest,Q3
36047027500,162077,1400000US36047027500,85466.0,4695.0,644.0,3082.0,148.0,527.0,4671.0,944.0,047,Brooklyn,0.13716719914802983,0.6564430244941427,0.11224707135250266,0.03152289669861555,0.8628328008519701,0.20209805180903448,0.0,Q3,Q3
36047027600,149396,1400000US36047027600,60652.0,3740.0,1183.0,30.0,1446.0,836.0,3708.0,621.0,047,Brooklyn,0.31631016042780746,0.008021390374331552,0.2235294117647059,0.3866310160427808,0.6836898395721925,0.16747572815533981,0.0,Q2,Q3
36047027700,162108,1400000US36047027700,67926.0,4198.0,561.0,2973.0,10.0,460.0,4195.0,867.0,047,Brooklyn,0.13363506431634112,0.7081943782753692,0.1095759885659838,0.0023820867079561697,0.8663649356836589,0.2066746126340882,0.0,Q2,Q4
36047027800,160472,1400000US36047027800,66113.0,3124.0,1282.0,95.0,1451.0,268.0,3124.0,377.0,047,Brooklyn,0.41037131882202305,0.030409731113956465,0.08578745198463508,0.4644686299615877,0.589628681177977,0.1206786171574904,0.0,Q2,Q2
36047028100,161938,1400000US36047028100,43176.0,5196.0,669.0,2741.0,160.0,1467.0,5125.0,1554.0,047,Brooklyn,0.1287528868360277,0.5275211701308699,0.2823325635103926,0.030792917628945343,0.8712471131639723,0.30321951219512194,0.0,Q1 lowest,Q4
36047028400,164257,1400000US36047028400,58373.0,3328.0,1270.0,0.0,1314.0,694.0,3328.0,644.0,047,Brooklyn,0.3816105769230769,0.0,0.20853365384615385,0.3948317307692308,0.6183894230769231,0.1935096153846154,0.0,Q2,Q2
36047028502,119859,1400000US36047028502,34659.0,3451.0,0.0,2159.0,187.0,1021.0,3451.0,1510.0,047,Brooklyn,0.0,0.625615763546798,0.2958562735439003,0.054187192118226604,1.0,0.43755433207765865,0.0,Q1 lowest,Q5 most POC
36047028600,176618,1400000US36047028600,45918.0,5581.0,2025.0,215.0,1254.0,965.0,5581.0,1760.0,047,Brooklyn,0.3628382010392403,0.038523562085647736,0.17290808098907007,0.22469091560652213,0.6371617989607596,0.3153556710266977,0.0,Q1 lowest,Q2
36047028700,148811,1400000US36047028700,58247.0,3151.0,924.0,1125.0,133.0,969.0,3148.0,900.0,047,Brooklyn,0.29324024119327197,0.35702951443986036,0.3075214217708664,0.04220882259600127,0.706759758806728,0.28589580686149935,0.0,Q2,Q3
36047028800,152808,1400000US36047028800,58000.0,3150.0,985.0,9.0,1502.0,654.0,3068.0,530.0,047,Brooklyn,0.3126984126984127,0.002857142857142857,0.20761904761904762,0.4768253968253968,0.6873015873015873,0.1727509778357236,0.0,Q2,Q3
36047029000,154712,1400000US36047029000,55545.0,3232.0,1877.0,0.0,875.0,304.0,3232.0,921.0,047,Brooklyn,0.5807549504950495,0.0,0.09405940594059406,0.27073019801980197,0.41924504950495045,0.2849628712871287,0.0,Q2,Q2
36047029100,164644,1400000US36047029100,101719.0,3599.0,651.0,2115.0,111.0,539.0,3592.0,633.0,047,Brooklyn,0.18088357877188108,0.5876632397888303,0.14976382328424562,0.030841900527924425,0.8191164212281189,0.1762249443207127,0.0,Q4,Q3
36047029200,205508,1400000US36047029200,45708.0,2717.0,1099.0,111.0,681.0,658.0,2717.0,561.0,047,Brooklyn,0.40449024659550975,0.04085388295914612,0.24217887375782113,0.2506440927493559,0.5955097534044902,0.20647773279352227,0.0,Q1 lowest,Q2
36047029300,164460,1400000US36047029300,52361.0,3572.0,419.0,2199.0,126.0,763.0,3572.0,678.0,047,Brooklyn,0.11730123180291153,0.6156215005599104,0.21360582306830908,0.03527435610302351,0.8826987681970885,0.18980963045912655,0.0,Q1 lowest,Q4
36047029700,205561,1400000US36047029700,86225.0,4725.0,781.0,3541.0,47.0,60.0,4685.0,746.0,047,Brooklyn,0.1652910052910053,0.7494179894179894,0.012698412698412698,0.009947089947089947,0.8347089947089947,0.1592315901814301,0.0,Q3,Q3
36047029800,220827,1400000US36047029800,55214.0,4183.0,1766.0,50.0,1425.0,857.0,4183.0,1223.0,047,Brooklyn,0.42218503466411667,0.011953143676786996,0.2048768826201291,0.34066459478842936,0.5778149653358833,0.2923738943342099,0.0,Q2,Q2
36047029900,142218,1400000US36047029900,66989.0,2578.0,488.0,1376.0,6.0,631.0,2377.0,837.0,047,Brooklyn,0.18929402637703646,0.5337470907680373,0.2447633824670287,0.0023273855702094647,0.8107059736229636,0.3521245267143458,0.0,Q2,Q3
36047030000,195051,1400000US36047030000,52279.0,4283.0,1120.0,191.0,1841.0,615.0,4283.0,1198.0,047,Brooklyn,0.26149894933457857,0.044594910109736166,0.1435909409292552,0.4298388979687135,0.7385010506654215,0.2797104833060939,0.0,Q1 lowest,Q3
36047037000,336233,1400000US36047037000,79688.0,4184.0,2453.0,35.0,1158.0,367.0,4055.0,716.0,047,Brooklyn,0.5862810707456979,0.008365200764818356,0.0877151051625239,0.2767686424474187,0.4137189292543021,0.17657213316892725,0.0,Q3,Q2
36047037100,189347,1400000US36047037100,98281.0,4935.0,623.0,3377.0,19.0,749.0,4935.0,596.0,047,Brooklyn,0.12624113475177304,0.6842958459979737,0.15177304964539007,0.003850050658561297,0.873758865248227,0.12077001013171226,0.0,Q4,Q4
36047037300,170809,1400000US36047037300,71518.0,5391.0,916.0,3050.0,261.0,683.0,5380.0,1490.0,047,Brooklyn,0.1699128176590614,0.5657577443887961,0.12669263587460583,0.048414023372287146,0.8300871823409386,0.27695167286245354,0.0,Q3,Q3
36047036001,94811,1400000US36047036001,28952.0,3108.0,2668.0,11.0,57.0,101.0,3108.0,995.0,047,Brooklyn,0.8584298584298584,0.0035392535392535394,0.0324967824967825,0.01833976833976834,0.14157014157014158,0.32014157014157013,0.0,Q1 lowest,Q1 least POC
36047037500,158809,1400000US36047037500,80268.0,3711.0,617.0,1978.0,169.0,830.0,3708.0,679.0,047,Brooklyn,0.16626246294799246,0.5330099703583939,0.22365939099973053,0.04554028563729453,0.8337375370520075,0.1831175836030205,0.0,Q3,Q3
36047037700,190202,1400000US36047037700,77302.0,5042.0,1140.0,3028.0,105.0,582.0,4984.0,1008.0,047,Brooklyn,0.2261007536691789,0.6005553351844506,0.11543038476794923,0.020825069416898056,0.7738992463308211,0.20224719101123595,0.0,Q3,Q3
36047037900,183760,1400000US36047037900,49427.0,4819.0,254.0,4000.0,27.0,325.0,4737.0,1321.0,047,Brooklyn,0.05270803071176593,0.8300477277443453,0.06744137787922806,0.005602822162274331,0.9472919692882341,0.27886848216170573,0.0,Q1 lowest,Q4
36047036200,171110,1400000US36047036200,51768.0,3860.0,1803.0,45.0,599.0,735.0,3831.0,1135.0,047,Brooklyn,0.46709844559585495,0.011658031088082901,0.19041450777202074,0.15518134715025908,0.5329015544041451,0.2962672931349517,0.0,Q1 lowest,Q2
36047036400,143250,1400000US36047036400,56682.0,2216.0,1350.0,12.0,260.0,493.0,2216.0,340.0,047,Brooklyn,0.6092057761732852,0.005415162454873646,0.22247292418772563,0.11732851985559567,0.3907942238267148,0.15342960288808663,0.0,Q2,Q2
36047036501,126345,1400000US36047036501,64531.0,3528.0,12.0,2950.0,0.0,467.0,3528.0,753.0,047,Brooklyn,0.003401360544217687,0.8361678004535147,0.13236961451247165,0.0,0.9965986394557823,0.21343537414965985,0.0,Q2,Q5 most POC
36047036502,122056,1400000US36047036502,47279.0,1924.0,15.0,843.0,0.0,1012.0,1923.0,697.0,047,Brooklyn,0.007796257796257797,0.43814968814968813,0.525987525987526,0.0,0.9922037422037422,0.3624544981799272,30.302116718233236,Q1 lowest,Q5 most POC
36047036600,234143,1400000US36047036600,48075.0,4146.0,1800.0,147.0,786.0,864.0,3927.0,1185.0,047,Brooklyn,0.4341534008683068,0.03545586107091172,0.20839363241678727,0.18958031837916064,0.5658465991316932,0.3017570664629488,0.0,Q1 lowest,Q2
36047036900,226736,1400000US36047036900,38036.0,5666.0,577.0,3080.0,212.0,1687.0,5647.0,1667.0,047,Brooklyn,0.10183551006000706,0.5435933639251677,0.29774091069537595,0.03741616660783621,0.898164489939993,0.29520099167699665,0.0,Q1 lowest,Q4
36047038200,233431,1400000US36047038200,20908.0,5599.0,341.0,2298.0,1010.0,1765.0,5595.0,2773.0,047,Brooklyn,0.060903732809430254,0.4104304340060725,0.31523486336845863,0.1803893552420075,0.9390962671905697,0.49562109025915996,0.0,Q1 lowest,Q4
36047038600,251188,1400000US36047038600,90219.0,3123.0,1207.0,0.0,1136.0,674.0,3123.0,548.0,047,Brooklyn,0.3864873519052193,0.0,0.21581812359910343,0.3637528017931476,0.6135126480947807,0.175472302273455,0.0,Q4,Q2
36047038700,188275,1400000US36047038700,76150.0,4632.0,795.0,2545.0,603.0,577.0,4626.0,1344.0,047,Brooklyn,0.1716321243523316,0.5494386873920553,0.12456822107081174,0.13018134715025906,0.8283678756476685,0.2905317769130999,0.0,Q3,Q3
36047038800,197933,1400000US36047038800,76221.0,3996.0,2842.0,395.0,249.0,473.0,3991.0,546.0,047,Brooklyn,0.7112112112112112,0.09884884884884886,0.11836836836836837,0.06231231231231231,0.2887887887887888,0.13680781758957655,0.0,Q3,Q1 least POC
36047038900,162930,1400000US36047038900,83036.0,3045.0,1039.0,287.0,175.0,1468.0,3032.0,735.0,047,Brooklyn,0.3412151067323481,0.09425287356321839,0.48210180623973725,0.05747126436781609,0.6587848932676519,0.24241424802110817,0.0,Q3,Q3
36047039000,173850,1400000US36047039000,78088.0,2456.0,2216.0,0.0,72.0,168.0,2456.0,304.0,047,Brooklyn,0.9022801302931596,0.0,0.06840390879478828,0.029315960912052116,0.09771986970684043,0.1237785016286645,0.0,Q3,Q1 least POC
36047039100,166173,1400000US36047039100,96870.0,4759.0,1309.0,288.0,639.0,2475.0,4759.0,973.0,047,Brooklyn,0.2750577852490019,0.06051691531834419,0.5200672410170204,0.13427190586257617,0.7249422147509981,0.20445471737760035,0.0,Q4,Q3
36047039300,189603,1400000US36047039300,98672.0,4198.0,1199.0,539.0,533.0,1767.0,4198.0,582.0,047,Brooklyn,0.28561219628394474,0.12839447355883754,0.42091472129585517,0.12696522153406384,0.7143878037160553,0.13863744640304906,0.0,Q4,Q3
36047077200,404333,1400000US36047077200,83971.0,3297.0,1121.0,1414.0,87.0,449.0,3276.0,555.0,047,Brooklyn,0.3400060661207158,0.4288747346072187,0.1361844100697604,0.026387625113739762,0.6599939338792842,0.16941391941391942,0.0,Q3,Q3
36047077400,147764,1400000US36047077400,86455.0,3392.0,713.0,1946.0,239.0,418.0,3392.0,256.0,047,Brooklyn,0.2102004716981132,0.5737028301886793,0.12323113207547169,0.07045990566037735,0.7897995283018868,0.07547169811320754,0.0,Q3,Q3
36047077600,186545,1400000US36047077600,75335.0,3664.0,472.0,2626.0,382.0,147.0,3664.0,206.0,047,Brooklyn,0.12882096069868995,0.7167030567685589,0.040120087336244545,0.10425764192139737,0.87117903930131,0.056222707423580785,0.0,Q3,Q4
36047078200,168304,1400000US36047078200,65183.0,4087.0,35.0,2773.0,104.0,926.0,4087.0,604.0,047,Brooklyn,0.008563738683631025,0.678492781991681,0.22657205774406655,0.025446537802789333,0.991436261316369,0.14778566185466113,0.0,Q2,Q5 most POC
36047058400,188225,1400000US36047058400,71944.0,3526.0,2560.0,0.0,855.0,55.0,3526.0,332.0,047,Brooklyn,0.7260351673284174,0.0,0.01559841179807147,0.24248440158820192,0.27396483267158256,0.09415768576290415,0.0,Q3,Q1 least POC
36047007700,389422,1400000US36047007700,199067.0,5639.0,4470.0,126.0,410.0,232.0,5639.0,235.0,047,Brooklyn,0.7926937400248271,0.022344387302713247,0.041142046462138676,0.07270792693740025,0.20730625997517294,0.04167405568363185,383.6565468261404,Q5 highest,Q1 least POC
36047046201,128315,1400000US36047046201,40058.0,2448.0,1771.0,9.0,422.0,83.0,2448.0,347.0,047,Brooklyn,0.7234477124183006,0.003676470588235294,0.03390522875816993,0.17238562091503268,0.27655228758169936,0.1417483660130719,0.0,Q1 lowest,Q1 least POC
36047036700,182968,1400000US36047036700,66410.0,1943.0,112.0,798.0,0.0,976.0,1943.0,336.0,047,Brooklyn,0.05764282038085435,0.4107050952135872,0.5023160061760165,0.0,0.9423571796191457,0.17292846114256305,0.0,Q2,Q4
36047003000,110188,1400000US36047003000,122861.0,1738.0,990.0,16.0,519.0,173.0,1738.0,92.0,047,Brooklyn,0.569620253164557,0.009205983889528193,0.09953970080552359,0.29861910241657075,0.430379746835443,0.05293440736478711,0.0,Q5 highest,Q2
36047030400,465276,1400000US36047030400,53693.0,4150.0,1427.0,69.0,1707.0,755.0,4120.0,981.0,047,Brooklyn,0.343855421686747,0.016626506024096384,0.1819277108433735,0.4113253012048193,0.656144578313253,0.23810679611650484,1970.674497847986,Q2,Q3
36047030600,193681,1400000US36047030600,55278.0,1950.0,753.0,10.0,848.0,301.0,1931.0,351.0,047,Brooklyn,0.3861538461538462,0.005128205128205128,0.15435897435897436,0.4348717948717949,0.6138461538461538,0.1817711030554117,0.0,Q2,Q2
36047030700,266958,1400000US36047030700,42902.0,6297.0,616.0,4632.0,98.0,781.0,6268.0,1782.0,047,Brooklyn,0.09782436080673336,0.7355883754168652,0.12402731459425123,0.015562966491980308,0.9021756391932666,0.284301212507977,0.0,Q1 lowest,Q4
36047030100,194435,1400000US36047030100,110938.0,3172.0,468.0,2072.0,42.0,521.0,3155.0,706.0,047,Brooklyn,0.14754098360655737,0.6532156368221942,0.16424968474148802,0.013240857503152586,0.8524590163934427,0.2237717908082409,0.0,Q4,Q3
36047030800,681579,1400000US36047030800,64545.0,1905.0,891.0,0.0,847.0,111.0,1905.0,148.0,047,Brooklyn,0.46771653543307085,0.0,0.05826771653543307,0.44461942257217846,0.5322834645669292,0.07769028871391076,0.0,Q2,Q2
36047031100,152683,1400000US36047031100,82726.0,2825.0,522.0,1787.0,129.0,282.0,2825.0,540.0,047,Brooklyn,0.1847787610619469,0.6325663716814159,0.09982300884955753,0.04566371681415929,0.8152212389380531,0.1911504424778761,0.0,Q3,Q3
36047031500,180191,1400000US36047031500,88200.0,5316.0,2158.0,2163.0,207.0,553.0,5311.0,600.0,047,Brooklyn,0.40594431903686984,0.4068848758465011,0.10402558314522198,0.03893905191873589,0.5940556809631301,0.1129730747505178,447.3453224593651,Q4,Q2
36047031701,139741,1400000US36047031701,104056.0,4558.0,1078.0,2641.0,241.0,335.0,4558.0,566.0,047,Brooklyn,0.23650724001755155,0.5794207985958754,0.07349714787187363,0.05287406757349715,0.7634927599824485,0.12417727073277754,0.0,Q4,Q3
36047030200,211197,1400000US36047030200,83068.0,4052.0,1262.0,45.0,2415.0,185.0,4052.0,618.0,047,Brooklyn,0.31145113524185586,0.011105626850937808,0.04565646594274432,0.5960019743336624,0.6885488647581441,0.1525172754195459,0.0,Q3,Q3
36047031900,151346,1400000US36047031900,89468.0,3175.0,1640.0,1297.0,49.0,189.0,3175.0,211.0,047,Brooklyn,0.5165354330708661,0.408503937007874,0.05952755905511811,0.015433070866141733,0.48346456692913387,0.06645669291338582,0.0,Q4,Q2
36047032300,173046,1400000US36047032300,72353.0,3256.0,548.0,1999.0,0.0,548.0,3256.0,575.0,047,Brooklyn,0.1683046683046683,0.6139434889434889,0.1683046683046683,0.0,0.8316953316953317,0.1765970515970516,0.0,Q3,Q3
36047032700,177080,1400000US36047032700,68611.0,2687.0,652.0,1476.0,66.0,444.0,2687.0,341.0,047,Brooklyn,0.24264979531075548,0.5493114998139189,0.16524004465947154,0.024562709341272793,0.7573502046892445,0.1269073315965761,0.0,Q2,Q3
36047032800,232836,1400000US36047032800,45603.0,2917.0,377.0,853.0,980.0,684.0,2916.0,648.0,047,Brooklyn,0.12924237230030852,0.29242372300308533,0.23448748714432635,0.33596160438806993,0.8707576276996914,0.2222222222222222,0.0,Q1 lowest,Q4
36047033000,372143,1400000US36047033000,20329.0,4774.0,822.0,1965.0,318.0,1335.0,4774.0,2185.0,047,Brooklyn,0.1721826560536238,0.4116045245077503,0.2796397151235861,0.06661080854629242,0.8278173439463762,0.4576874738165061,0.0,Q1 lowest,Q3
36047033100,142466,1400000US36047033100,48306.0,4192.0,1805.0,2010.0,0.0,184.0,4192.0,1165.0,047,Brooklyn,0.4305820610687023,0.4794847328244275,0.04389312977099236,0.0,0.5694179389312977,0.27791030534351147,0.0,Q1 lowest,Q2
36047033500,180682,1400000US36047033500,80833.0,3221.0,1719.0,1127.0,21.0,148.0,2879.0,709.0,047,Brooklyn,0.5336851909344924,0.3498913380937597,0.04594846321018317,0.006519714374417882,0.4663148090655076,0.2462660646057659,0.0,Q3,Q2
36047033600,688235,1400000US36047033600,83833.0,5269.0,3578.0,313.0,1014.0,289.0,5117.0,624.0,047,Brooklyn,0.67906623647751,0.05940406149174417,0.05484911747959765,0.19244638451319035,0.32093376352249003,0.12194645299980457,0.0,Q3,Q1 least POC
36047033900,180739,1400000US36047033900,44947.0,4816.0,988.0,2647.0,327.0,436.0,4812.0,1200.0,047,Brooklyn,0.20514950166112958,0.5496262458471761,0.09053156146179402,0.06789867109634551,0.7948504983388704,0.24937655860349128,0.0,Q1 lowest,Q3
36047034100,139770,1400000US36047034100,81116.0,2991.0,539.0,1854.0,53.0,273.0,2750.0,488.0,047,Brooklyn,0.18020728853226345,0.6198595787362087,0.09127382146439318,0.017719826145101973,0.8197927114677366,0.17745454545454545,0.0,Q3,Q3
36047034200,229959,1400000US36047034200,20706.0,6735.0,1914.0,2282.0,153.0,2217.0,6654.0,2793.0,047,Brooklyn,0.28418708240534524,0.33882702301410544,0.3291759465478842,0.02271714922048998,0.7158129175946548,0.4197475202885482,0.0,Q1 lowest,Q3
36047034300,162156,1400000US36047034300,25083.0,4726.0,380.0,2656.0,0.0,1288.0,4726.0,2164.0,047,Brooklyn,0.08040626322471435,0.5619974608548456,0.27253491324587387,0.0,0.9195937367752857,0.45789250952179433,0.0,Q1 lowest,Q4
36047034500,163593,1400000US36047034500,55774.0,2661.0,819.0,1438.0,78.0,199.0,2620.0,402.0,047,Brooklyn,0.30777903043968435,0.5403983464862834,0.07478391582111987,0.029312288613303268,0.6922209695603156,0.1534351145038168,0.0,Q2,Q3
36047040300,210275,1400000US36047040300,86309.0,4426.0,935.0,2296.0,166.0,950.0,4407.0,1043.0,047,Brooklyn,0.21125169453230908,0.5187528242205152,0.21464075915047448,0.03750564844103028,0.7887483054676909,0.23666893578398004,0.0,Q3,Q3
36047040500,138996,1400000US36047040500,66362.0,1516.0,257.0,458.0,52.0,675.0,1516.0,315.0,047,Brooklyn,0.1695250659630607,0.3021108179419525,0.44525065963060684,0.03430079155672823,0.8304749340369393,0.20778364116094986,0.0,Q2,Q3
36047041100,134881,1400000US36047041100,58377.0,2925.0,549.0,965.0,69.0,1002.0,2925.0,638.0,047,Brooklyn,0.18769230769230769,0.3299145299145299,0.3425641025641026,0.02358974358974359,0.8123076923076923,0.2181196581196581,0.0,Q2,Q3
36047041200,165322,1400000US36047041200,115714.0,3312.0,1815.0,0.0,1243.0,183.0,3312.0,736.0,047,Brooklyn,0.5480072463768116,0.0,0.0552536231884058,0.37530193236714976,0.45199275362318836,0.2222222222222222,0.0,Q5 highest,Q2
36047039500,159720,1400000US36047039500,52188.0,3676.0,1184.0,1224.0,98.0,1062.0,3676.0,887.0,047,Brooklyn,0.3220892274211099,0.33297062023939067,0.28890097932535364,0.02665941240478781,0.6779107725788901,0.24129488574537541,0.0,Q1 lowest,Q3
36047041300,162165,1400000US36047041300,86190.0,3664.0,879.0,833.0,148.0,1653.0,3664.0,536.0,047,Brooklyn,0.23990174672489084,0.2273471615720524,0.451146288209607,0.04039301310043668,0.7600982532751092,0.1462882096069869,0.0,Q3,Q3
36047039600,163301,1400000US36047039600,82868.0,2028.0,1736.0,32.0,32.0,150.0,2028.0,239.0,047,Brooklyn,0.8560157790927022,0.015779092702169626,0.07396449704142012,0.015779092702169626,0.1439842209072978,0.1178500986193294,0.0,Q3,Q1 least POC
36047039700,159173,1400000US36047039700,79087.0,3010.0,754.0,1101.0,47.0,1020.0,2999.0,364.0,047,Brooklyn,0.2504983388704319,0.36578073089700996,0.3388704318936877,0.015614617940199336,0.7495016611295682,0.12137379126375458,0.0,Q3,Q3
36047039800,202902,1400000US36047039800,81078.0,3042.0,518.0,0.0,1696.0,543.0,3016.0,438.0,047,Brooklyn,0.1702827087442472,0.0,0.17850098619329388,0.5575279421433268,0.8297172912557528,0.14522546419098142,0.0,Q3,Q3
36047039900,151244,1400000US36047039900,61543.0,4434.0,581.0,1336.0,72.0,2163.0,4404.0,1111.0,047,Brooklyn,0.13103292737934144,0.3013080739738385,0.4878213802435724,0.016238159675236806,0.8689670726206585,0.2522706630336058,0.0,Q2,Q4
36047040000,192000,1400000US36047040000,56541.0,2656.0,986.0,39.0,1301.0,322.0,2606.0,441.0,047,Brooklyn,0.37123493975903615,0.014683734939759037,0.12123493975903614,0.4898343373493976,0.6287650602409638,0.16922486569455103,0.0,Q2,Q2
36047040200,197509,1400000US36047040200,67986.0,2702.0,586.0,0.0,1711.0,334.0,2702.0,553.0,047,Brooklyn,0.21687638786084382,0.0,0.1236121391561806,0.6332346410066617,0.7831236121391562,0.20466321243523317,0.0,Q2,Q3
36047041401,135123,1400000US36047041401,52750.0,1233.0,920.0,56.0,61.0,146.0,1233.0,321.0,047,Brooklyn,0.7461476074614761,0.0454176804541768,0.11841038118410381,0.0494728304947283,0.2538523925385239,0.26034063260340634,0.0,Q2,Q1 least POC
36047041500,162692,1400000US36047041500,93211.0,4906.0,714.0,1876.0,156.0,2015.0,4906.0,1004.0,047,Brooklyn,0.14553607827150428,0.3823889115368936,0.4107215654300856,0.031797798613942115,0.8544639217284957,0.20464737056665308,0.0,Q4,Q3
36047041600,162563,1400000US36047041600,62050.0,2248.0,1423.0,27.0,97.0,325.0,2248.0,278.0,047,Brooklyn,0.6330071174377224,0.01201067615658363,0.1445729537366548,0.04314946619217082,0.3669928825622776,0.12366548042704627,0.0,Q2,Q1 least POC
36047041800,164317,1400000US36047041800,53830.0,2598.0,2005.0,6.0,188.0,281.0,2549.0,581.0,047,Brooklyn,0.7717474980754426,0.0023094688221709007,0.10816012317167052,0.07236335642802155,0.22825250192455737,0.22793252255786584,0.0,Q2,Q1 least POC
36047041900,153013,1400000US36047041900,62656.0,3588.0,630.0,736.0,361.0,1835.0,3588.0,1278.0,047,Brooklyn,0.17558528428093645,0.20512820512820512,0.5114269788182831,0.10061315496098104,0.8244147157190636,0.35618729096989965,0.0,Q2,Q3
36047042100,153368,1400000US36047042100,97250.0,4421.0,1206.0,382.0,233.0,2448.0,4421.0,818.0,047,Brooklyn,0.27278896177335443,0.08640579054512554,0.5537208776294956,0.05270300836914725,0.7272110382266456,0.18502601221443113,0.0,Q4,Q3
36047042300,182231,1400000US36047042300,95506.0,4235.0,1228.0,253.0,308.0,2242.0,4021.0,512.0,047,Brooklyn,0.2899645808736718,0.05974025974025974,0.5293978748524203,0.07272727272727272,0.7100354191263283,0.12733150957473266,0.0,Q4,Q3
36047042500,167847,1400000US36047042500,89044.0,3460.0,768.0,169.0,38.0,2420.0,3445.0,862.0,047,Brooklyn,0.22196531791907514,0.048843930635838154,0.6994219653179191,0.010982658959537572,0.7780346820809249,0.2502177068214804,0.0,Q4,Q3
36047042600,170007,1400000US36047042600,77500.0,4981.0,1750.0,31.0,1712.0,1313.0,4841.0,1457.0,047,Brooklyn,0.35133507327845814,0.006223649869504116,0.26360168640835174,0.34370608311584017,0.6486649267215419,0.30097087378640774,0.0,Q3,Q3
36047042700,148265,1400000US36047042700,91750.0,4672.0,1834.0,175.0,259.0,2082.0,4672.0,671.0,047,Brooklyn,0.3925513698630137,0.037457191780821915,0.4456335616438356,0.05543664383561644,0.6074486301369864,0.14362157534246575,0.0,Q4,Q2
36047042800,164702,1400000US36047042800,78807.0,3928.0,1841.0,40.0,1500.0,351.0,3928.0,388.0,047,Brooklyn,0.4686863543788187,0.010183299389002037,0.08935845213849287,0.3818737270875764,0.5313136456211813,0.09877800407331976,0.0,Q3,Q2
36047042900,168134,1400000US36047042900,67908.0,5159.0,1095.0,175.0,277.0,3213.0,5159.0,1344.0,047,Brooklyn,0.21225043613103314,0.033921302578018994,0.6227951153324288,0.05369257608063578,0.7877495638689669,0.26051560379918587,0.0,Q2,Q3
36047043000,160032,1400000US36047043000,52652.0,3944.0,1450.0,5.0,1530.0,722.0,3944.0,518.0,047,Brooklyn,0.36764705882352944,0.0012677484787018255,0.1830628803245436,0.3879310344827586,0.6323529411764706,0.13133874239350912,0.0,Q2,Q2
36047043100,168207,1400000US36047043100,86530.0,4065.0,1449.0,240.0,312.0,1877.0,4065.0,317.0,047,Brooklyn,0.35645756457564576,0.05904059040590406,0.4617466174661747,0.07675276752767528,0.6435424354243542,0.07798277982779828,0.0,Q3,Q3
36047039200,174602,1400000US36047039200,54276.0,3351.0,2404.0,348.0,55.0,532.0,3351.0,400.0,047,Brooklyn,0.717397791703969,0.10384959713518353,0.15875857952849895,0.016413011041480154,0.282602208296031,0.11936735302894658,0.0,Q2,Q1 least POC
36047041402,154394,1400000US36047041402,45625.0,1963.0,1256.0,0.0,200.0,284.0,1937.0,486.0,047,Brooklyn,0.6398369842078452,0.0,0.14467651553744268,0.10188487009679063,0.3601630157921548,0.2509034589571502,0.0,Q1 lowest,Q1 least POC
36047021200,190833,1400000US36047021200,62519.0,3986.0,861.0,0.0,2804.0,321.0,3956.0,962.0,047,Brooklyn,0.21600602107375816,0.0,0.08053186151530356,0.7034621174109383,0.7839939789262418,0.24317492416582406,0.0,Q2,Q3
36047019400,178420,1400000US36047019400,49309.0,3149.0,425.0,11.0,2115.0,573.0,3145.0,953.0,047,Brooklyn,0.13496348046999046,0.003493172435693871,0.1819625277865989,0.6716417910447762,0.8650365195300096,0.30302066772655006,0.0,Q1 lowest,Q3
36047117602,143799,1400000US36047117602,56970.0,3043.0,251.0,240.0,180.0,2182.0,2976.0,536.0,047,Brooklyn,0.08248439040420638,0.07886953664147223,0.7170555372987184,0.05915215248110418,0.9175156095957936,0.18010752688172044,0.04410303265212153,Q2,Q4
36047041700,141142,1400000US36047041700,31250.0,3400.0,306.0,776.0,154.0,2123.0,3400.0,939.0,047,Brooklyn,0.09,0.22823529411764706,0.6244117647058823,0.045294117647058825,0.91,0.2761764705882353,0.0,Q1 lowest,Q4
36047089800,154357,1400000US36047089800,76726.0,2238.0,74.0,1374.0,0.0,246.0,2238.0,299.0,047,Brooklyn,0.03306523681858802,0.613941018766756,0.10991957104557641,0.0,0.966934763181412,0.13360142984807863,0.0,Q3,Q4
36047072800,212050,1400000US36047072800,71218.0,3899.0,51.0,3218.0,256.0,144.0,3868.0,278.0,047,Brooklyn,0.013080276994101052,0.8253398307258272,0.03693254680687356,0.06565786098999743,0.9869197230058989,0.0718717683557394,0.0,Q3,Q5 most POC
36047036002,86032,1400000US36047036002,38047.0,4321.0,3748.0,141.0,127.0,1.0,4316.0,1157.0,047,Brooklyn,0.8673918074519787,0.03263133533904189,0.00023142791020597085,0.029391344596158296,0.13260819254802125,0.2680722891566265,0.0,Q1 lowest,Q1 least POC
36047098800,161941,1400000US36047098800,75662.0,2920.0,60.0,2263.0,171.0,335.0,2598.0,112.0,047,Brooklyn,0.02054794520547945,0.775,0.11472602739726027,0.05856164383561644,0.9794520547945206,0.04311008468052348,0.0,Q3,Q5 most POC
36047059600,173084,1400000US36047059600,53212.0,2344.0,1711.0,37.0,432.0,0.0,2344.0,304.0,047,Brooklyn,0.7299488054607508,0.015784982935153583,0.0,0.18430034129692832,0.2700511945392492,0.1296928327645051,0.0,Q2,Q1 least POC
36047058200,161534,1400000US36047058200,54567.0,2340.0,1015.0,71.0,527.0,680.0,2340.0,233.0,047,Brooklyn,0.4337606837606838,0.03034188034188034,0.2905982905982906,0.22521367521367522,0.5662393162393162,0.09957264957264957,0.0,Q2,Q2
36047068600,148006,1400000US36047068600,88194.0,1734.0,876.0,674.0,171.0,13.0,1734.0,59.0,047,Brooklyn,0.5051903114186851,0.3886966551326413,0.007497116493656286,0.0986159169550173,0.4948096885813149,0.034025374855824686,0.0,Q4,Q2
36047025400,175492,1400000US36047025400,83637.0,3145.0,1203.0,0.0,1463.0,479.0,3145.0,499.0,047,Brooklyn,0.38251192368839426,0.0,0.15230524642289348,0.46518282988871223,0.6174880763116057,0.15866454689984102,0.0,Q3,Q2
36047032100,160095,1400000US36047032100,73949.0,5168.0,1102.0,2626.0,192.0,1126.0,5165.0,614.0,047,Brooklyn,0.21323529411764705,0.5081269349845201,0.21787925696594426,0.03715170278637771,0.7867647058823529,0.11887705711519846,0.0,Q3,Q3
36047081600,179640,1400000US36047081600,100000.0,2969.0,239.0,2377.0,114.0,199.0,2954.0,308.0,047,Brooklyn,0.080498484338161,0.8006062647356013,0.06702593465813406,0.038396766588076794,0.919501515661839,0.10426540284360189,0.0,Q4,Q4
36047019500,137028,1400000US36047019500,110594.0,3506.0,1739.0,1189.0,53.0,300.0,3506.0,393.0,047,Brooklyn,0.4960068454078722,0.33913291500285225,0.08556759840273816,0.015116942384483743,0.5039931545921278,0.11209355390758699,0.0,Q4,Q2
36047044800,224533,1400000US36047044800,76364.0,1839.0,1453.0,14.0,219.0,138.0,1823.0,177.0,047,Brooklyn,0.7901033170201196,0.0076128330614464385,0.07504078303425775,0.11908646003262642,0.2098966829798804,0.09709270433351619,0.0,Q3,Q1 least POC
36047007400,141287,1400000US36047007400,70508.0,5634.0,636.0,12.0,1592.0,3378.0,5582.0,1229.0,047,Brooklyn,0.11288604898828541,0.002129925452609159,0.5995740149094781,0.2825701100461484,0.8871139510117145,0.22017198136868507,2102.706145851434,Q2,Q4
36047004600,289094,1400000US36047004600,,1239.0,943.0,0.0,137.0,159.0,1239.0,116.0,047,Brooklyn,0.7610976594027441,0.0,0.12832929782082325,0.11057304277643261,0.2389023405972559,0.09362389023405973,0.0,,Q1 least POC
36047043200,148819,1400000US36047043200,81548.0,4350.0,1597.0,2.0,1708.0,752.0,4350.0,709.0,047,Brooklyn,0.3671264367816092,0.0004597701149425287,0.1728735632183908,0.39264367816091955,0.6328735632183908,0.16298850574712645,0.0,Q3,Q2
36047043300,168245,1400000US36047043300,40000.0,3455.0,303.0,945.0,106.0,1900.0,3455.0,1099.0,047,Brooklyn,0.08769898697539798,0.2735166425470333,0.5499276410998553,0.030680173661360347,0.912301013024602,0.31808972503617944,0.0,Q1 lowest,Q4
36047043400,139658,1400000US36047043400,60724.0,3911.0,1582.0,85.0,1579.0,376.0,3911.0,1064.0,047,Brooklyn,0.40450012784454104,0.021733571976476605,0.09613909486064945,0.40373306059831243,0.595499872155459,0.27205318332907186,0.0,Q2,Q2
36047043500,168159,1400000US36047043500,82967.0,4992.0,735.0,578.0,421.0,3150.0,4992.0,1062.0,047,Brooklyn,0.14723557692307693,0.11578525641025642,0.6310096153846154,0.0843349358974359,0.8527644230769231,0.2127403846153846,0.0,Q3,Q3
36047043900,200003,1400000US36047043900,71471.0,3390.0,285.0,707.0,448.0,1923.0,3390.0,692.0,047,Brooklyn,0.084070796460177,0.20855457227138643,0.5672566371681416,0.13215339233038348,0.915929203539823,0.20412979351032448,0.0,Q3,Q4
36047044000,201541,1400000US36047044000,85000.0,2900.0,2083.0,17.0,192.0,565.0,2900.0,588.0,047,Brooklyn,0.7182758620689655,0.0058620689655172415,0.19482758620689655,0.06620689655172414,0.28172413793103446,0.20275862068965517,0.0,Q3,Q1 least POC
36047044100,142020,1400000US36047044100,63378.0,5391.0,983.0,355.0,384.0,3579.0,5317.0,1535.0,047,Brooklyn,0.18234093860137265,0.06585049156000743,0.6638842515303284,0.07122982749026155,0.8176590613986273,0.2886966334399097,0.0,Q2,Q3
36047044200,182832,1400000US36047044200,69722.0,2575.0,2464.0,9.0,0.0,67.0,2575.0,499.0,047,Brooklyn,0.9568932038834952,0.003495145631067961,0.026019417475728154,0.0,0.04310679611650481,0.1937864077669903,0.0,Q2,Q1 least POC
36047044300,167769,1400000US36047044300,94327.0,4470.0,1592.0,55.0,261.0,2400.0,4470.0,811.0,047,Brooklyn,0.3561521252796421,0.012304250559284116,0.5369127516778524,0.05838926174496644,0.643847874720358,0.1814317673378076,0.0,Q4,Q3
36047044400,174544,1400000US36047044400,65500.0,3294.0,2533.0,37.0,117.0,598.0,3294.0,881.0,047,Brooklyn,0.7689738919247116,0.011232544019429266,0.18154219793564055,0.03551912568306011,0.23102610807528845,0.26745598057073466,0.0,Q2,Q1 least POC
36047044500,169739,1400000US36047044500,84318.0,4335.0,1017.0,107.0,522.0,2527.0,4335.0,942.0,047,Brooklyn,0.23460207612456746,0.024682814302191464,0.5829296424452134,0.12041522491349481,0.7653979238754325,0.21730103806228374,0.0,Q3,Q3
36047044600,141744,1400000US36047044600,59464.0,1947.0,660.0,27.0,752.0,371.0,1947.0,217.0,047,Brooklyn,0.3389830508474576,0.01386748844375963,0.19054956343091936,0.38623523369286084,0.6610169491525424,0.11145351823317926,0.0,Q2,Q3
36047045000,220368,1400000US36047045000,84583.0,837.0,706.0,10.0,45.0,30.0,837.0,290.0,047,Brooklyn,0.8434886499402628,0.011947431302270013,0.035842293906810034,0.053763440860215055,0.15651135005973715,0.34647550776583036,0.0,Q3,Q1 least POC
36047045200,186316,1400000US36047045200,71890.0,2781.0,2372.0,47.0,110.0,67.0,2781.0,203.0,047,Brooklyn,0.8529306005034161,0.01690039554117224,0.02409205321826681,0.039554117224020136,0.14706939949658393,0.07299532542250989,0.0,Q3,Q1 least POC
36047045300,319529,1400000US36047045300,61420.0,2253.0,599.0,564.0,56.0,831.0,2236.0,997.0,047,Brooklyn,0.2658677319130049,0.25033288948069243,0.36884154460719043,0.024855747891699954,0.734132268086995,0.4458855098389982,1464.0903045727223,Q2,Q3
36047045400,132312,1400000US36047045400,88456.0,1882.0,1156.0,337.0,10.0,353.0,1882.0,145.0,047,Brooklyn,0.614240170031881,0.17906482465462273,0.1875664187035069,0.005313496280552604,0.385759829968119,0.07704569606801276,0.0,Q4,Q1 least POC
36047079400,222181,1400000US36047079400,77153.0,2245.0,163.0,1309.0,37.0,467.0,2220.0,516.0,047,Brooklyn,0.07260579064587973,0.5830734966592428,0.20801781737193764,0.01648106904231626,0.9273942093541203,0.23243243243243245,0.0,Q3,Q4
36047080400,189757,1400000US36047080400,56722.0,3363.0,429.0,2384.0,138.0,227.0,3363.0,401.0,047,Brooklyn,0.12756467439785907,0.7088908712459114,0.06749925661611657,0.04103479036574487,0.8724353256021409,0.1192387749033601,0.0,Q2,Q4
36047080600,166310,1400000US36047080600,70954.0,3591.0,972.0,2132.0,79.0,129.0,3591.0,478.0,047,Brooklyn,0.2706766917293233,0.5937064884433305,0.03592314118629908,0.02199944305207463,0.7293233082706767,0.13311055416318573,0.0,Q2,Q3
36047048200,196675,1400000US36047048200,53301.0,5856.0,2275.0,334.0,1770.0,1442.0,5856.0,834.0,047,Brooklyn,0.3884904371584699,0.05703551912568306,0.2462431693989071,0.30225409836065575,0.6115095628415301,0.14241803278688525,0.0,Q2,Q2
36047007800,138114,1400000US36047007800,66029.0,5715.0,721.0,48.0,419.0,4485.0,5649.0,1170.0,047,Brooklyn,0.12615923009623797,0.008398950131233596,0.7847769028871391,0.07331583552055992,0.873840769903762,0.20711630377057885,2082.7678268528543,Q2,Q4
36047028501,83218,1400000US36047028501,55192.0,459.0,162.0,78.0,57.0,154.0,446.0,148.0,047,Brooklyn,0.35294117647058826,0.16993464052287582,0.3355119825708061,0.12418300653594772,0.6470588235294117,0.33183856502242154,0.0,Q2,Q3
36047026100,199415,1400000US36047026100,81827.0,5504.0,1236.0,2202.0,591.0,1265.0,5498.0,1886.0,047,Brooklyn,0.2245639534883721,0.40007267441860467,0.2298328488372093,0.10737645348837209,0.7754360465116279,0.3430338304838123,0.0,Q3,Q3
36047067800,166222,1400000US36047067800,101944.0,3034.0,99.0,2719.0,0.0,38.0,3033.0,375.0,047,Brooklyn,0.03263019116677653,0.8961766644693474,0.012524719841793012,0.0,0.9673698088332234,0.12363996043521266,0.0,Q4,Q4
36047075400,173457,1400000US36047075400,138929.0,1180.0,1156.0,19.0,0.0,5.0,1180.0,26.0,047,Brooklyn,0.9796610169491525,0.016101694915254237,0.00423728813559322,0.0,0.02033898305084747,0.022033898305084745,0.0,Q5 highest,Q1 least POC
36047018100,169374,1400000US36047018100,164904.0,4037.0,2618.0,583.0,259.0,203.0,4022.0,219.0,047,Brooklyn,0.6485013623978202,0.1444141689373297,0.050284864998761454,0.06415655189497152,0.3514986376021798,0.05445052212829438,0.0,Q5 highest,Q1 least POC
36047080200,185243,1400000US36047080200,95781.0,4336.0,687.0,2826.0,159.0,504.0,4336.0,389.0,047,Brooklyn,0.1584409594095941,0.6517527675276753,0.11623616236162361,0.03666974169741698,0.8415590405904059,0.08971402214022141,0.0,Q4,Q3
36047083800,166942,1400000US36047083800,69550.0,2020.0,7.0,1782.0,16.0,64.0,2013.0,348.0,047,Brooklyn,0.0034653465346534654,0.8821782178217822,0.031683168316831684,0.007920792079207921,0.9965346534653465,0.17287630402384502,0.0,Q2,Q5 most POC
36047055100,231586,1400000US36047055100,120841.0,5936.0,2711.0,330.0,517.0,2062.0,5935.0,757.0,047,Brooklyn,0.4567048517520216,0.05559299191374663,0.3473719676549865,0.08709568733153639,0.5432951482479784,0.12754844144903116,1339.2756651517348,Q5 highest,Q2
36047019300,269732,1400000US36047019300,72806.0,5774.0,2293.0,1658.0,958.0,725.0,4163.0,746.0,047,Brooklyn,0.3971250432975407,0.2871492899203325,0.12556286802909594,0.1659161759612054,0.6028749567024593,0.1791976939706942,0.0,Q3,Q2
36047086800,174581,1400000US36047086800,52539.0,3097.0,69.0,2699.0,128.0,145.0,3097.0,586.0,047,Brooklyn,0.022279625443978043,0.8714885372941557,0.04681950274459154,0.04133031966419115,0.977720374556022,0.18921536971262512,0.0,Q1 lowest,Q5 most POC
36047099600,189693,1400000US36047099600,73656.0,3354.0,214.0,2812.0,106.0,108.0,3354.0,168.0,047,Brooklyn,0.06380441264162194,0.83840190816935,0.03220035778175313,0.031604054859868815,0.936195587358378,0.05008944543828265,0.0,Q3,Q4
36047042000,168650,1400000US36047042000,82606.0,1789.0,1514.0,13.0,29.0,189.0,1788.0,360.0,047,Brooklyn,0.8462828395751817,0.0072666294019005035,0.10564561207378424,0.01621017328116266,0.1537171604248183,0.20134228187919462,0.0,Q3,Q1 least POC
36047020200,134828,1400000US36047020200,87917.0,1780.0,922.0,28.0,587.0,211.0,1752.0,74.0,047,Brooklyn,0.5179775280898876,0.015730337078651686,0.11853932584269664,0.3297752808988764,0.4820224719101124,0.04223744292237443,0.0,Q3,Q2
36047065400,151523,1400000US36047065400,124750.0,1818.0,1265.0,8.0,427.0,93.0,1818.0,63.0,047,Brooklyn,0.6958195819581958,0.0044004400440044,0.05115511551155116,0.23487348734873487,0.3041804180418042,0.034653465346534656,0.0,Q5 highest,Q1 least POC
36047040400,153660,1400000US36047040400,98482.0,2641.0,884.0,39.0,1353.0,288.0,2641.0,294.0,047,Brooklyn,0.3347216963271488,0.01476713366149186,0.1090496024233245,0.5123059447179099,0.6652783036728511,0.1113214691404771,0.0,Q4,Q3
36047004100,162009,1400000US36047004100,214275.0,3445.0,2487.0,278.0,172.0,324.0,3228.0,352.0,047,Brooklyn,0.7219158200290275,0.0806966618287373,0.09404934687953556,0.04992743105950653,0.27808417997097246,0.1090458488228005,0.0,Q5 highest,Q1 least POC
36047032900,156418,1400000US36047032900,92769.0,6033.0,2021.0,3026.0,360.0,455.0,6033.0,1090.0,047,Brooklyn,0.3349908834742251,0.5015746726338471,0.07541853141057517,0.05967180507210343,0.6650091165257749,0.18067296535720206,0.0,Q4,Q3
36047013900,151331,1400000US36047013900,163125.0,3412.0,2115.0,311.0,198.0,530.0,3372.0,122.0,047,Brooklyn,0.6198710433763188,0.09114888628370457,0.15533411488862836,0.05803048065650645,0.3801289566236812,0.036180308422301306,1036.50468621347,Q5 highest,Q1 least POC
36047002300,182214,1400000US36047002300,21841.0,4025.0,41.0,1626.0,735.0,1623.0,3852.0,1768.0,047,Brooklyn,0.010186335403726708,0.4039751552795031,0.40322981366459626,0.1826086956521739,0.9898136645962733,0.45898234683281414,3957.5290151810464,Q1 lowest,Q5 most POC
36047016000,258630,1400000US36047016000,96411.0,4603.0,2265.0,212.0,852.0,1021.0,4603.0,411.0,047,Brooklyn,0.4920703888768195,0.04605691940039105,0.22181186182924179,0.18509667608081687,0.5079296111231806,0.08928959374321095,0.0,Q4,Q2
36047036300,259726,1400000US36047036300,34916.0,5616.0,84.0,4191.0,14.0,1221.0,5616.0,1774.0,047,Brooklyn,0.014957264957264958,0.7462606837606838,0.21741452991452992,0.002492877492877493,0.9850427350427351,0.3158831908831909,28.809899025441204,Q1 lowest,Q5 most POC
36047092800,157219,1400000US36047092800,82645.0,2533.0,4.0,2234.0,0.0,113.0,2533.0,194.0,047,Brooklyn,0.0015791551519936833,0.8819581523884722,0.044611133043821555,0.0,0.9984208448480063,0.07658902487169364,0.0,Q3,Q5 most POC
36047012801,114974,1400000US36047012801,65313.0,2080.0,539.0,4.0,1243.0,294.0,2080.0,502.0,047,Brooklyn,0.2591346153846154,0.0019230769230769232,0.14134615384615384,0.5975961538461538,0.7408653846153845,0.24134615384615385,0.0,Q2,Q3
36047046800,295918,1400000US36047046800,39262.0,2168.0,2155.0,9.0,0.0,4.0,2168.0,141.0,047,Brooklyn,0.9940036900369004,0.004151291512915129,0.0018450184501845018,0.0,0.005996309963099633,0.06503690036900368,0.0,Q1 lowest,Q1 least POC
36047047000,181816,1400000US36047047000,69545.0,2662.0,2395.0,3.0,0.0,58.0,2662.0,428.0,047,Brooklyn,0.8996994740796393,0.0011269722013523666,0.021788129226145755,0.0,0.10030052592036065,0.16078136739293764,0.0,Q2,Q1 least POC
36047045800,179391,1400000US36047045800,87708.0,1036.0,991.0,13.0,0.0,11.0,1036.0,118.0,047,Brooklyn,0.9565637065637066,0.012548262548262547,0.010617760617760617,0.0,0.043436293436293405,0.1138996138996139,0.0,Q3,Q1 least POC
36047046202,172844,1400000US36047046202,88092.0,1923.0,1604.0,31.0,222.0,66.0,1856.0,280.0,047,Brooklyn,0.8341133645345814,0.01612064482579303,0.0343213728549142,0.11544461778471139,0.1658866354654186,0.15086206896551724,0.0,Q3,Q1 least POC
36047046400,164016,1400000US36047046400,63654.0,2726.0,2338.0,22.0,138.0,146.0,2726.0,908.0,047,Brooklyn,0.8576669112252384,0.008070432868672046,0.05355832721936904,0.05062362435803375,0.14233308877476158,0.3330887747615554,0.0,Q2,Q1 least POC
36047047400,175872,1400000US36047047400,61544.0,2836.0,2545.0,4.0,28.0,9.0,2836.0,833.0,047,Brooklyn,0.8973906911142454,0.0014104372355430183,0.003173483779971791,0.009873060648801129,0.10260930888575459,0.29372355430183356,0.0,Q2,Q1 least POC
36047047600,207174,1400000US36047047600,54149.0,3508.0,3163.0,151.0,16.0,11.0,3508.0,648.0,047,Brooklyn,0.9016533637400228,0.043044469783352336,0.003135689851767389,0.004561003420752566,0.0983466362599772,0.1847206385404789,0.0,Q2,Q1 least POC
36047047700,217806,1400000US36047047700,176190.0,3950.0,2921.0,11.0,296.0,434.0,3918.0,418.0,047,Brooklyn,0.739493670886076,0.0027848101265822785,0.10987341772151898,0.0749367088607595,0.260506329113924,0.1066870852475753,0.0,Q5 highest,Q1 least POC
36047047800,221223,1400000US36047047800,57228.0,4248.0,3321.0,81.0,233.0,320.0,4230.0,899.0,047,Brooklyn,0.7817796610169492,0.019067796610169493,0.07532956685499058,0.05484934086629002,0.21822033898305082,0.21252955082742317,0.0,Q2,Q1 least POC
36047048000,153158,1400000US36047048000,35088.0,3345.0,1824.0,78.0,444.0,980.0,3345.0,1457.0,047,Brooklyn,0.5452914798206278,0.023318385650224215,0.2929745889387145,0.13273542600896862,0.45470852017937224,0.43557548579970107,0.0,Q1 lowest,Q2
36047048100,151305,1400000US36047048100,103529.0,3049.0,1399.0,75.0,128.0,1340.0,3049.0,286.0,047,Brooklyn,0.4588389635946212,0.02459822892751722,0.4394883568383076,0.041980977369629385,0.5411610364053788,0.09380124631026567,1403.8114446695504,Q4,Q2
36047081400,170174,1400000US36047081400,72632.0,2556.0,89.0,2150.0,122.0,147.0,2549.0,309.0,047,Brooklyn,0.03482003129890454,0.8411580594679187,0.057511737089201875,0.04773082942097027,0.9651799687010955,0.12122400941545704,0.0,Q3,Q4
36047082000,148600,1400000US36047082000,55000.0,5429.0,643.0,3983.0,189.0,368.0,5423.0,1333.0,047,Brooklyn,0.11843801805120649,0.7336526063731811,0.06778412230613373,0.03481304107570455,0.8815619819487935,0.24580490503411395,0.0,Q2,Q4
36047082200,169857,1400000US36047082200,81484.0,7977.0,696.0,6161.0,164.0,581.0,7827.0,815.0,047,Brooklyn,0.08725084618277548,0.772345493293218,0.07283439889682838,0.020559107433872383,0.9127491538172245,0.10412674076913249,0.0,Q3,Q4
36047082600,199091,1400000US36047082600,76181.0,4529.0,184.0,3876.0,0.0,174.0,4522.0,476.0,047,Brooklyn,0.04062706999337602,0.8558180613822036,0.038419077058953414,0.0,0.9593729300066239,0.10526315789473684,0.0,Q3,Q4
36047082800,156676,1400000US36047082800,70380.0,3790.0,271.0,2938.0,99.0,316.0,3732.0,473.0,047,Brooklyn,0.07150395778364116,0.775197889182058,0.08337730870712401,0.02612137203166227,0.9284960422163588,0.1267416934619507,0.0,Q2,Q4
36047083000,201783,1400000US36047083000,62177.0,6329.0,35.0,5268.0,84.0,830.0,6329.0,824.0,047,Brooklyn,0.005530099541791752,0.8323589824616843,0.13114236056249012,0.013272238900300205,0.9944699004582083,0.13019434349818296,0.0,Q2,Q5 most POC
36047083200,145549,1400000US36047083200,93803.0,2237.0,10.0,1878.0,119.0,37.0,2231.0,191.0,047,Brooklyn,0.004470272686633884,0.8395172105498435,0.016540008940545373,0.053196244970943225,0.9955297273133661,0.08561183325862842,0.0,Q4,Q5 most POC
36047083400,125994,1400000US36047083400,97500.0,1694.0,11.0,1273.0,91.0,60.0,1681.0,153.0,047,Brooklyn,0.006493506493506494,0.7514757969303424,0.03541912632821724,0.05371900826446281,0.9935064935064936,0.091017251635931,0.0,Q4,Q5 most POC
36047057400,159204,1400000US36047057400,89125.0,2653.0,887.0,0.0,1606.0,120.0,2653.0,380.0,047,Brooklyn,0.3343384847342631,0.0,0.04523181304183943,0.605352431209951,0.6656615152657369,0.14323407463249152,0.0,Q4,Q3
36047102400,143125,1400000US36047102400,76724.0,2160.0,157.0,1823.0,30.0,43.0,2160.0,313.0,047,Brooklyn,0.07268518518518519,0.8439814814814814,0.01990740740740741,0.013888888888888888,0.9273148148148148,0.1449074074074074,0.0,Q3,Q4
36047048400,209195,1400000US36047048400,80324.0,5554.0,3438.0,555.0,908.0,586.0,5456.0,962.0,047,Brooklyn,0.6190133237306445,0.09992797983435361,0.10550954267194815,0.16348577601728484,0.38098667626935545,0.17631964809384165,0.0,Q3,Q1 least POC
36047024100,180215,1400000US36047024100,76528.0,2926.0,1854.0,307.0,135.0,506.0,2897.0,983.0,047,Brooklyn,0.6336295283663704,0.10492139439507861,0.17293233082706766,0.04613807245386193,0.36637047163362957,0.33931653434587505,535.1522590023757,Q3,Q1 least POC
36047026500,159608,1400000US36047026500,77545.0,4187.0,577.0,1968.0,267.0,916.0,4183.0,938.0,047,Brooklyn,0.13780749940291379,0.470026271793647,0.21877239073322188,0.06376880821590637,0.8621925005970862,0.22424097537652402,0.0,Q3,Q3
36047029500,164586,1400000US36047029500,100750.0,4198.0,1083.0,2365.0,35.0,426.0,4198.0,771.0,047,Brooklyn,0.25797999047165315,0.5633635064316341,0.10147689375893283,0.008337303477846593,0.7420200095283469,0.1836588851834207,0.0,Q4,Q3
36047015100,149311,1400000US36047015100,192411.0,4149.0,3231.0,42.0,285.0,369.0,4134.0,100.0,047,Brooklyn,0.7787418655097614,0.01012292118582791,0.08893709327548807,0.06869125090383225,0.22125813449023857,0.024189646831156264,0.0,Q5 highest,Q1 least POC
36047021700,119682,1400000US36047021700,88828.0,3736.0,1320.0,1110.0,250.0,802.0,3736.0,540.0,047,Brooklyn,0.3533190578158458,0.29710920770877947,0.21466809421841543,0.06691648822269808,0.6466809421841542,0.14453961456102785,0.0,Q4,Q3
36047055800,171625,1400000US36047055800,68994.0,2438.0,1560.0,42.0,533.0,181.0,2431.0,428.0,047,Brooklyn,0.6398687448728466,0.017227235438884332,0.07424118129614438,0.21862182116488926,0.3601312551271534,0.1760592348827643,0.0,Q2,Q1 least POC
36047007600,138336,1400000US36047007600,57147.0,4882.0,360.0,171.0,1130.0,3221.0,4881.0,815.0,047,Brooklyn,0.0737402703809914,0.035026628430970916,0.6597705858254813,0.23146251536255633,0.9262597296190086,0.1669739807416513,2082.0318248232857,Q2,Q4
36047012200,181661,1400000US36047012200,54038.0,5183.0,345.0,14.0,2427.0,2355.0,5183.0,1436.0,047,Brooklyn,0.06656376615859541,0.0027011383368705385,0.45437005595215124,0.46826162454177117,0.9334362338414046,0.2770596179818638,1051.2328238157843,Q2,Q4
36047010200,152450,1400000US36047010200,61643.0,5181.0,428.0,59.0,3282.0,1372.0,5121.0,1089.0,047,Brooklyn,0.08260953483883421,0.011387762980119669,0.2648137425207489,0.6334684423856398,0.9173904651611657,0.2126537785588752,0.0,Q2,Q4
36047040900,172310,1400000US36047040900,63626.0,4068.0,640.0,472.0,111.0,2529.0,4068.0,1229.0,047,Brooklyn,0.15732546705998032,0.1160275319567355,0.6216814159292036,0.02728613569321534,0.8426745329400197,0.3021140609636185,0.0,Q2,Q3
36047116800,143956,1400000US36047116800,65257.0,2493.0,27.0,392.0,149.0,1639.0,2493.0,391.0,047,Brooklyn,0.010830324909747292,0.15724027276373848,0.6574408343361412,0.05976734857601283,0.9891696750902527,0.156839149618933,0.0,Q2,Q5 most POC
36047096600,181211,1400000US36047096600,67018.0,2480.0,17.0,1727.0,87.0,357.0,2450.0,559.0,047,Brooklyn,0.0068548387096774195,0.6963709677419355,0.1439516129032258,0.03508064516129032,0.9931451612903226,0.22816326530612244,0.0,Q2,Q5 most POC
36047005202,133272,1400000US36047005202,103673.0,2960.0,2557.0,36.0,161.0,154.0,2955.0,244.0,047,Brooklyn,0.8638513513513514,0.012162162162162163,0.05202702702702703,0.05439189189189189,0.13614864864864862,0.08257191201353638,0.0,Q4,Q1 least POC
36047042200,227277,1400000US36047042200,67277.0,3465.0,1920.0,108.0,344.0,618.0,3465.0,769.0,047,Brooklyn,0.5541125541125541,0.03116883116883117,0.17835497835497835,0.09927849927849929,0.4458874458874459,0.22193362193362193,0.0,Q2,Q2
36047073800,180580,1400000US36047073800,52221.0,3383.0,896.0,1587.0,183.0,701.0,3383.0,248.0,047,Brooklyn,0.26485368016553357,0.46911025716819393,0.20721253325450784,0.05409399940880875,0.7351463198344664,0.07330771504581732,0.0,Q1 lowest,Q3
36047054600,180669,1400000US36047054600,60725.0,5348.0,3461.0,271.0,693.0,518.0,5331.0,1266.0,047,Brooklyn,0.6471578160059835,0.05067314884068811,0.0968586387434555,0.12958115183246074,0.35284218399401646,0.23747889701744512,0.0,Q2,Q1 least POC
36047017600,133636,1400000US36047017600,102344.0,2428.0,1414.0,5.0,724.0,231.0,2428.0,272.0,047,Brooklyn,0.5823723228995058,0.002059308072487644,0.09514003294892916,0.2981878088962109,0.4176276771004942,0.11202635914332784,0.0,Q4,Q2
36047028200,169389,1400000US36047028200,51646.0,3092.0,1349.0,239.0,1251.0,173.0,3092.0,439.0,047,Brooklyn,0.43628719275549804,0.07729624838292368,0.055950840879689524,0.40459249676584735,0.5637128072445019,0.14197930142302717,0.0,Q1 lowest,Q2
36047031300,174300,1400000US36047031300,98828.0,5054.0,917.0,2904.0,115.0,560.0,4960.0,945.0,047,Brooklyn,0.1814404432132964,0.5745943806885635,0.11080332409972299,0.022754254056193114,0.8185595567867037,0.1905241935483871,0.0,Q4,Q3
36047081000,162403,1400000US36047081000,71607.0,2484.0,332.0,1642.0,113.0,262.0,2484.0,304.0,047,Brooklyn,0.13365539452495975,0.6610305958132046,0.10547504025764895,0.045491143317230275,0.8663446054750402,0.12238325281803543,0.0,Q3,Q4
36047085800,138512,1400000US36047085800,54063.0,1896.0,0.0,1524.0,8.0,90.0,1895.0,175.0,047,Brooklyn,0.0,0.8037974683544303,0.04746835443037975,0.004219409282700422,1.0,0.09234828496042216,0.0,Q2,Q5 most POC
36047013500,151867,1400000US36047013500,210667.0,3985.0,2716.0,152.0,498.0,346.0,3985.0,111.0,047,Brooklyn,0.681555834378921,0.03814303638644918,0.08682559598494353,0.12496863237139272,0.318444165621079,0.027854454203262234,1038.4798884546035,Q5 highest,Q1 least POC
36047032500,168414,1400000US36047032500,86282.0,6119.0,1132.0,3845.0,74.0,658.0,6119.0,1364.0,047,Brooklyn,0.1849975486190554,0.6283706487988233,0.10753391076973362,0.012093479326687367,0.8150024513809446,0.22291224056218337,0.0,Q3,Q3
36047049400,182730,1400000US36047049400,96791.0,4939.0,3249.0,408.0,523.0,397.0,4727.0,251.0,047,Brooklyn,0.6578254707430654,0.08260781534723628,0.08038064385503138,0.10589188094756023,0.3421745292569346,0.05309921726253438,41.42820651456314,Q4,Q1 least POC
36047048800,143330,1400000US36047048800,72254.0,4472.0,1985.0,331.0,726.0,932.0,4385.0,612.0,047,Brooklyn,0.44387298747763865,0.07401610017889088,0.20840787119856888,0.16234347048300538,0.5561270125223614,0.13956670467502852,0.0,Q3,Q2
36047049000,191799,1400000US36047049000,69575.0,5297.0,1910.0,324.0,1504.0,1190.0,5293.0,629.0,047,Brooklyn,0.36058146120445533,0.061166698131017556,0.22465546535774966,0.28393430243534074,0.6394185387955447,0.1188361987530701,0.0,Q2,Q2
36047049200,166635,1400000US36047049200,99444.0,3105.0,1551.0,399.0,538.0,360.0,3072.0,806.0,047,Brooklyn,0.4995169082125604,0.1285024154589372,0.11594202898550725,0.17326892109500805,0.5004830917874397,0.2623697916666667,0.0,Q4,Q2
36047049600,202972,1400000US36047049600,71952.0,3801.0,1812.0,79.0,1066.0,820.0,3750.0,525.0,047,Brooklyn,0.47671665351223363,0.020784004209418575,0.21573270192054722,0.2804525124967114,0.5232833464877664,0.14,0.0,Q3,Q2
36047049700,164634,1400000US36047049700,129489.0,3235.0,2215.0,122.0,245.0,565.0,3235.0,254.0,047,Brooklyn,0.6846986089644513,0.03771251931993817,0.17465224111282843,0.07573415765069552,0.31530139103554866,0.078516228748068,0.0,Q5 highest,Q1 least POC
36047049800,204347,1400000US36047049800,73066.0,4051.0,1144.0,234.0,1520.0,789.0,4051.0,261.0,047,Brooklyn,0.2823994075536905,0.05776351518143668,0.19476672426561342,0.37521599605035794,0.7176005924463096,0.06442853616391014,0.0,Q3,Q3
36047049900,141699,1400000US36047049900,101250.0,2305.0,1656.0,47.0,141.0,180.0,2305.0,152.0,047,Brooklyn,0.7184381778741865,0.020390455531453362,0.07809110629067245,0.06117136659436009,0.2815618221258135,0.06594360086767896,1680.7975066117056,Q4,Q1 least POC
36047050100,172687,1400000US36047050100,103846.0,3092.0,1720.0,77.0,169.0,850.0,3092.0,432.0,047,Brooklyn,0.55627425614489,0.024902975420439843,0.27490297542043984,0.05465717981888745,0.44372574385511,0.13971539456662355,0.0,Q4,Q2
36047051300,258100,1400000US36047051300,126358.0,5570.0,2676.0,102.0,348.0,2013.0,5538.0,970.0,047,Brooklyn,0.48043087971274684,0.018312387791741474,0.3614003590664273,0.06247755834829444,0.5195691202872532,0.17515348501263994,2049.184958453515,Q5 highest,Q2
36047014300,217205,1400000US36047014300,122344.0,3882.0,1583.0,161.0,286.0,1530.0,3875.0,394.0,047,Brooklyn,0.4077794951056157,0.04147346728490469,0.3941267387944359,0.07367336424523442,0.5922205048943843,0.1016774193548387,1599.7812567351796,Q5 highest,Q2
36047018400,149139,1400000US36047018400,69844.0,2112.0,885.0,0.0,1002.0,125.0,2112.0,194.0,047,Brooklyn,0.4190340909090909,0.0,0.059185606060606064,0.4744318181818182,0.5809659090909092,0.09185606060606061,0.0,Q2,Q2
36047029600,214120,1400000US36047029600,58407.0,6101.0,2863.0,44.0,1421.0,1640.0,6101.0,2326.0,047,Brooklyn,0.4692673332240616,0.007211932470086871,0.2688083920668743,0.23291263727257827,0.5307326667759384,0.38124897557777415,0.0,Q2,Q2
36047028300,121876,1400000US36047028300,43254.0,4115.0,709.0,1629.0,137.0,1337.0,4043.0,1327.0,047,Brooklyn,0.17229647630619685,0.39586877278250304,0.32490886998784935,0.03329283110571082,0.8277035236938032,0.32822161761068513,0.0,Q1 lowest,Q3
36047076400,161588,1400000US36047076400,81071.0,4311.0,867.0,1902.0,563.0,687.0,4308.0,807.0,047,Brooklyn,0.2011134307585247,0.44119693806541405,0.1593597773138483,0.13059614938529343,0.7988865692414753,0.1873259052924791,0.0,Q3,Q3
36047015500,149645,1400000US36047015500,215583.0,3693.0,2736.0,144.0,184.0,388.0,3692.0,160.0,047,Brooklyn,0.7408610885458976,0.03899268887083672,0.10506363390197672,0.04982399133495803,0.2591389114541024,0.04333694474539545,0.0,Q5 highest,Q1 least POC
36047021300,184156,1400000US36047021300,80275.0,4650.0,977.0,2917.0,33.0,497.0,4650.0,957.0,047,Brooklyn,0.21010752688172044,0.6273118279569893,0.10688172043010753,0.0070967741935483875,0.7898924731182796,0.20580645161290323,0.0,Q3,Q3
36047038100,239524,1400000US36047038100,56909.0,5497.0,1072.0,2751.0,224.0,1022.0,5497.0,1276.0,047,Brooklyn,0.19501546297980718,0.5004547935237402,0.18591959250500273,0.04074949972712388,0.8049845370201928,0.23212661451700928,0.0,Q2,Q3
36047114202,119169,1400000US36047114202,62241.0,2772.0,125.0,612.0,0.0,1920.0,2772.0,823.0,047,Brooklyn,0.045093795093795096,0.22077922077922077,0.6926406926406926,0.0,0.9549062049062049,0.2968975468975469,0.0,Q2,Q4
36047005601,173443,1400000US36047005601,72788.0,2683.0,1484.0,300.0,496.0,361.0,2683.0,337.0,047,Brooklyn,0.5531121878494223,0.11181513231457324,0.13455087588520312,0.18486768542676107,0.4468878121505777,0.12560566530003728,0.0,Q3,Q2
36047003600,125291,1400000US36047003600,85183.0,3792.0,2201.0,154.0,559.0,714.0,3788.0,545.0,047,Brooklyn,0.5804324894514767,0.04061181434599156,0.18829113924050633,0.14741561181434598,0.41956751054852326,0.1438753959873284,0.0,Q3,Q2
36047008000,139115,1400000US36047008000,75125.0,3532.0,688.0,77.0,231.0,2491.0,3502.0,521.0,047,Brooklyn,0.19479048697621745,0.021800679501698755,0.7052661381653454,0.06540203850509627,0.8052095130237825,0.14877213021130783,2081.899074279979,Q3,Q3
36047093800,131105,1400000US36047093800,78018.0,2641.0,116.0,2283.0,0.0,11.0,2641.0,259.0,047,Brooklyn,0.04392275653161681,0.8644452858765619,0.0041650889814464215,0.0,0.9560772434683832,0.09806891329042029,0.0,Q3,Q4
36047064800,151522,1400000US36047064800,115669.0,2079.0,1230.0,359.0,98.0,378.0,2079.0,244.0,047,Brooklyn,0.5916305916305916,0.17267917267917268,0.18181818181818182,0.04713804713804714,0.4083694083694084,0.11736411736411737,0.0,Q5 highest,Q2
36047025902,59611,1400000US36047025902,21674.0,3530.0,0.0,1839.0,44.0,1591.0,3507.0,1537.0,047,Brooklyn,0.0,0.5209631728045325,0.4507082152974504,0.012464589235127478,1.0,0.43826632449386943,0.0,Q1 lowest,Q5 most POC
36047034000,129694,1400000US36047034000,30194.0,2071.0,749.0,689.0,113.0,520.0,1588.0,657.0,047,Brooklyn,0.36166103331723803,0.3326895219700628,0.2510864316755191,0.05456301303718011,0.6383389666827619,0.413727959697733,0.0,Q1 lowest,Q2
36047086600,156523,1400000US36047086600,72863.0,3099.0,205.0,2149.0,9.0,467.0,3008.0,513.0,047,Brooklyn,0.06615037108744756,0.6934494998386577,0.15069377218457566,0.002904162633107454,0.9338496289125524,0.17054521276595744,0.0,Q3,Q4
36047110600,171053,1400000US36047110600,29919.0,4950.0,77.0,3370.0,0.0,1454.0,4950.0,2097.0,047,Brooklyn,0.015555555555555555,0.6808080808080809,0.29373737373737374,0.0,0.9844444444444445,0.42363636363636364,2706.694493983426,Q1 lowest,Q5 most POC
36047117601,152356,1400000US36047117601,73566.0,3334.0,71.0,547.0,77.0,2566.0,3323.0,324.0,047,Brooklyn,0.021295740851829635,0.16406718656268746,0.7696460707858428,0.02309538092381524,0.9787042591481704,0.09750225699668974,0.0,Q3,Q5 most POC
36047059402,322477,1400000US36047059402,77500.0,5617.0,3950.0,53.0,1302.0,149.0,5604.0,551.0,047,Brooklyn,0.7032223606907602,0.009435641801673491,0.026526615631119816,0.23179633256186577,0.29677763930923984,0.0983226266952177,0.0,Q3,Q1 least POC
36047043600,137521,1400000US36047043600,74197.0,4901.0,2372.0,49.0,1374.0,747.0,4901.0,869.0,047,Brooklyn,0.4839828606406856,0.009997959600081615,0.15241787390328504,0.28035094878596206,0.5160171393593145,0.1773107529075699,0.0,Q3,Q2
36047057200,243628,1400000US36047057200,40330.0,5520.0,1100.0,2991.0,374.0,1027.0,5520.0,1753.0,047,Brooklyn,0.19927536231884058,0.5418478260869565,0.18605072463768116,0.0677536231884058,0.8007246376811594,0.31757246376811593,0.0,Q1 lowest,Q3
36047050202,135737,1400000US36047050202,93995.0,2505.0,1630.0,37.0,254.0,360.0,2505.0,169.0,047,Brooklyn,0.6506986027944112,0.014770459081836327,0.1437125748502994,0.10139720558882236,0.34930139720558884,0.06746506986027945,0.0,Q4,Q1 least POC
36047050500,169412,1400000US36047050500,70361.0,4336.0,934.0,733.0,551.0,2026.0,4336.0,1288.0,047,Brooklyn,0.2154059040590406,0.16904981549815498,0.4672509225092251,0.12707564575645758,0.7845940959409594,0.29704797047970477,0.0,Q2,Q3
36047050600,164685,1400000US36047050600,71316.0,5970.0,1148.0,2200.0,685.0,1690.0,5888.0,846.0,047,Brooklyn,0.19229480737018426,0.3685092127303183,0.2830820770519263,0.11474036850921274,0.8077051926298158,0.1436820652173913,0.0,Q3,Q3
36047050700,174429,1400000US36047050700,54342.0,3899.0,3386.0,78.0,18.0,417.0,3899.0,1556.0,047,Brooklyn,0.868427802000513,0.020005129520389842,0.10695050012823801,0.004616568350859195,0.13157219799948705,0.3990766863298282,0.0,Q2,Q1 least POC
36047051100,159004,1400000US36047051100,72803.0,4064.0,1477.0,221.0,915.0,1375.0,4064.0,938.0,047,Brooklyn,0.36343503937007876,0.05437992125984252,0.33833661417322836,0.22514763779527558,0.6365649606299213,0.23080708661417323,0.0,Q3,Q2
36047051200,139992,1400000US36047051200,95236.0,6576.0,1239.0,3702.0,150.0,1270.0,6576.0,842.0,047,Brooklyn,0.1884124087591241,0.5629562043795621,0.1931265206812652,0.02281021897810219,0.8115875912408759,0.12804136253041362,0.0,Q4,Q3
36047075000,173420,1400000US36047075000,96207.0,2917.0,2070.0,329.0,78.0,219.0,2914.0,94.0,047,Brooklyn,0.7096331847788824,0.11278711004456633,0.0750771340418238,0.026739801165581077,0.2903668152211176,0.03225806451612903,0.0,Q4,Q1 least POC
36047018800,175213,1400000US36047018800,68304.0,2867.0,1352.0,2.0,1015.0,332.0,2867.0,493.0,047,Brooklyn,0.4715730728985002,0.0006975933031042902,0.11580048831531217,0.3540286013254273,0.5284269271014999,0.17195674921520754,0.0,Q2,Q2
36047025800,170222,1400000US36047025800,57431.0,4119.0,1554.0,0.0,1569.0,873.0,4119.0,1230.0,047,Brooklyn,0.3772760378732702,0.0,0.21194464675892208,0.38091769847050255,0.6227239621267298,0.2986161689730517,0.0,Q2,Q2
36047049500,129103,1400000US36047049500,101875.0,2657.0,1498.0,336.0,260.0,489.0,2632.0,696.0,047,Brooklyn,0.563793752352277,0.1264584117425668,0.1840421528039142,0.09785472337222431,0.436206247647723,0.26443768996960487,1371.9163591943616,Q4,Q2
36047088800,201249,1400000US36047088800,51335.0,4333.0,16.0,3372.0,25.0,732.0,4333.0,936.0,047,Brooklyn,0.0036925917378259868,0.7782137087468267,0.1689360720055389,0.005769674590353104,0.996307408262174,0.2160166166628202,0.0,Q1 lowest,Q5 most POC
36047011800,219234,1400000US36047011800,61842.0,1806.0,158.0,13.0,1512.0,113.0,1806.0,337.0,047,Brooklyn,0.08748615725359911,0.007198228128460687,0.06256921373200443,0.8372093023255814,0.9125138427464009,0.18660022148394242,0.0,Q2,Q4
36047053200,174306,1400000US36047053200,70816.0,2598.0,1323.0,158.0,389.0,175.0,2598.0,387.0,047,Brooklyn,0.5092378752886836,0.06081601231716705,0.06735950731331794,0.14973056197074672,0.4907621247113164,0.1489607390300231,0.0,Q2,Q2
36047022900,171838,1400000US36047022900,121997.0,3490.0,1790.0,942.0,132.0,286.0,3482.0,454.0,047,Brooklyn,0.5128939828080229,0.2699140401146132,0.08194842406876791,0.03782234957020057,0.4871060171919771,0.13038483630097644,989.7676685068923,Q5 highest,Q2
36047040100,159583,1400000US36047040100,60750.0,3507.0,840.0,1051.0,131.0,1251.0,3496.0,1245.0,047,Brooklyn,0.23952095808383234,0.2996863416025093,0.3567151411462789,0.03735386370116909,0.7604790419161677,0.35612128146453087,0.0,Q2,Q3
36047112000,173004,1400000US36047112000,74089.0,3398.0,5.0,2227.0,55.0,925.0,3398.0,482.0,047,Brooklyn,0.0014714537963507945,0.6553855208946439,0.272218952324897,0.016185991759858742,0.9985285462036492,0.1418481459682166,0.0,Q3,Q5 most POC
36047058600,163424,1400000US36047058600,79143.0,2455.0,665.0,243.0,1452.0,86.0,2448.0,457.0,047,Brooklyn,0.2708757637474542,0.0989816700610998,0.03503054989816701,0.5914460285132382,0.7291242362525459,0.18668300653594772,0.0,Q3,Q3
36047005800,193316,1400000US36047005800,73483.0,3068.0,2079.0,0.0,347.0,529.0,3068.0,204.0,047,Brooklyn,0.6776401564537158,0.0,0.17242503259452413,0.11310299869621904,0.3223598435462842,0.06649282920469361,0.0,Q3,Q1 least POC
36047014000,147522,1400000US36047014000,55250.0,1831.0,1372.0,15.0,305.0,138.0,1830.0,333.0,047,Brooklyn,0.7493173129437466,0.008192244675040962,0.07536865101037685,0.1665756417258329,0.2506826870562534,0.1819672131147541,0.17878002527932998,Q2,Q1 least POC
36047014800,133459,1400000US36047014800,71250.0,1202.0,747.0,0.0,228.0,227.0,1185.0,159.0,047,Brooklyn,0.6214642262895175,0.0,0.18885191347753744,0.1896838602329451,0.3785357737104825,0.1341772151898734,0.0,Q3,Q1 least POC
36047064200,235070,1400000US36047064200,70625.0,2511.0,1886.0,32.0,332.0,91.0,2481.0,478.0,047,Brooklyn,0.7510951812027081,0.012743926722421346,0.0362405416168857,0.13221823974512145,0.24890481879729187,0.19266424828698106,0.0,Q2,Q1 least POC
36047030900,151863,1400000US36047030900,67969.0,2671.0,25.0,1873.0,39.0,486.0,2648.0,756.0,047,Brooklyn,0.009359790340696368,0.701235492324972,0.1819543242231374,0.014601272931486334,0.9906402096593037,0.2854984894259819,0.0,Q2,Q5 most POC
36047082400,214365,1400000US36047082400,54900.0,5355.0,156.0,4252.0,0.0,475.0,5332.0,789.0,047,Brooklyn,0.029131652661064426,0.7940242763772175,0.08870214752567694,0.0,0.9708683473389356,0.14797449362340584,0.0,Q2,Q5 most POC
36047021500,152313,1400000US36047021500,109130.0,6014.0,2882.0,1914.0,269.0,419.0,6014.0,607.0,047,Brooklyn,0.47921516461589625,0.31825739940139675,0.06967076820751579,0.044728965746591284,0.5207848353841038,0.10093116062520785,0.0,Q4,Q2
36047038500,174443,1400000US36047038500,90275.0,4701.0,809.0,2756.0,150.0,452.0,4701.0,752.0,047,Brooklyn,0.17209104445862583,0.5862582429270368,0.09614975537119762,0.03190810465858328,0.8279089555413741,0.1599659646883642,0.0,Q4,Q3
36047094402,106859,1400000US36047094402,25208.0,3197.0,132.0,2663.0,0.0,380.0,3197.0,1214.0,047,Brooklyn,0.04128870816390366,0.8329684078823898,0.118861432593056,0.0,0.9587112918360964,0.3797309978104473,0.0,Q1 lowest,Q4
36047024300,154349,1400000US36047024300,94107.0,4311.0,1238.0,1875.0,239.0,673.0,4297.0,578.0,047,Brooklyn,0.28717234980282996,0.4349338900487126,0.15611227093481791,0.0554395731848759,0.71282765019717,0.13451245054689318,269.7037218788892,Q4,Q3
36047003800,127478,1400000US36047003800,142644.0,1514.0,865.0,5.0,467.0,165.0,1514.0,111.0,047,Brooklyn,0.5713342140026421,0.0033025099075297227,0.10898282694848084,0.3084544253632761,0.42866578599735794,0.07331571994715984,0.0,Q5 highest,Q2
36047033300,186336,1400000US36047033300,74115.0,4802.0,3265.0,1026.0,17.0,359.0,4802.0,1058.0,047,Brooklyn,0.6799250312369846,0.2136609745939192,0.07476051645147855,0.003540191586838817,0.32007496876301544,0.22032486463973344,0.0,Q3,Q1 least POC
36047003500,133028,1400000US36047003500,142813.0,2194.0,1120.0,517.0,247.0,208.0,2181.0,223.0,047,Brooklyn,0.5104831358249772,0.23564266180492252,0.09480401093892434,0.11257976298997266,0.4895168641750228,0.10224667583677212,0.7812798755783674,Q5 highest,Q2
36047051400,181082,1400000US36047051400,93630.0,7496.0,1328.0,3740.0,304.0,1811.0,7496.0,729.0,047,Brooklyn,0.17716115261472787,0.4989327641408751,0.24159551760939169,0.04055496264674493,0.8228388473852721,0.09725186766275347,0.0,Q4,Q3
36047052600,169334,1400000US36047052600,83152.0,4134.0,1695.0,661.0,922.0,757.0,4093.0,594.0,047,Brooklyn,0.41001451378809867,0.1598935655539429,0.18311562651185292,0.22302854378326076,0.5899854862119014,0.14512582457854875,0.0,Q3,Q2
36047051500,186924,1400000US36047051500,183056.0,2805.0,1767.0,156.0,439.0,317.0,2790.0,240.0,047,Brooklyn,0.6299465240641712,0.05561497326203209,0.11301247771836007,0.15650623885918002,0.3700534759358288,0.08602150537634409,0.0,Q5 highest,Q1 least POC
36047051700,187367,1400000US36047051700,191964.0,2791.0,1757.0,23.0,197.0,540.0,2791.0,184.0,047,Brooklyn,0.6295234682909352,0.008240773916159082,0.1934790397706915,0.07058402006449302,0.3704765317090648,0.06592619132927266,0.0,Q5 highest,Q1 least POC
36047051800,201332,1400000US36047051800,92098.0,3368.0,1074.0,1336.0,114.0,506.0,3353.0,328.0,047,Brooklyn,0.3188836104513064,0.39667458432304037,0.1502375296912114,0.033847980997624705,0.6811163895486936,0.09782284521324187,0.0,Q4,Q3
36047051900,274935,1400000US36047051900,205184.0,5155.0,3495.0,159.0,775.0,564.0,5155.0,359.0,047,Brooklyn,0.6779825412221144,0.03084384093113482,0.10940834141610087,0.15033947623666344,0.32201745877788557,0.06964112512124151,0.0,Q5 highest,Q1 least POC
36047052000,190568,1400000US36047052000,118343.0,3598.0,1245.0,920.0,797.0,457.0,3598.0,588.0,047,Brooklyn,0.3460255697609783,0.2556976097832129,0.12701500833796553,0.2215119510839355,0.6539744302390217,0.16342412451361868,0.0,Q5 highest,Q3
36047052300,144959,1400000US36047052300,91111.0,5236.0,1935.0,221.0,337.0,2641.0,5236.0,1183.0,047,Brooklyn,0.3695569136745607,0.04220779220779221,0.504392666157372,0.06436210847975554,0.6304430863254393,0.22593582887700533,1431.9602101514668,Q4,Q2
36047052700,190002,1400000US36047052700,61563.0,6518.0,1530.0,144.0,613.0,4142.0,6512.0,1004.0,047,Brooklyn,0.23473458115986498,0.02209266646210494,0.6354710033752685,0.09404725375882173,0.765265418840135,0.1541769041769042,121.64574871494621,Q2,Q3
36047052900,174907,1400000US36047052900,38690.0,3026.0,2454.0,0.0,39.0,533.0,3022.0,1072.0,047,Brooklyn,0.8109715796430932,0.0,0.1761401189689359,0.012888301387970919,0.1890284203569068,0.35473196558570486,0.0,Q1 lowest,Q1 least POC
36047053000,173246,1400000US36047053000,68234.0,3787.0,2228.0,189.0,766.0,301.0,3783.0,1130.0,047,Brooklyn,0.5883284922101928,0.04990757855822551,0.07948243992606285,0.20227092685503037,0.4116715077898072,0.2987047316944224,0.0,Q2,Q2
36047053300,193151,1400000US36047053300,27359.0,6540.0,6350.0,12.0,2.0,174.0,6468.0,2969.0,047,Brooklyn,0.9709480122324159,0.001834862385321101,0.026605504587155965,0.0003058103975535168,0.02905198776758411,0.4590290661719233,0.0,Q1 lowest,Q1 least POC
36047053400,173382,1400000US36047053400,58800.0,4827.0,2557.0,319.0,1693.0,160.0,4658.0,814.0,047,Brooklyn,0.529728609902631,0.06608659622954216,0.033146882121400455,0.35073544644706856,0.47027139009736896,0.17475311292400172,0.0,Q2,Q2
36047053500,130364,1400000US36047053500,27083.0,4334.0,4040.0,0.0,0.0,164.0,4334.0,2256.0,047,Brooklyn,0.9321642824180896,0.0,0.03784033225657591,0.0,0.06783571758191043,0.5205353022611906,0.0,Q1 lowest,Q1 least POC
36047067000,208266,1400000US36047067000,90272.0,2707.0,568.0,1561.0,353.0,115.0,2707.0,226.0,047,Brooklyn,0.2098263760620613,0.5766531215367565,0.042482452899889174,0.13040265977096416,0.7901736239379387,0.08348725526413003,0.0,Q4,Q3
36047025500,138632,1400000US36047025500,22291.0,5470.0,128.0,1743.0,46.0,3417.0,5446.0,2130.0,047,Brooklyn,0.02340036563071298,0.31864716636197443,0.6246800731261426,0.008409506398537478,0.976599634369287,0.3911127432978333,0.0,Q1 lowest,Q5 most POC
36047029400,188664,1400000US36047029400,82784.0,2587.0,1064.0,285.0,748.0,392.0,2122.0,379.0,047,Brooklyn,0.4112872052570545,0.11016621569385389,0.15152686509470428,0.28913799768071125,0.5887127947429456,0.17860508953817153,584.0097485388826,Q3,Q2
36047027900,161924,1400000US36047027900,65433.0,3711.0,1107.0,1697.0,121.0,597.0,3706.0,835.0,047,Brooklyn,0.29830234438156833,0.45728914039342494,0.1608730800323363,0.03260576663971975,0.7016976556184317,0.22531030760928225,0.0,Q2,Q3
36047062600,318163,1400000US36047062600,76125.0,3200.0,1938.0,161.0,771.0,161.0,3200.0,331.0,047,Brooklyn,0.605625,0.0503125,0.0503125,0.2409375,0.39437500000000003,0.1034375,0.0,Q3,Q2
36047005100,179702,1400000US36047005100,167650.0,2797.0,2059.0,15.0,264.0,144.0,2793.0,172.0,047,Brooklyn,0.7361458705756168,0.005362888809438684,0.05148373257061137,0.09438684304612084,0.26385412942438324,0.06158252774794128,0.0,Q5 highest,Q1 least POC
36047111800,162313,1400000US36047111800,80467.0,3844.0,32.0,2289.0,227.0,1116.0,3844.0,571.0,047,Brooklyn,0.008324661810613945,0.5954734651404787,0.2903225806451613,0.059053069719042665,0.991675338189386,0.14854318418314255,569.5404391424405,Q3,Q5 most POC
36047021600,168178,1400000US36047021600,37267.0,3982.0,3056.0,40.0,212.0,486.0,3982.0,2005.0,047,Brooklyn,0.7674535409342039,0.010045203415369162,0.1220492214967353,0.053239578101456554,0.23254645906579607,0.5035158211953792,0.0,Q1 lowest,Q1 least POC
36047020500,159711,1400000US36047020500,149643.0,3555.0,2075.0,399.0,494.0,254.0,3555.0,151.0,047,Brooklyn,0.5836849507735584,0.11223628691983123,0.07144866385372714,0.1389592123769339,0.4163150492264416,0.04247538677918425,664.9131056850331,Q5 highest,Q2
36047015700,167428,1400000US36047015700,186686.0,4996.0,3343.0,435.0,516.0,440.0,4996.0,14.0,047,Brooklyn,0.6691353082465973,0.08706965572457967,0.08807045636509207,0.10328262610088071,0.3308646917534027,0.0028022417934347476,0.0,Q5 highest,Q1 least POC
36047003300,164585,1400000US36047003300,125778.0,4518.0,1701.0,1320.0,545.0,296.0,4518.0,637.0,047,Brooklyn,0.37649402390438247,0.2921646746347942,0.06551571491810536,0.12062859672421425,0.6235059760956175,0.1409915891987605,1103.0102221636414,Q5 highest,Q2
36047040800,152930,1400000US36047040800,90000.0,3885.0,1092.0,0.0,2034.0,662.0,3885.0,851.0,047,Brooklyn,0.2810810810810811,0.0,0.1703989703989704,0.5235521235521235,0.7189189189189189,0.21904761904761905,0.0,Q4,Q3
36047050900,141788,1400000US36047050900,35333.0,5532.0,5183.0,3.0,0.0,92.0,5532.0,3788.0,047,Brooklyn,0.9369125090383225,0.0005422993492407809,0.016630513376717282,0.0,0.06308749096167754,0.6847433116413594,0.0,Q1 lowest,Q1 least POC
36047026900,133946,1400000US36047026900,89573.0,3038.0,1072.0,1001.0,43.0,701.0,3004.0,498.0,047,Brooklyn,0.35286372613561556,0.3294930875576037,0.23074391046741277,0.014154048716260697,0.6471362738643844,0.16577896138482023,0.0,Q4,Q3
36047045600,153654,1400000US36047045600,83289.0,2207.0,1155.0,19.0,391.0,451.0,2207.0,301.0,047,Brooklyn,0.5233348436792026,0.008608971454463071,0.20434979610330767,0.1771635704576348,0.4766651563207974,0.1363842319891255,0.0,Q3,Q2
36047100600,152116,1400000US36047100600,106250.0,2677.0,127.0,2192.0,56.0,102.0,2677.0,276.0,047,Brooklyn,0.047441165483750464,0.8188270451998506,0.03810235338064998,0.020918939110945087,0.9525588345162496,0.10310048561822936,0.0,Q4,Q4
36047040600,147049,1400000US36047040600,75885.0,3973.0,1171.0,28.0,2020.0,546.0,3947.0,489.0,047,Brooklyn,0.29473949156808454,0.00704757110495847,0.13742763654669016,0.5084319154291468,0.7052605084319155,0.1238915632125665,0.0,Q3,Q3
36047084800,137501,1400000US36047084800,98125.0,1619.0,8.0,1431.0,0.0,134.0,1616.0,139.0,047,Brooklyn,0.004941321803582459,0.8838789376158123,0.08276714021000618,0.0,0.9950586781964176,0.08601485148514851,0.0,Q4,Q5 most POC
36047056000,184752,1400000US36047056000,68859.0,3623.0,2600.0,145.0,541.0,199.0,3620.0,511.0,047,Brooklyn,0.7176373171404913,0.04002208114821971,0.05492685619652222,0.14932376483577145,0.2823626828595087,0.14116022099447514,0.0,Q2,Q1 least POC
36047023200,226376,1400000US36047023200,62973.0,6422.0,5753.0,1.0,232.0,310.0,6419.0,2090.0,047,Brooklyn,0.8958268452195578,0.00015571473061351605,0.048271566490189974,0.03612581750233572,0.1041731547804422,0.3255958872098458,0.0,Q2,Q1 least POC
36047091600,215640,1400000US36047091600,26581.0,4013.0,96.0,2658.0,23.0,851.0,3990.0,1378.0,047,Brooklyn,0.02392225267879392,0.6623473710441067,0.21206080239222527,0.00573137303762771,0.9760777473212061,0.34536340852130326,0.0,Q1 lowest,Q5 most POC
36047048900,91581,1400000US36047048900,28503.0,3465.0,76.0,1263.0,17.0,2109.0,3465.0,1116.0,047,Brooklyn,0.021933621933621934,0.3645021645021645,0.6086580086580087,0.004906204906204906,0.9780663780663781,0.3220779220779221,0.0,Q1 lowest,Q5 most POC
36047013300,148492,1400000US36047013300,213227.0,4517.0,3305.0,162.0,318.0,594.0,4498.0,105.0,047,Brooklyn,0.7316803187956609,0.035864511844144346,0.13150321009519592,0.07040070843480185,0.26831968120433913,0.02334370831480658,941.4798662465354,Q5 highest,Q1 least POC
36047054500,167767,1400000US36047054500,34091.0,7806.0,3433.0,2527.0,158.0,1623.0,7806.0,3660.0,047,Brooklyn,0.4397899052011273,0.3237253394824494,0.20791698693312835,0.02024084037919549,0.5602100947988726,0.46887009992313605,993.8339854253027,Q1 lowest,Q2
36047006200,162273,1400000US36047006200,74698.0,2729.0,1719.0,27.0,371.0,559.0,2710.0,503.0,047,Brooklyn,0.6299010626603151,0.009893733968486624,0.20483693660681568,0.13594723341883475,0.3700989373396849,0.1856088560885609,0.0,Q3,Q1 least POC
36005014701,138463,1400000US36005014701,25858.0,5645.0,49.0,2964.0,3.0,2291.0,5606.0,2669.0,005,Bronx,0.008680248007085917,0.525066430469442,0.4058458813108946,0.0005314437555358724,0.9913197519929141,0.4760970388869069,0.0,Q1 lowest,Q5 most POC
36005017901,76723,1400000US36005017901,47035.0,5096.0,34.0,1032.0,165.0,3854.0,5096.0,1150.0,005,Bronx,0.0066718995290423865,0.20251177394034536,0.7562794348508635,0.03237833594976452,0.9933281004709577,0.22566718995290425,0.0,Q1 lowest,Q5 most POC
36005018301,67874,1400000US36005018301,56508.0,4665.0,458.0,1533.0,122.0,2447.0,4665.0,687.0,005,Bronx,0.09817792068595928,0.32861736334405145,0.5245444801714898,0.02615219721329046,0.9018220793140407,0.1472668810289389,0.0,Q2,Q4
36005022102,78293,1400000US36005022102,50051.0,6143.0,130.0,870.0,38.0,5047.0,6143.0,1771.0,005,Bronx,0.021162298551196484,0.14162461338108417,0.8215855445222204,0.006185902653426664,0.9788377014488036,0.288295621032069,0.0,Q1 lowest,Q5 most POC
36005023703,100593,1400000US36005023703,21551.0,5214.0,66.0,768.0,31.0,4305.0,5164.0,2588.0,005,Bronx,0.012658227848101266,0.1472957422324511,0.8256616800920599,0.005945531261986959,0.9873417721518988,0.5011618900077459,1958.3738139904187,Q1 lowest,Q5 most POC
36005026702,166368,1400000US36005026702,65500.0,7869.0,379.0,568.0,0.0,6922.0,7796.0,1730.0,005,Bronx,0.04816368026432838,0.07218197992120981,0.8796543398144618,0.0,0.9518363197356716,0.2219086711133915,0.0,Q2,Q4
36005033201,114034,1400000US36005033201,37898.0,5059.0,1110.0,370.0,160.0,3355.0,5036.0,1344.0,005,Bronx,0.2194109507807867,0.07313698359359558,0.6631745404230085,0.03162680371614943,0.7805890492192133,0.26687847498014294,965.1846642570479,Q1 lowest,Q3
36005040303,87550,1400000US36005040303,39023.0,4291.0,75.0,408.0,124.0,3600.0,4291.0,1086.0,005,Bronx,0.017478443253320906,0.09508273129806571,0.8389652761594034,0.028897692845490562,0.9825215567466791,0.25308785830808667,0.0,Q1 lowest,Q5 most POC
36005021700,161510,1400000US36005021700,40394.0,5371.0,190.0,2086.0,207.0,2578.0,5345.0,1857.0,005,Bronx,0.03537516291193446,0.3883820517594489,0.4799851051945634,0.038540309067212807,0.9646248370880656,0.34742750233863423,0.0,Q1 lowest,Q4
36005023702,47892,1400000US36005023702,53304.0,1156.0,26.0,440.0,0.0,683.0,1156.0,426.0,005,Bronx,0.02249134948096886,0.3806228373702422,0.5908304498269896,0.0,0.9775086505190311,0.3685121107266436,1257.577463878285,Q2,Q5 most POC
36005040302,62696,1400000US36005040302,40938.0,4921.0,90.0,385.0,145.0,4301.0,4874.0,1850.0,005,Bronx,0.01828896565738671,0.07823613086770982,0.8740093476935582,0.029465555781345253,0.9817110343426133,0.37956503898235533,0.0,Q1 lowest,Q5 most POC
36005007600,217217,1400000US36005007600,53784.0,5109.0,92.0,1302.0,663.0,2907.0,5079.0,832.0,005,Bronx,0.0180074378547661,0.25484439224897243,0.5689958896065767,0.1297709923664122,0.9819925621452339,0.16381177397125418,0.0,Q2,Q5 most POC
36005009000,1024677,1400000US36005009000,33831.0,3692.0,76.0,946.0,125.0,2535.0,3600.0,1325.0,005,Bronx,0.020585048754062838,0.2562296858071506,0.6866197183098591,0.033856988082340195,0.9794149512459371,0.3680555555555556,0.0,Q1 lowest,Q5 most POC
36005015900,103601,1400000US36005015900,24485.0,2218.0,3.0,229.0,67.0,1919.0,2214.0,828.0,005,Bronx,0.001352569882777277,0.10324616771866546,0.8651938683498648,0.030207394048692517,0.9986474301172227,0.37398373983739835,0.0,Q1 lowest,Q5 most POC
36005005001,97889,1400000US36005005001,34087.0,4565.0,26.0,1446.0,114.0,2951.0,4506.0,2208.0,005,Bronx,0.005695509309967141,0.3167579408543264,0.6464403066812705,0.02497261774370208,0.9943044906900329,0.49001331557922767,0.0,Q1 lowest,Q5 most POC
36047053700,167454,1400000US36047053700,42143.0,4289.0,4186.0,66.0,31.0,6.0,4117.0,1775.0,047,Brooklyn,0.9759850781067848,0.015388202378176731,0.0013989274889251574,0.007227792026113313,0.02401492189321519,0.431139179013845,412.6896113322955,Q1 lowest,Q1 least POC
36047054700,170095,1400000US36047054700,77279.0,7650.0,5698.0,396.0,134.0,1071.0,7623.0,1844.0,047,Brooklyn,0.7448366013071895,0.05176470588235294,0.14,0.017516339869281045,0.25516339869281046,0.24189951462678735,1172.2742085293382,Q3,Q1 least POC
36047054800,173218,1400000US36047054800,83750.0,2191.0,1946.0,55.0,114.0,34.0,2187.0,343.0,047,Brooklyn,0.8881789137380192,0.02510269283432223,0.015518028297581013,0.05203103605659516,0.11182108626198084,0.1568358481938729,0.0,Q3,Q1 least POC
36047053900,101381,1400000US36047053900,32321.0,2810.0,2049.0,94.0,13.0,654.0,2810.0,1565.0,047,Brooklyn,0.7291814946619217,0.03345195729537367,0.23274021352313168,0.004626334519572953,0.2708185053380783,0.5569395017793595,0.28355263294014255,Q1 lowest,Q1 least POC
36047054400,190006,1400000US36047054400,70927.0,3975.0,3403.0,0.0,516.0,35.0,3975.0,472.0,047,Brooklyn,0.8561006289308176,0.0,0.00880503144654088,0.129811320754717,0.14389937106918238,0.11874213836477987,0.0,Q2,Q1 least POC
36047054900,195442,1400000US36047054900,163269.0,4781.0,3195.0,0.0,183.0,1186.0,4756.0,1073.0,047,Brooklyn,0.6682702363522276,0.0,0.2480652583141602,0.038276511190127586,0.3317297636477724,0.22560975609756098,4043.868245685926,Q5 highest,Q1 least POC
36047055000,179814,1400000US36047055000,58409.0,3646.0,2484.0,180.0,347.0,536.0,3638.0,862.0,047,Brooklyn,0.6812945693911135,0.04936917169500823,0.14701042238069117,0.09517279210093253,0.31870543060888645,0.23694337548103353,0.0,Q2,Q1 least POC
36047055300,156271,1400000US36047055300,131016.0,3116.0,1885.0,3.0,187.0,907.0,3112.0,645.0,047,Brooklyn,0.6049422336328626,0.0009627727856225931,0.29107830551989733,0.06001283697047497,0.3950577663671374,0.20726221079691518,0.0,Q5 highest,Q2
36047055400,169301,1400000US36047055400,70833.0,4058.0,2825.0,29.0,580.0,462.0,4058.0,494.0,047,Brooklyn,0.6961557417447019,0.007146377525874815,0.11384918679152292,0.1429275505174963,0.30384425825529815,0.12173484475110892,0.0,Q2,Q1 least POC
36047055500,261669,1400000US36047055500,187115.0,9578.0,5376.0,184.0,1205.0,1844.0,9578.0,562.0,047,Brooklyn,0.5612862810607643,0.0192106911672583,0.19252453539361036,0.1258091459594905,0.4387137189392357,0.058676132804343285,1928.9002070364327,Q5 highest,Q2
36047055600,193196,1400000US36047055600,66048.0,3498.0,2713.0,44.0,371.0,155.0,3493.0,1087.0,047,Brooklyn,0.7755860491709549,0.012578616352201259,0.044311034877072615,0.10606060606060606,0.22441395082904514,0.31119381620383624,0.0,Q2,Q1 least POC
36047055700,282493,1400000US36047055700,117353.0,1763.0,1071.0,15.0,131.0,462.0,1763.0,84.0,047,Brooklyn,0.6074872376630743,0.008508224617129892,0.2620533182076007,0.07430516165626773,0.39251276233692567,0.0476460578559274,2375.5219972601117,Q5 highest,Q2
36047056200,170814,1400000US36047056200,122292.0,1904.0,1591.0,0.0,183.0,36.0,1904.0,15.0,047,Brooklyn,0.835609243697479,0.0,0.018907563025210083,0.09611344537815127,0.16439075630252098,0.007878151260504201,0.0,Q5 highest,Q1 least POC
36047056400,183221,1400000US36047056400,84524.0,2573.0,1516.0,71.0,619.0,303.0,2561.0,255.0,047,Brooklyn,0.5891954916439953,0.027594247959580258,0.11776136805285659,0.24057520404197436,0.4108045083560047,0.09957048028114018,0.0,Q3,Q2
36047008200,139691,1400000US36047008200,44013.0,3748.0,456.0,384.0,347.0,2476.0,3747.0,1059.0,047,Brooklyn,0.12166488794023479,0.10245464247598719,0.6606189967982924,0.09258271077908217,0.8783351120597652,0.28262610088070456,2084.6114512126032,Q1 lowest,Q4
36047028900,165739,1400000US36047028900,42456.0,3678.0,598.0,2142.0,80.0,749.0,3672.0,1044.0,047,Brooklyn,0.1625883632408918,0.5823817292006526,0.20364328439369223,0.021750951604132682,0.8374116367591082,0.28431372549019607,0.0,Q1 lowest,Q3
36047026800,178968,1400000US36047026800,80500.0,4671.0,2190.0,11.0,1888.0,554.0,4667.0,734.0,047,Brooklyn,0.46885035324341684,0.002354956112181546,0.1186041532862342,0.40419610361806896,0.5311496467565832,0.15727448039425757,0.0,Q3,Q2
36047078400,167427,1400000US36047078400,101000.0,2590.0,88.0,1884.0,131.0,133.0,2582.0,255.0,047,Brooklyn,0.03397683397683398,0.7274131274131274,0.051351351351351354,0.05057915057915058,0.9660231660231661,0.09876065065840434,0.0,Q4,Q4
36047057100,175867,1400000US36047057100,135188.0,4014.0,2897.0,2.0,215.0,305.0,4014.0,267.0,047,Brooklyn,0.7217239661185849,0.0004982561036372695,0.0759840558046836,0.053562531141006474,0.2782760338814151,0.06651718983557549,2806.335748063991,Q5 highest,Q1 least POC
36047086200,140147,1400000US36047086200,58542.0,3112.0,48.0,2731.0,0.0,250.0,3112.0,503.0,047,Brooklyn,0.015424164524421594,0.8775706940874036,0.08033419023136247,0.0,0.9845758354755784,0.1616323907455013,0.0,Q2,Q5 most POC
36047111000,124982,1400000US36047111000,31674.0,2937.0,22.0,2037.0,27.0,802.0,2937.0,762.0,047,Brooklyn,0.00749063670411985,0.693564862104188,0.2730677562138236,0.009193054136874362,0.9925093632958801,0.25944841675178754,590.627581451321,Q1 lowest,Q5 most POC
36047004300,165383,1400000US36047004300,162500.0,3880.0,2190.0,392.0,530.0,548.0,3795.0,407.0,047,Brooklyn,0.5644329896907216,0.10103092783505155,0.14123711340206185,0.13659793814432988,0.43556701030927836,0.1072463768115942,255.1168502669522,Q5 highest,Q2
36047030300,253583,1400000US36047030300,35679.0,4931.0,284.0,3673.0,14.0,798.0,4865.0,1422.0,047,Brooklyn,0.05759480835530319,0.7448793348205233,0.16183329953356318,0.002839180693571284,0.9424051916446968,0.2922918807810894,0.0,Q1 lowest,Q4
36047031702,139788,1400000US36047031702,107106.0,3918.0,1560.0,1244.0,176.0,687.0,3900.0,260.0,047,Brooklyn,0.3981623277182236,0.3175089331291475,0.17534456355283307,0.04492087799897907,0.6018376722817764,0.06666666666666667,0.0,Q4,Q2
36047036100,141090,1400000US36047036100,21398.0,3025.0,172.0,1963.0,5.0,786.0,3008.0,1207.0,047,Brooklyn,0.056859504132231405,0.6489256198347108,0.25983471074380166,0.001652892561983471,0.9431404958677686,0.40126329787234044,0.0,Q1 lowest,Q4
36047038300,174539,1400000US36047038300,82286.0,5250.0,962.0,3538.0,85.0,301.0,5249.0,1019.0,047,Brooklyn,0.18323809523809523,0.6739047619047619,0.05733333333333333,0.01619047619047619,0.8167619047619048,0.19413221566012573,0.0,Q3,Q3
36047039400,192099,1400000US36047039400,50139.0,1970.0,1628.0,8.0,123.0,157.0,1970.0,587.0,047,Brooklyn,0.8263959390862944,0.0040609137055837565,0.07969543147208122,0.062436548223350256,0.17360406091370562,0.29796954314720814,0.0,Q1 lowest,Q1 least POC
36047042400,161035,1400000US36047042400,65278.0,3946.0,1302.0,8.0,1931.0,647.0,3945.0,874.0,047,Brooklyn,0.329954384186518,0.0020273694880892043,0.1639635073492144,0.4893563101875317,0.670045615813482,0.22154626108998732,0.0,Q2,Q3
36047043800,156073,1400000US36047043800,70344.0,2670.0,1840.0,42.0,390.0,101.0,2670.0,333.0,047,Brooklyn,0.6891385767790262,0.015730337078651686,0.037827715355805244,0.14606741573033707,0.31086142322097376,0.12471910112359551,0.0,Q2,Q1 least POC
36047044700,162809,1400000US36047044700,86595.0,2594.0,1069.0,364.0,76.0,931.0,2586.0,1020.0,047,Brooklyn,0.4121048573631457,0.14032382420971473,0.358905165767155,0.029298380878951428,0.5878951426368543,0.39443155452436196,0.0,Q3,Q2
36047047200,172804,1400000US36047047200,76833.0,3185.0,2873.0,19.0,35.0,24.0,3135.0,740.0,047,Brooklyn,0.9020408163265307,0.005965463108320251,0.0075353218210361065,0.01098901098901099,0.09795918367346934,0.23604465709728867,0.0,Q3,Q1 least POC
36047049100,213164,1400000US36047049100,41156.0,6905.0,1739.0,1022.0,1784.0,2360.0,6905.0,2113.0,047,Brooklyn,0.2518464880521361,0.14800868935553946,0.34178131788559013,0.25836350470673425,0.748153511947864,0.3060101375814627,0.0,Q1 lowest,Q3
36047050300,125307,1400000US36047050300,151250.0,2745.0,1849.0,29.0,63.0,606.0,2745.0,184.0,047,Brooklyn,0.6735883424408015,0.010564663023679418,0.22076502732240438,0.022950819672131147,0.32641165755919854,0.06703096539162114,920.8508545057855,Q5 highest,Q1 least POC
36047055200,167669,1400000US36047055200,91731.0,3645.0,2337.0,10.0,845.0,72.0,3645.0,348.0,047,Brooklyn,0.6411522633744856,0.0027434842249657062,0.019753086419753086,0.23182441700960219,0.3588477366255144,0.09547325102880659,0.0,Q4,Q1 least POC
36047056500,237963,1400000US36047056500,113634.0,3332.0,2440.0,15.0,183.0,545.0,3332.0,215.0,047,Brooklyn,0.7322929171668667,0.004501800720288115,0.16356542617046818,0.054921968787515006,0.26770708283313327,0.06452581032412966,1299.149323464659,Q5 highest,Q1 least POC
36047057500,181405,1400000US36047057500,138750.0,5148.0,3177.0,160.0,175.0,1065.0,5131.0,583.0,047,Brooklyn,0.6171328671328671,0.03108003108003108,0.20687645687645687,0.03399378399378399,0.3828671328671329,0.11362307542389398,1738.8360586044978,Q5 highest,Q1 least POC
36047057600,158605,1400000US36047057600,81711.0,2905.0,941.0,15.0,1776.0,135.0,2898.0,354.0,047,Brooklyn,0.32392426850258177,0.0051635111876075735,0.04647160068846816,0.6113597246127367,0.6760757314974182,0.12215320910973085,0.0,Q3,Q3
36047056600,171530,1400000US36047056600,79236.0,2430.0,1083.0,408.0,744.0,109.0,2409.0,619.0,047,Brooklyn,0.445679012345679,0.16790123456790124,0.0448559670781893,0.30617283950617286,0.5543209876543209,0.2569530925695309,0.0,Q3,Q2
36047056800,117817,1400000US36047056800,88661.0,1428.0,784.0,0.0,377.0,131.0,1428.0,332.0,047,Brooklyn,0.5490196078431373,0.0,0.09173669467787114,0.26400560224089636,0.4509803921568627,0.23249299719887956,0.0,Q4,Q2
36047056900,127954,1400000US36047056900,155804.0,1796.0,1314.0,29.0,68.0,266.0,1762.0,61.0,047,Brooklyn,0.7316258351893096,0.016146993318485525,0.14810690423162584,0.0378619153674833,0.26837416481069043,0.034619750283768444,0.0,Q5 highest,Q1 least POC
36047057000,262372,1400000US36047057000,77121.0,3696.0,1836.0,83.0,781.0,901.0,3531.0,341.0,047,Brooklyn,0.4967532467532468,0.022456709956709956,0.2437770562770563,0.2113095238095238,0.5032467532467533,0.09657320872274143,0.0,Q3,Q2
36047057300,170142,1400000US36047057300,106765.0,2378.0,1889.0,26.0,55.0,227.0,2367.0,248.0,047,Brooklyn,0.7943650126156434,0.010933557611438183,0.09545836837678721,0.023128679562657694,0.2056349873843566,0.10477397549640896,2143.7263362411,Q4,Q1 least POC
36047057800,172233,1400000US36047057800,53939.0,3066.0,1363.0,94.0,1028.0,380.0,3047.0,765.0,047,Brooklyn,0.4445531637312459,0.03065883887801696,0.12393998695368558,0.33529028049575993,0.5554468362687541,0.25106662290777815,0.0,Q2,Q2
36047058000,158641,1400000US36047058000,36984.0,3655.0,1519.0,125.0,1145.0,633.0,3655.0,1007.0,047,Brooklyn,0.4155950752393981,0.03419972640218878,0.173187414500684,0.31326949384404923,0.5844049247606019,0.27551299589603284,0.0,Q1 lowest,Q2
36047058800,159611,1400000US36047058800,85074.0,3445.0,1994.0,93.0,898.0,259.0,3432.0,338.0,047,Brooklyn,0.5788098693759071,0.02699564586357039,0.07518142235123368,0.2606676342525399,0.42119013062409294,0.09848484848484848,0.0,Q3,Q2
36047059000,158383,1400000US36047059000,72292.0,1915.0,664.0,42.0,724.0,464.0,1915.0,386.0,047,Brooklyn,0.3467362924281984,0.02193211488250653,0.2422976501305483,0.37806788511749345,0.6532637075718015,0.20156657963446475,0.0,Q3,Q3
36047083600,208197,1400000US36047083600,91378.0,1994.0,0.0,1550.0,28.0,124.0,1994.0,149.0,047,Brooklyn,0.0,0.7773319959879639,0.062186559679037114,0.014042126379137413,1.0,0.07472417251755266,0.0,Q4,Q5 most POC
36047084000,170057,1400000US36047084000,88646.0,2524.0,25.0,2111.0,2.0,140.0,2488.0,196.0,047,Brooklyn,0.009904912836767036,0.8363708399366085,0.0554675118858954,0.000792393026941363,0.9900950871632329,0.07877813504823152,0.0,Q4,Q5 most POC
36047085000,144613,1400000US36047085000,99519.0,1594.0,49.0,1450.0,0.0,11.0,1594.0,23.0,047,Brooklyn,0.030740276035131745,0.9096612296110415,0.006900878293601004,0.0,0.9692597239648683,0.014429109159347553,0.0,Q4,Q4
36047085200,395710,1400000US36047085200,,22.0,0.0,5.0,0.0,17.0,22.0,0.0,047,Brooklyn,0.0,0.22727272727272727,0.7727272727272727,0.0,1.0,0.0,0.0,,Q5 most POC
36047085400,128750,1400000US36047085400,69125.0,2088.0,63.0,1579.0,43.0,221.0,2070.0,343.0,047,Brooklyn,0.03017241379310345,0.7562260536398467,0.10584291187739464,0.020593869731800767,0.9698275862068966,0.16570048309178745,0.0,Q2,Q4
36047090000,246190,1400000US36047090000,33889.0,4584.0,241.0,3310.0,0.0,847.0,4584.0,1842.0,047,Brooklyn,0.05257417102966841,0.7220767888307156,0.18477312390924958,0.0,0.9474258289703316,0.4018324607329843,0.0,Q1 lowest,Q4
36047092000,237149,1400000US36047092000,39005.0,2440.0,0.0,1966.0,41.0,334.0,2419.0,579.0,047,Brooklyn,0.0,0.8057377049180328,0.13688524590163934,0.01680327868852459,1.0,0.23935510541546093,0.0,Q1 lowest,Q5 most POC
36047090200,190560,1400000US36047090200,50625.0,4303.0,111.0,2492.0,245.0,1357.0,4217.0,1619.0,047,Brooklyn,0.025795956309551477,0.5791308389495701,0.3153613757843365,0.05693702068324425,0.9742040436904486,0.3839222195873844,0.0,Q1 lowest,Q5 most POC
36047090600,195831,1400000US36047090600,24972.0,3952.0,9.0,2799.0,0.0,993.0,3952.0,1549.0,047,Brooklyn,0.002277327935222672,0.708248987854251,0.25126518218623484,0.0,0.9977226720647774,0.39195344129554655,0.0,Q1 lowest,Q5 most POC
36047090800,296447,1400000US36047090800,23821.0,6090.0,93.0,3634.0,51.0,2179.0,5949.0,3556.0,047,Brooklyn,0.015270935960591134,0.5967159277504105,0.35779967159277504,0.008374384236453201,0.9847290640394089,0.5977475205916961,0.0,Q1 lowest,Q5 most POC
36047091000,212068,1400000US36047091000,16628.0,5392.0,0.0,2286.0,111.0,2576.0,5392.0,2895.0,047,Brooklyn,0.0,0.42396142433234424,0.47774480712166173,0.020586053412462908,1.0,0.536906528189911,1712.4890319802275,Q1 lowest,Q5 most POC
36047091800,209632,1400000US36047091800,40525.0,2452.0,50.0,1130.0,0.0,1261.0,2452.0,662.0,047,Brooklyn,0.020391517128874388,0.46084828711256115,0.5142740619902121,0.0,0.9796084828711256,0.2699836867862969,0.0,Q1 lowest,Q5 most POC
36047092200,161392,1400000US36047092200,48095.0,3068.0,223.0,2174.0,82.0,446.0,3022.0,209.0,047,Brooklyn,0.0726857887874837,0.7086049543676662,0.1453715775749674,0.026727509778357236,0.9273142112125163,0.06915949702183984,521.7058442611104,Q1 lowest,Q4
36047093000,194229,1400000US36047093000,94188.0,3055.0,6.0,2727.0,5.0,80.0,3040.0,286.0,047,Brooklyn,0.0019639934533551553,0.8926350245499182,0.02618657937806874,0.0016366612111292963,0.9980360065466448,0.09407894736842105,0.0,Q4,Q5 most POC
36047093400,177758,1400000US36047093400,86641.0,2761.0,53.0,2352.0,0.0,205.0,2761.0,240.0,047,Brooklyn,0.019195943498732344,0.8518652662078957,0.07424846070264397,0.0,0.9808040565012677,0.086925027164071,0.0,Q3,Q5 most POC
36047093600,165121,1400000US36047093600,74402.0,1555.0,18.0,1509.0,11.0,9.0,1550.0,120.0,047,Brooklyn,0.01157556270096463,0.9704180064308682,0.005787781350482315,0.00707395498392283,0.9884244372990354,0.07741935483870968,0.0,Q3,Q5 most POC
36047059200,219306,1400000US36047059200,54919.0,3910.0,2412.0,28.0,804.0,266.0,3910.0,679.0,047,Brooklyn,0.6168797953964195,0.007161125319693095,0.0680306905370844,0.20562659846547315,0.38312020460358054,0.17365728900255756,0.0,Q2,Q1 least POC
36047060600,179262,1400000US36047060600,94722.0,2721.0,1831.0,18.0,335.0,310.0,2697.0,222.0,047,Brooklyn,0.6729143697170158,0.006615214994487321,0.1139287026828372,0.1231165012862918,0.3270856302829842,0.08231368186874305,0.0,Q4,Q1 least POC
36047063200,117438,1400000US36047063200,87667.0,1491.0,1015.0,20.0,286.0,116.0,1491.0,81.0,047,Brooklyn,0.6807511737089202,0.01341381623071764,0.07780013413816231,0.19181757209926223,0.31924882629107976,0.05432595573440644,0.0,Q3,Q1 least POC
36047065600,153578,1400000US36047065600,113676.0,1784.0,1207.0,19.0,401.0,140.0,1784.0,53.0,047,Brooklyn,0.6765695067264574,0.010650224215246636,0.07847533632286996,0.22477578475336324,0.32343049327354256,0.029708520179372196,0.0,Q5 highest,Q1 least POC
36047059100,192105,1400000US36047059100,130372.0,3987.0,3090.0,57.0,106.0,518.0,3926.0,152.0,047,Brooklyn,0.7750188111361926,0.014296463506395787,0.12992224730373714,0.026586405818911463,0.22498118886380736,0.03871625063678044,59.98982076210722,Q5 highest,Q1 least POC
36047069000,172913,1400000US36047069000,102083.0,1737.0,147.0,901.0,111.0,535.0,1737.0,118.0,047,Brooklyn,0.0846286701208981,0.5187104202648244,0.3080023028209557,0.06390328151986183,0.9153713298791019,0.06793321819228555,0.0,Q4,Q4
36047073000,185122,1400000US36047073000,130192.0,2675.0,117.0,2245.0,33.0,74.0,2674.0,80.0,047,Brooklyn,0.04373831775700934,0.8392523364485981,0.027663551401869158,0.012336448598130842,0.9562616822429907,0.029917726252804786,0.0,Q5 highest,Q4
36047074200,174327,1400000US36047074200,71940.0,3075.0,1364.0,1080.0,130.0,89.0,3075.0,399.0,047,Brooklyn,0.44357723577235775,0.35121951219512193,0.028943089430894308,0.04227642276422764,0.5564227642276423,0.12975609756097561,0.0,Q3,Q2
36047078000,164534,1400000US36047078000,110625.0,2194.0,65.0,2008.0,51.0,70.0,2186.0,52.0,047,Brooklyn,0.029626253418413857,0.9152233363719234,0.03190519598906107,0.02324521422060164,0.9703737465815861,0.023787740164684355,0.0,Q4,Q4
36047080000,173679,1400000US36047080000,102431.0,3571.0,1073.0,1931.0,42.0,397.0,3568.0,401.0,047,Brooklyn,0.3004760571268552,0.5407448893867264,0.11117334080089611,0.011761411369364323,0.6995239428731448,0.11238789237668162,0.0,Q4,Q3
36047084600,166530,1400000US36047084600,59792.0,1903.0,27.0,1412.0,0.0,27.0,1903.0,78.0,047,Brooklyn,0.01418812401471361,0.7419863373620599,0.01418812401471361,0.0,0.9858118759852864,0.040987913820283765,0.0,Q2,Q5 most POC
36047087200,147204,1400000US36047087200,74219.0,3341.0,266.0,2556.0,104.0,84.0,3321.0,608.0,047,Brooklyn,0.0796168811733014,0.7650404070637533,0.025142173002095182,0.0311284046692607,0.9203831188266987,0.18307738632941886,0.0,Q3,Q4
36047091200,167237,1400000US36047091200,18502.0,6377.0,260.0,4089.0,14.0,1980.0,6377.0,2721.0,047,Brooklyn,0.04077152265955779,0.6412106005958915,0.3104908264074016,0.0021953896816684962,0.9592284773404423,0.4266896659871413,0.0,Q1 lowest,Q4
36047098200,345646,1400000US36047098200,23639.0,4243.0,0.0,2723.0,0.0,1435.0,4243.0,1837.0,047,Brooklyn,0.0,0.6417629036059392,0.3382041008720245,0.0,1.0,0.4329483855762432,573.6979763618706,Q1 lowest,Q5 most POC
36047099200,134602,1400000US36047099200,88429.0,2258.0,52.0,1895.0,107.0,63.0,2258.0,296.0,047,Brooklyn,0.023029229406554472,0.8392382639503986,0.027900797165633304,0.04738706820194863,0.9769707705934455,0.13108945969884853,0.0,Q4,Q5 most POC
36047115000,158250,1400000US36047115000,71429.0,2816.0,38.0,1611.0,51.0,1085.0,2816.0,382.0,047,Brooklyn,0.013494318181818182,0.5720880681818182,0.38529829545454547,0.018110795454545456,0.9865056818181818,0.1356534090909091,0.0,Q3,Q5 most POC
36047116200,143447,1400000US36047116200,59412.0,2635.0,0.0,1783.0,111.0,435.0,2635.0,591.0,047,Brooklyn,0.0,0.6766603415559772,0.1650853889943074,0.04212523719165085,1.0,0.22428842504743832,0.0,Q2,Q5 most POC
36047119000,140618,1400000US36047119000,39021.0,1866.0,36.0,486.0,108.0,1047.0,1862.0,705.0,047,Brooklyn,0.01929260450160772,0.2604501607717042,0.5610932475884244,0.05787781350482315,0.9807073954983923,0.378625134264232,0.0,Q1 lowest,Q5 most POC
36047000100,207819,1400000US36047000100,165188.0,4974.0,3231.0,861.0,315.0,426.0,4941.0,226.0,047,Brooklyn,0.649577804583836,0.17310012062726177,0.0856453558504222,0.06332931242460796,0.35042219541616404,0.04573972879983809,0.0,Q5 highest,Q1 least POC
36047000200,276929,1400000US36047000200,78942.0,1170.0,246.0,42.0,38.0,844.0,1170.0,306.0,047,Brooklyn,0.21025641025641026,0.035897435897435895,0.7213675213675214,0.03247863247863248,0.7897435897435897,0.26153846153846155,52.51545744198807,Q3,Q3
36047000301,200995,1400000US36047000301,193158.0,4057.0,3518.0,48.0,89.0,264.0,3964.0,149.0,047,Brooklyn,0.867143209267932,0.011831402514173034,0.06507271382795168,0.021937392161695834,0.13285679073206802,0.0375882946518668,0.0,Q5 highest,Q1 least POC
36047014200,200223,1400000US36047014200,80476.0,3496.0,1762.0,162.0,632.0,571.0,3496.0,475.0,047,Brooklyn,0.5040045766590389,0.04633867276887872,0.1633295194508009,0.18077803203661327,0.49599542334096114,0.1358695652173913,25.76195369974175,Q3,Q2
36047014500,216626,1400000US36047014500,112596.0,4367.0,2679.0,93.0,352.0,925.0,4367.0,232.0,047,Brooklyn,0.6134646210212961,0.02129608426837646,0.2118158919166476,0.08060453400503778,0.38653537897870394,0.05312571559422945,4284.00987128505,Q5 highest,Q1 least POC
36047014700,105979,1400000US36047014700,133194.0,2404.0,1583.0,24.0,135.0,324.0,2404.0,231.0,047,Brooklyn,0.658485856905158,0.009983361064891847,0.13477537437603992,0.05615640599001664,0.34151414309484196,0.09608985024958402,780.6317359008914,Q5 highest,Q1 least POC
36047015000,133505,1400000US36047015000,78235.0,1711.0,1036.0,3.0,376.0,247.0,1693.0,212.0,047,Brooklyn,0.6054938632378726,0.0017533606078316774,0.14436002337814144,0.21975452951490357,0.3945061367621274,0.12522150029533372,0.0,Q3,Q2
36047015300,150477,1400000US36047015300,138182.0,2645.0,1854.0,86.0,202.0,371.0,2551.0,173.0,047,Brooklyn,0.700945179584121,0.03251417769376182,0.14026465028355387,0.07637051039697543,0.29905482041587905,0.06781654253234026,1550.6334277818187,Q5 highest,Q1 least POC
36047015900,250862,1400000US36047015900,203936.0,5232.0,3767.0,283.0,409.0,423.0,5226.0,308.0,047,Brooklyn,0.7199923547400612,0.054090214067278285,0.08084862385321101,0.07817278287461774,0.2800076452599388,0.05893608878683505,460.0694757672179,Q5 highest,Q1 least POC
36047016100,182397,1400000US36047016100,168594.0,3729.0,2340.0,315.0,303.0,569.0,3686.0,71.0,047,Brooklyn,0.6275140788415124,0.08447304907481899,0.15258782515419683,0.08125502815768303,0.37248592115848755,0.01926207270754205,0.0,Q5 highest,Q1 least POC
36047016200,237712,1400000US36047016200,87446.0,2289.0,1090.0,94.0,121.0,893.0,2250.0,375.0,047,Brooklyn,0.47619047619047616,0.04106596767147226,0.39012669287898644,0.05286151157710791,0.5238095238095238,0.16666666666666666,0.0,Q3,Q2
36047016300,184092,1400000US36047016300,145481.0,4004.0,2566.0,647.0,258.0,316.0,4004.0,299.0,047,Brooklyn,0.6408591408591409,0.16158841158841158,0.07892107892107893,0.06443556443556443,0.35914085914085914,0.07467532467532467,0.0,Q5 highest,Q1 least POC
36047016400,802163,1400000US36047016400,136583.0,997.0,550.0,237.0,87.0,74.0,813.0,0.0,047,Brooklyn,0.551654964894684,0.23771313941825475,0.07422266800401203,0.08726178535606821,0.448345035105316,0.0,567.5520574352591,Q5 highest,Q2
36047016500,186645,1400000US36047016500,241579.0,6356.0,4558.0,175.0,629.0,571.0,6356.0,413.0,047,Brooklyn,0.7171176840780366,0.02753303964757709,0.08983637507866583,0.09896161107614852,0.28288231592196345,0.06497797356828194,624.9088708865772,Q5 highest,Q1 least POC
36047016700,168915,1400000US36047016700,207095.0,4756.0,3296.0,62.0,797.0,457.0,4743.0,184.0,047,Brooklyn,0.6930193439865433,0.013036164844407064,0.09608915054667788,0.16757779646761986,0.3069806560134567,0.03879401222854733,2494.638526461951,Q5 highest,Q1 least POC
36047016800,168296,1400000US36047016800,111673.0,2122.0,1312.0,0.0,615.0,142.0,2122.0,153.0,047,Brooklyn,0.6182846371347785,0.0,0.06691800188501414,0.2898209236569274,0.38171536286522145,0.07210179076343072,0.0,Q4,Q1 least POC
36047016900,209462,1400000US36047016900,155873.0,5635.0,4724.0,43.0,491.0,98.0,5438.0,596.0,047,Brooklyn,0.8383318544809228,0.007630878438331854,0.017391304347826087,0.08713398402839397,0.16166814551907716,0.10959911732254506,0.0,Q5 highest,Q1 least POC
36047017100,208490,1400000US36047017100,158269.0,4271.0,2904.0,11.0,213.0,878.0,4258.0,102.0,047,Brooklyn,0.6799344415827675,0.0025755092484195737,0.20557246546476235,0.04987122453757902,0.3200655584172325,0.023954908407703146,0.0,Q5 highest,Q1 least POC
36047017200,206317,1400000US36047017200,127188.0,3098.0,1232.0,49.0,1186.0,606.0,3097.0,65.0,047,Brooklyn,0.3976759199483538,0.0158166559070368,0.19561007101355712,0.38282763072950293,0.6023240800516463,0.02098805295447207,0.0,Q5 highest,Q2
36047017400,165543,1400000US36047017400,101701.0,2293.0,1091.0,0.0,995.0,207.0,2293.0,255.0,047,Brooklyn,0.4757959005669429,0.0,0.09027474923680767,0.43392935019624945,0.5242040994330571,0.11120802442215438,0.0,Q4,Q2
36047085600,158628,1400000US36047085600,76667.0,3649.0,94.0,3095.0,6.0,166.0,3649.0,627.0,047,Brooklyn,0.025760482323924364,0.8481775828994245,0.04549191559331324,0.001644286105782406,0.9742395176760756,0.17182789805426144,0.0,Q3,Q5 most POC
36047086000,175366,1400000US36047086000,73450.0,3101.0,5.0,2845.0,0.0,170.0,3100.0,232.0,047,Brooklyn,0.0016123831022250886,0.9174459851660755,0.05482102547565301,0.0,0.9983876168977749,0.07483870967741936,0.0,Q3,Q5 most POC
36047086400,150823,1400000US36047086400,67143.0,2544.0,0.0,2148.0,24.0,225.0,2544.0,407.0,047,Brooklyn,0.0,0.8443396226415094,0.08844339622641509,0.009433962264150943,1.0,0.15998427672955975,0.0,Q2,Q5 most POC
36047087000,155718,1400000US36047087000,59884.0,3327.0,276.0,2585.0,44.0,371.0,3327.0,624.0,047,Brooklyn,0.0829576194770063,0.7769762548842801,0.11151187255785994,0.013225127742711151,0.9170423805229937,0.18755635707844906,0.0,Q2,Q4
36047087401,130596,1400000US36047087401,38798.0,3848.0,980.0,2280.0,0.0,213.0,3848.0,896.0,047,Brooklyn,0.25467775467775466,0.5925155925155925,0.055353430353430357,0.0,0.7453222453222453,0.23284823284823286,0.0,Q1 lowest,Q3
36047087600,142213,1400000US36047087600,47105.0,1865.0,432.0,1249.0,9.0,95.0,1865.0,397.0,047,Brooklyn,0.23163538873994638,0.6697050938337802,0.05093833780160858,0.00482573726541555,0.7683646112600536,0.21286863270777479,0.0,Q1 lowest,Q3
36047087800,151414,1400000US36047087800,60947.0,2753.0,50.0,2339.0,38.0,120.0,2314.0,454.0,047,Brooklyn,0.018162005085361425,0.8496185978932074,0.04358881220486742,0.013803123864874683,0.9818379949146385,0.1961970613656007,0.0,Q2,Q5 most POC
36047088200,203181,1400000US36047088200,46461.0,6314.0,782.0,4796.0,0.0,357.0,6313.0,420.0,047,Brooklyn,0.12385175799809946,0.759581881533101,0.0565410199556541,0.0,0.8761482420019006,0.06652938381118327,0.0,Q1 lowest,Q4
36047059800,199216,1400000US36047059800,80633.0,3402.0,2275.0,126.0,541.0,20.0,3402.0,452.0,047,Brooklyn,0.668724279835391,0.037037037037037035,0.005878894767783657,0.15902410346854792,0.33127572016460904,0.13286302175191064,0.0,Q3,Q1 least POC
36047061002,227269,1400000US36047061002,78468.0,5248.0,5115.0,0.0,21.0,42.0,5248.0,745.0,047,Brooklyn,0.9746570121951219,0.0,0.008003048780487805,0.0040015243902439025,0.025342987804878092,0.14195884146341464,0.0,Q3,Q1 least POC
36047061200,198236,1400000US36047061200,148693.0,1065.0,886.0,22.0,10.0,104.0,1047.0,60.0,047,Brooklyn,0.831924882629108,0.020657276995305163,0.09765258215962441,0.009389671361502348,0.16807511737089198,0.05730659025787966,0.0,Q5 highest,Q1 least POC
36047060000,439917,1400000US36047060000,94482.0,6509.0,4894.0,87.0,730.0,683.0,6509.0,714.0,047,Brooklyn,0.7518820095252727,0.013366108465202028,0.10493163312336765,0.11215240436318943,0.24811799047472727,0.10969426947303733,0.0,Q4,Q1 least POC
36047060800,401159,1400000US36047060800,68349.0,3930.0,2503.0,88.0,790.0,396.0,3851.0,561.0,047,Brooklyn,0.6368956743002544,0.022391857506361322,0.10076335877862595,0.2010178117048346,0.3631043256997456,0.14567644767592833,3546.480525103765,Q2,Q1 least POC
36047061600,726087,1400000US36047061600,172462.0,1556.0,1515.0,20.0,0.0,7.0,1206.0,26.0,047,Brooklyn,0.9736503856041131,0.012853470437017995,0.004498714652956298,0.0,0.0263496143958869,0.02155887230514096,0.0,Q5 highest,Q1 least POC
36047062200,247463,1400000US36047062200,66313.0,3003.0,1892.0,391.0,382.0,316.0,2850.0,582.0,047,Brooklyn,0.63003663003663,0.1302031302031302,0.10522810522810523,0.1272061272061272,0.36996336996337,0.20421052631578948,2624.3785135421813,Q2,Q1 least POC
36047062800,767918,1400000US36047062800,108227.0,4808.0,3645.0,0.0,513.0,523.0,4808.0,164.0,047,Brooklyn,0.7581114808652246,0.0,0.10877703826955075,0.10669717138103162,0.24188851913477538,0.03410981697171381,2424.077716143686,Q4,Q1 least POC
36047063600,114332,1400000US36047063600,117237.0,1205.0,724.0,0.0,373.0,53.0,1205.0,95.0,047,Brooklyn,0.6008298755186722,0.0,0.04398340248962656,0.3095435684647303,0.3991701244813278,0.07883817427385892,0.0,Q5 highest,Q2
36047063800,139188,1400000US36047063800,87375.0,2055.0,1310.0,155.0,428.0,149.0,2055.0,151.0,047,Brooklyn,0.6374695863746959,0.07542579075425791,0.07250608272506083,0.20827250608272507,0.36253041362530414,0.07347931873479319,0.0,Q3,Q1 least POC
36047064000,153403,1400000US36047064000,144750.0,1708.0,1447.0,0.0,105.0,149.0,1708.0,37.0,047,Brooklyn,0.8471896955503513,0.0,0.08723653395784543,0.06147540983606557,0.15281030444964872,0.021662763466042154,0.0,Q5 highest,Q1 least POC
36047064400,199330,1400000US36047064400,91563.0,2601.0,1431.0,263.0,609.0,190.0,2592.0,596.0,047,Brooklyn,0.5501730103806228,0.10111495578623607,0.07304882737408688,0.23414071510957324,0.44982698961937717,0.22993827160493827,0.0,Q4,Q2
36047065000,166228,1400000US36047065000,85022.0,1362.0,534.0,463.0,166.0,167.0,1358.0,139.0,047,Brooklyn,0.3920704845814978,0.3399412628487518,0.12261380323054331,0.12187958883994127,0.6079295154185023,0.10235640648011782,0.0,Q3,Q2
36047094401,368968,1400000US36047094401,80064.0,2891.0,29.0,2720.0,0.0,100.0,2890.0,526.0,047,Brooklyn,0.010031131096506399,0.9408509166378416,0.03459010722933241,0.0,0.9899688689034936,0.18200692041522493,0.0,Q3,Q5 most POC
36047095000,242438,1400000US36047095000,96607.0,3092.0,159.0,2432.0,0.0,458.0,3079.0,114.0,047,Brooklyn,0.051423027166882275,0.7865459249676585,0.148124191461837,0.0,0.9485769728331177,0.03702500811951932,0.0,Q4,Q4
36047095400,237026,1400000US36047095400,93356.0,4431.0,62.0,4026.0,0.0,159.0,4431.0,290.0,047,Brooklyn,0.01399232678853532,0.9085985104942451,0.03588354773188896,0.0,0.9860076732114647,0.06544798013992327,0.0,Q4,Q5 most POC
36047095600,237582,1400000US36047095600,98750.0,4386.0,128.0,4098.0,0.0,92.0,4386.0,376.0,047,Brooklyn,0.02918376652986776,0.9343365253077975,0.020975832193342453,0.0,0.9708162334701322,0.08572731418148655,0.0,Q4,Q5 most POC
36005044902,156698,1400000US36005044902,88264.0,2146.0,1402.0,104.0,34.0,606.0,2133.0,273.0,005,Bronx,0.6533084808946877,0.048462255358807084,0.28238583410997203,0.015843429636533086,0.34669151910531226,0.1279887482419128,0.0,Q4,Q1 least POC
36005025100,209328,1400000US36005025100,44845.0,6601.0,221.0,1079.0,443.0,4662.0,6581.0,1776.0,005,Bronx,0.033479775791546734,0.163460081805787,0.7062566277836692,0.06711104378124527,0.9665202242084533,0.26986780124601123,222.12640144117563,Q1 lowest,Q4
36005022404,92720,1400000US36005022404,66121.0,4795.0,510.0,993.0,303.0,2765.0,4795.0,584.0,005,Bronx,0.10636079249217935,0.20709071949947863,0.5766423357664233,0.06319082377476538,0.8936392075078207,0.12179353493222106,598.0593058870243,Q2,Q4
36005039901,151654,1400000US36005039901,39524.0,5120.0,78.0,710.0,160.0,4021.0,5050.0,1248.0,005,Bronx,0.015234375,0.138671875,0.7853515625,0.03125,0.984765625,0.24712871287128713,0.0,Q1 lowest,Q5 most POC
36005023704,67466,1400000US36005023704,34875.0,3750.0,39.0,691.0,0.0,2894.0,3750.0,1605.0,005,Bronx,0.0104,0.18426666666666666,0.7717333333333334,0.0,0.9896,0.428,1175.1884854841223,Q1 lowest,Q5 most POC
36005015300,236836,1400000US36005015300,38862.0,4161.0,6.0,1861.0,62.0,2217.0,4097.0,1064.0,005,Bronx,0.0014419610670511895,0.4472482576303773,0.5328046142754146,0.014900264359528959,0.9985580389329488,0.25970222113741764,0.0,Q1 lowest,Q5 most POC
36047000700,176774,1400000US36047000700,180515.0,4194.0,3060.0,136.0,268.0,242.0,4134.0,253.0,047,Brooklyn,0.7296137339055794,0.03242727706247019,0.05770147830233667,0.06390081068192656,0.2703862660944206,0.06119980648282535,0.0,Q5 highest,Q1 least POC
36047000900,163469,1400000US36047000900,218500.0,4846.0,3300.0,214.0,512.0,236.0,4445.0,82.0,047,Brooklyn,0.680973999174577,0.04416013206768469,0.04869995872884853,0.10565414775072225,0.319026000825423,0.01844769403824522,48.40228469644947,Q5 highest,Q1 least POC
36047001100,168507,1400000US36047001100,166250.0,1558.0,819.0,148.0,296.0,227.0,1558.0,134.0,047,Brooklyn,0.5256739409499358,0.09499358151476252,0.14569961489088576,0.18998716302952504,0.4743260590500642,0.08600770218228498,2073.008543649394,Q5 highest,Q2
36047001300,293167,1400000US36047001300,148542.0,2190.0,1359.0,142.0,384.0,203.0,2116.0,224.0,047,Brooklyn,0.6205479452054794,0.06484018264840183,0.09269406392694064,0.17534246575342466,0.3794520547945206,0.10586011342155009,5179.803493036779,Q5 highest,Q1 least POC
36047002000,154138,1400000US36047002000,77969.0,1899.0,66.0,48.0,254.0,1516.0,1899.0,231.0,047,Brooklyn,0.03475513428120063,0.02527646129541864,0.7983149025803055,0.13375460768825698,0.9652448657187994,0.12164296998420221,0.0,Q3,Q4
36047002100,528955,1400000US36047002100,250001.0,5938.0,4265.0,130.0,897.0,308.0,5938.0,422.0,047,Brooklyn,0.7182553048164365,0.021892893230043786,0.05186931626810374,0.15106096328730212,0.2817446951835635,0.07106769956214214,5689.539310171559,Q5 highest,Q1 least POC
36047002200,340046,1400000US36047002200,40708.0,4224.0,1210.0,194.0,336.0,2424.0,4213.0,1080.0,047,Brooklyn,0.2864583333333333,0.045928030303030304,0.5738636363636364,0.07954545454545454,0.7135416666666667,0.25634939473059576,1294.3770967864084,Q1 lowest,Q3
36047002901,109261,1400000US36047002901,22943.0,3974.0,88.0,1884.0,879.0,584.0,3911.0,1839.0,047,Brooklyn,0.02214393558127831,0.47408152994464015,0.14695520885757424,0.22118772018117766,0.9778560644187216,0.47021222193812323,193.59197184541554,Q1 lowest,Q5 most POC
36047003400,477399,1400000US36047003400,103971.0,3566.0,2007.0,45.0,683.0,811.0,3515.0,161.0,047,Brooklyn,0.5628154795288839,0.012619181155356141,0.22742568704430735,0.19153112731351654,0.4371845204711161,0.04580369843527738,0.0,Q4,Q2
36047003700,166448,1400000US36047003700,169709.0,4085.0,2094.0,331.0,1099.0,284.0,4012.0,344.0,047,Brooklyn,0.5126070991432069,0.0810281517747858,0.06952264381884946,0.2690330477356181,0.4873929008567931,0.08574277168494517,3357.4630965504625,Q5 highest,Q2
36047003900,156923,1400000US36047003900,136307.0,2523.0,1298.0,163.0,287.0,360.0,2523.0,380.0,047,Brooklyn,0.5144669044787951,0.06460562822037257,0.1426872770511296,0.11375346809353944,0.48553309552120494,0.15061434799841458,1125.6151624653157,Q5 highest,Q2
36005014100,177165,1400000US36005014100,35506.0,7133.0,184.0,2293.0,11.0,4394.0,7133.0,1950.0,005,Bronx,0.02579559792513669,0.3214636197953175,0.6160100939296229,0.0015421281368288237,0.9742044020748634,0.2733772606196551,0.0,Q1 lowest,Q5 most POC
36005033000,206129,1400000US36005033000,44785.0,5278.0,1494.0,1435.0,90.0,1897.0,5222.0,1169.0,005,Bronx,0.2830617658203865,0.2718832891246684,0.3594164456233422,0.017051913603637742,0.7169382341796136,0.22386058981233245,853.6892909568098,Q1 lowest,Q3
36005021100,151667,1400000US36005021100,42077.0,6268.0,72.0,1878.0,73.0,4081.0,6161.0,1660.0,005,Bronx,0.01148691767708998,0.299617102744097,0.6510848755583918,0.011646458200382898,0.98851308232291,0.2694367797435481,2442.1254444464257,Q1 lowest,Q5 most POC
36005004600,135341,1400000US36005004600,17083.0,1763.0,38.0,491.0,0.0,1217.0,1711.0,1036.0,005,Bronx,0.021554169030062395,0.27850255246738514,0.690300623936472,0.0,0.9784458309699376,0.6054938632378726,632.6376317972421,Q1 lowest,Q5 most POC
36005005902,70347,1400000US36005005902,48456.0,2938.0,354.0,779.0,19.0,1772.0,2938.0,907.0,005,Bronx,0.12049012933968686,0.26514635806671205,0.6031313818924439,0.006466984343090538,0.8795098706603132,0.308713410483322,0.0,Q1 lowest,Q4
36005028100,129158,1400000US36005028100,67917.0,3490.0,1077.0,689.0,99.0,1563.0,3274.0,224.0,005,Bronx,0.308595988538682,0.19742120343839542,0.44785100286532953,0.02836676217765043,0.691404011461318,0.06841783750763591,0.0,Q2,Q3
36005022701,117193,1400000US36005022701,31500.0,4876.0,48.0,1842.0,34.0,2769.0,4851.0,1545.0,005,Bronx,0.009844134536505332,0.3777686628383921,0.5678835110746514,0.00697292863002461,0.9901558654634947,0.31849103277674706,0.0,Q1 lowest,Q5 most POC
36005031600,177170,1400000US36005031600,97202.0,1907.0,540.0,183.0,196.0,753.0,1907.0,254.0,005,Bronx,0.2831672784478238,0.09596224436287362,0.39486103828002095,0.10277923439958049,0.7168327215521761,0.1331934976402727,0.0,Q4,Q3
36005019500,219844,1400000US36005019500,33412.0,7143.0,414.0,3096.0,68.0,3241.0,7035.0,3371.0,005,Bronx,0.05795884082318354,0.43343133137337253,0.45373092538149234,0.009519809603807924,0.9420411591768164,0.47917555081734187,706.6005163463983,Q1 lowest,Q4
36005028600,200018,1400000US36005028600,87917.0,950.0,378.0,51.0,280.0,235.0,950.0,55.0,005,Bronx,0.39789473684210525,0.05368421052631579,0.24736842105263157,0.29473684210526313,0.6021052631578947,0.05789473684210526,0.0,Q3,Q2
36005016400,164578,1400000US36005016400,66912.0,1029.0,416.0,86.0,191.0,327.0,1029.0,269.0,005,Bronx,0.4042759961127308,0.08357628765792031,0.3177842565597668,0.18561710398445092,0.5957240038872692,0.26141885325558795,0.0,Q2,Q2
36005036800,169530,1400000US36005036800,66563.0,2282.0,31.0,1303.0,0.0,339.0,2193.0,546.0,005,Bronx,0.013584574934268186,0.5709903593339176,0.1485539000876424,0.0,0.9864154250657318,0.24897400820793433,0.0,Q2,Q5 most POC
36005006000,336489,1400000US36005006000,47375.0,1297.0,7.0,59.0,0.0,1231.0,1284.0,327.0,005,Bronx,0.005397070161912105,0.04548959136468774,0.9491133384734002,0.0,0.9946029298380878,0.2546728971962617,0.0,Q1 lowest,Q5 most POC
36005037600,124765,1400000US36005037600,69345.0,2028.0,180.0,752.0,140.0,913.0,2028.0,434.0,005,Bronx,0.08875739644970414,0.3708086785009862,0.45019723865877714,0.06903353057199212,0.9112426035502958,0.21400394477317555,0.0,Q2,Q4
36005023301,119112,1400000US36005023301,31887.0,4067.0,17.0,1159.0,79.0,2595.0,4052.0,1267.0,005,Bronx,0.004179985247110892,0.2849766412589132,0.6380624538972215,0.01942463732480944,0.9958200147528891,0.31268509378084897,757.0602836853811,Q1 lowest,Q5 most POC
36005004001,123145,1400000US36005004001,70536.0,1409.0,60.0,158.0,343.0,800.0,1409.0,144.0,005,Bronx,0.042583392476934,0.11213626685592619,0.5677785663591199,0.24343506032647266,0.957416607523066,0.1022001419446416,0.0,Q2,Q4
36005006900,187978,1400000US36005006900,29627.0,7118.0,73.0,1773.0,22.0,5142.0,7118.0,2724.0,005,Bronx,0.01025568980050576,0.24908682214105085,0.7223939308794606,0.0030907558302894073,0.9897443101994943,0.3826917673503793,0.0,Q1 lowest,Q5 most POC
36005003100,154703,1400000US36005003100,41370.0,2559.0,36.0,831.0,146.0,1469.0,2559.0,582.0,005,Bronx,0.01406799531066823,0.324736225087925,0.5740523642047675,0.057053536537710045,0.9859320046893317,0.22743259085580306,0.0,Q1 lowest,Q5 most POC
36005039000,181646,1400000US36005039000,59758.0,2953.0,74.0,1761.0,24.0,590.0,2953.0,419.0,005,Bronx,0.02505926176769387,0.5963427023366068,0.19979681679647815,0.008127328140873687,0.9749407382323061,0.14188960379275314,918.6859178357272,Q2,Q5 most POC
36005042800,169199,1400000US36005042800,104205.0,2014.0,43.0,1330.0,35.0,229.0,1988.0,276.0,005,Bronx,0.02135054617676266,0.660377358490566,0.11370407149950347,0.01737835153922542,0.9786494538232373,0.13883299798792756,0.0,Q4,Q5 most POC
36005038800,148659,1400000US36005038800,63341.0,2967.0,28.0,1765.0,0.0,1080.0,2967.0,762.0,005,Bronx,0.009437141894169195,0.5948769801145939,0.3640040444893832,0.0,0.9905628581058308,0.2568250758341759,0.0,Q2,Q5 most POC
36005005600,136188,1400000US36005005600,39572.0,2311.0,56.0,328.0,91.0,1613.0,2311.0,807.0,005,Bronx,0.024231934227607096,0.14192990047598442,0.6979662483773258,0.039376893119861534,0.975768065772393,0.34919948074426654,0.0,Q1 lowest,Q5 most POC
36005014500,181903,1400000US36005014500,27352.0,6425.0,157.0,3890.0,0.0,2365.0,6208.0,3080.0,005,Bronx,0.02443579766536965,0.6054474708171206,0.3680933852140078,0.0,0.9755642023346304,0.4961340206185567,0.0,Q1 lowest,Q5 most POC
36047017800,164020,1400000US36047017800,73417.0,2812.0,1045.0,30.0,1120.0,593.0,2622.0,239.0,047,Brooklyn,0.3716216216216216,0.010668563300142247,0.2108819345661451,0.39829302987197723,0.6283783783783784,0.09115179252479023,0.0,Q3,Q2
36047017900,158289,1400000US36047017900,110625.0,4119.0,1217.0,1260.0,343.0,765.0,3814.0,932.0,047,Brooklyn,0.29546006312211703,0.3058994901675164,0.18572469045884923,0.08327263899004612,0.704539936877883,0.2443628736234924,0.0,Q4,Q3
36047018000,176108,1400000US36047018000,62637.0,3145.0,1429.0,0.0,890.0,780.0,3130.0,388.0,047,Brooklyn,0.4543720190779014,0.0,0.2480127186009539,0.28298887122416533,0.5456279809220985,0.12396166134185303,0.0,Q2,Q2
36047018200,165463,1400000US36047018200,66083.0,3332.0,894.0,0.0,1849.0,574.0,3332.0,328.0,047,Brooklyn,0.26830732292917164,0.0,0.1722689075630252,0.554921968787515,0.7316926770708283,0.09843937575030012,0.0,Q2,Q3
36047018300,137311,1400000US36047018300,182401.0,2741.0,1593.0,256.0,173.0,198.0,2733.0,134.0,047,Brooklyn,0.5811747537395111,0.09339657059467348,0.07223641006931776,0.06311565122218168,0.4188252462604889,0.04903036955726308,0.0,Q5 highest,Q2
36047018501,111097,1400000US36047018501,46723.0,4791.0,453.0,2111.0,473.0,1637.0,4782.0,998.0,047,Brooklyn,0.09455228553537884,0.440617825088708,0.3416823210185765,0.09872677937800042,0.9054477144646211,0.20869928900041823,0.0,Q1 lowest,Q4
36047018600,113054,1400000US36047018600,77500.0,2115.0,820.0,0.0,788.0,500.0,2115.0,229.0,047,Brooklyn,0.3877068557919622,0.0,0.2364066193853428,0.3725768321513002,0.6122931442080378,0.108274231678487,0.0,Q3,Q2
36047018700,85768,1400000US36047018700,116842.0,1460.0,689.0,368.0,90.0,256.0,1440.0,156.0,047,Brooklyn,0.47191780821917806,0.25205479452054796,0.17534246575342466,0.06164383561643835,0.5280821917808219,0.10833333333333334,227.60250261542384,Q5 highest,Q2
36047019000,212934,1400000US36047019000,63289.0,4614.0,1186.0,26.0,2150.0,1197.0,4614.0,624.0,047,Brooklyn,0.25704377980060683,0.005635023840485479,0.25942782834850453,0.4659731252709146,0.7429562201993931,0.1352405721716515,0.0,Q2,Q3
36047019100,253797,1400000US36047019100,148051.0,2852.0,1300.0,286.0,366.0,615.0,2803.0,304.0,047,Brooklyn,0.45582047685834504,0.1002805049088359,0.21563814866760167,0.12833099579242638,0.544179523141655,0.10845522654298966,0.0,Q5 highest,Q2
36047019200,189790,1400000US36047019200,63807.0,2792.0,936.0,7.0,1035.0,621.0,2788.0,516.0,047,Brooklyn,0.335243553008596,0.002507163323782235,0.22242120343839542,0.37070200573065903,0.664756446991404,0.18507890961262555,0.0,Q2,Q3
36047019600,188308,1400000US36047019600,82500.0,4845.0,1606.0,383.0,1694.0,1126.0,4711.0,1242.0,047,Brooklyn,0.33147574819401443,0.07905056759545924,0.2324045407636739,0.3496388028895769,0.6685242518059855,0.2636382933559754,0.0,Q3,Q3
36047019700,169819,1400000US36047019700,114191.0,3680.0,2022.0,889.0,147.0,472.0,3636.0,190.0,047,Brooklyn,0.5494565217391304,0.24157608695652175,0.1282608695652174,0.03994565217391304,0.4505434782608696,0.052255225522552254,0.0,Q5 highest,Q2
36047019800,134715,1400000US36047019800,81719.0,2057.0,880.0,1.0,969.0,154.0,2040.0,213.0,047,Brooklyn,0.42780748663101603,0.0004861448711716091,0.0748663101604278,0.47107438016528924,0.572192513368984,0.10441176470588236,0.0,Q3,Q2
36047019900,188914,1400000US36047019900,123107.0,3582.0,1665.0,699.0,364.0,544.0,3577.0,369.0,047,Brooklyn,0.4648241206030151,0.19514237855946398,0.15187046342825236,0.10161920714684534,0.535175879396985,0.10315907184791726,0.0,Q5 highest,Q2
36047020000,134858,1400000US36047020000,91750.0,2306.0,885.0,0.0,995.0,426.0,2306.0,426.0,047,Brooklyn,0.38378143972246315,0.0,0.18473547267996532,0.43148308759757154,0.6162185602775369,0.18473547267996532,0.0,Q4,Q2
36047020300,140848,1400000US36047020300,191083.0,2057.0,1113.0,253.0,165.0,314.0,2057.0,172.0,047,Brooklyn,0.541079241614001,0.12299465240641712,0.15264948954788526,0.08021390374331551,0.458920758385999,0.08361691784151677,0.0,Q5 highest,Q2
36047020400,134801,1400000US36047020400,95855.0,1842.0,1131.0,12.0,558.0,69.0,1842.0,218.0,047,Brooklyn,0.6140065146579805,0.006514657980456026,0.03745928338762215,0.30293159609120524,0.3859934853420195,0.11834961997828447,0.0,Q4,Q1 least POC
36047020600,170942,1400000US36047020600,95104.0,2499.0,1520.0,13.0,596.0,310.0,2498.0,457.0,047,Brooklyn,0.6082432973189276,0.005202080832332933,0.12404961984793918,0.2384953981592637,0.39175670268107243,0.18294635708566853,0.0,Q4,Q2
36047020700,137892,1400000US36047020700,175833.0,4562.0,3084.0,355.0,267.0,487.0,4562.0,224.0,047,Brooklyn,0.6760192897851819,0.07781674704077159,0.1067514248136782,0.05852696185883385,0.3239807102148181,0.04910127137220517,5.708803610152754,Q5 highest,Q1 least POC
36005026300,158774,1400000US36005026300,37361.0,6904.0,262.0,773.0,32.0,5837.0,6258.0,1613.0,005,Bronx,0.03794901506373117,0.1119640787949015,0.84545191193511,0.004634994206257242,0.9620509849362688,0.2577500798977309,0.0,Q1 lowest,Q4
36005029700,232730,1400000US36005029700,97132.0,4047.0,2385.0,409.0,217.0,805.0,3826.0,117.0,005,Bronx,0.5893254262416605,0.10106251544353842,0.19891277489498393,0.05361996540647393,0.4106745737583395,0.030580240460010455,0.0,Q4,Q2
36005020601,151551,1400000US36005020601,55648.0,2528.0,94.0,260.0,795.0,1187.0,2512.0,799.0,005,Bronx,0.037183544303797465,0.10284810126582279,0.46954113924050633,0.31447784810126583,0.9628164556962026,0.31807324840764334,0.0,Q2,Q4
36005042000,150497,1400000US36005042000,32672.0,4396.0,103.0,1919.0,157.0,2098.0,4361.0,1880.0,005,Bronx,0.02343039126478617,0.436533212010919,0.47725204731574156,0.03571428571428571,0.9765696087352138,0.4310937858289383,1118.6085318200821,Q1 lowest,Q5 most POC
36005015800,162176,1400000US36005015800,70357.0,1461.0,574.0,70.0,73.0,744.0,1461.0,372.0,005,Bronx,0.3928815879534565,0.04791238877481177,0.5092402464065708,0.04996577686516085,0.6071184120465435,0.2546201232032854,0.0,Q2,Q2
36005007400,187162,1400000US36005007400,53166.0,3192.0,63.0,851.0,0.0,2187.0,3192.0,614.0,005,Bronx,0.019736842105263157,0.2666040100250627,0.6851503759398496,0.0,0.9802631578947368,0.19235588972431078,859.5093441372773,Q2,Q5 most POC
36005028800,336192,1400000US36005028800,86757.0,2784.0,1602.0,233.0,588.0,321.0,2784.0,456.0,005,Bronx,0.5754310344827587,0.08369252873563218,0.11530172413793104,0.21120689655172414,0.4245689655172413,0.16379310344827586,0.0,Q3,Q2
36005022902,91601,1400000US36005022902,51964.0,3501.0,38.0,759.0,54.0,2594.0,3488.0,1137.0,005,Bronx,0.010854041702370752,0.21679520137103683,0.7409311625249929,0.015424164524421594,0.9891459582976293,0.3259747706422018,0.0,Q1 lowest,Q5 most POC
36005013300,161170,1400000US36005013300,34055.0,6038.0,38.0,1803.0,0.0,4049.0,6011.0,1272.0,005,Bronx,0.006293474660483604,0.2986088108645247,0.6705862868499504,0.0,0.9937065253395164,0.21161204458492763,2211.8523923895686,Q1 lowest,Q5 most POC
36005045101,176003,1400000US36005045101,73021.0,1541.0,1261.0,56.0,0.0,191.0,1535.0,11.0,005,Bronx,0.81829980532122,0.036340038935756006,0.12394548994159636,0.0,0.18170019467877996,0.0071661237785016286,1314.010946805009,Q3,Q1 least POC
36005008300,213932,1400000US36005008300,50920.0,6564.0,136.0,941.0,0.0,5430.0,6551.0,1142.0,005,Bronx,0.020719073735527116,0.14335770871419867,0.8272394881170019,0.0,0.9792809262644728,0.17432453060601436,0.0,Q1 lowest,Q5 most POC
36005040400,215289,1400000US36005040400,83333.0,3310.0,1.0,2425.0,0.0,780.0,3310.0,167.0,005,Bronx,0.00030211480362537764,0.7326283987915407,0.23564954682779457,0.0,0.9996978851963746,0.05045317220543807,0.0,Q3,Q5 most POC
36005046000,287814,1400000US36005046000,40500.0,2739.0,90.0,1670.0,29.0,946.0,2519.0,671.0,005,Bronx,0.03285870755750274,0.6097115735669952,0.3453815261044177,0.01058780576852866,0.9671412924424972,0.2663755458515284,0.0,Q1 lowest,Q4
36005025200,190718,1400000US36005025200,85192.0,2525.0,829.0,155.0,266.0,1164.0,2442.0,282.0,005,Bronx,0.32831683168316833,0.061386138613861385,0.460990099009901,0.10534653465346534,0.6716831683168316,0.11547911547911548,0.0,Q3,Q3
36005023501,68200,1400000US36005023501,39419.0,3294.0,37.0,299.0,13.0,2945.0,3294.0,1089.0,005,Bronx,0.011232544019429266,0.09077109896782028,0.8940497874924105,0.003946569520340012,0.9887674559805707,0.33060109289617484,2166.7568461854025,Q1 lowest,Q5 most POC
36005036501,95827,1400000US36005036501,41287.0,4196.0,16.0,2107.0,0.0,1981.0,4196.0,1278.0,005,Bronx,0.0038131553860819827,0.5021448999046711,0.4721163012392755,0.0,0.996186844613918,0.30457578646329836,839.900945718196,Q1 lowest,Q5 most POC
36005021601,164047,1400000US36005021601,45156.0,4421.0,213.0,708.0,405.0,3015.0,4421.0,1012.0,005,Bronx,0.04817914498982131,0.16014476362813843,0.6819724044333861,0.09160823343135037,0.9518208550101787,0.2289074869938928,0.0,Q1 lowest,Q4
36005040304,67355,1400000US36005040304,33218.0,3766.0,88.0,327.0,186.0,3127.0,3740.0,1253.0,005,Bronx,0.02336696760488582,0.08682952734997344,0.830323951141795,0.04938927243759957,0.9766330323951142,0.33502673796791443,0.0,Q1 lowest,Q5 most POC
36005022800,172197,1400000US36005022800,86549.0,5693.0,775.0,1310.0,873.0,2454.0,5693.0,736.0,005,Bronx,0.13613209204285964,0.23010714913051114,0.4310556824170033,0.15334621464956966,0.8638679079571403,0.12928157386263833,273.2906899250706,Q3,Q3
36005003800,63397,1400000US36005003800,88077.0,1182.0,16.0,176.0,36.0,954.0,1166.0,171.0,005,Bronx,0.01353637901861252,0.14890016920473773,0.8071065989847716,0.030456852791878174,0.9864636209813875,0.14665523156089194,356.30311745961365,Q3,Q5 most POC
36005020400,134279,1400000US36005020400,59138.0,3012.0,125.0,298.0,458.0,1927.0,3003.0,536.0,005,Bronx,0.04150066401062417,0.09893758300132802,0.6397742363877822,0.15205843293492696,0.9584993359893759,0.1784881784881785,0.0,Q2,Q4
36005003300,152385,1400000US36005003300,24122.0,3559.0,85.0,1081.0,0.0,2297.0,3507.0,1853.0,005,Bronx,0.02388311323405451,0.30373700477662263,0.6454060129249789,0.0,0.9761168867659455,0.5283718277730254,723.6866973542799,Q1 lowest,Q5 most POC
36005037100,198179,1400000US36005037100,21250.0,4099.0,107.0,1653.0,0.0,2295.0,4073.0,1133.0,005,Bronx,0.026103927787265186,0.4032690900219566,0.5598926567455477,0.0,0.9738960722127348,0.27817333660692367,2128.345146501856,Q1 lowest,Q5 most POC
36005013100,230967,1400000US36005013100,17410.0,4822.0,257.0,1298.0,0.0,3267.0,4822.0,2113.0,005,Bronx,0.05329738697635836,0.269182911654915,0.6775197013687266,0.0,0.9467026130236417,0.4381999170468685,1357.044345576106,Q1 lowest,Q4
36047020800,143311,1400000US36047020800,62723.0,3148.0,1245.0,83.0,1695.0,57.0,3147.0,280.0,047,Brooklyn,0.3954891994917408,0.02636594663278272,0.018106734434561626,0.5384371029224905,0.6045108005082592,0.08897362567524626,0.0,Q2,Q2
36047021000,150022,1400000US36047021000,64250.0,4041.0,1118.0,84.0,2377.0,313.0,4041.0,1164.0,047,Brooklyn,0.2766641920316753,0.020786933927245732,0.07745607522890374,0.5882207374412274,0.7233358079683248,0.28804751299183373,0.0,Q2,Q3
36047021400,167965,1400000US36047021400,78272.0,2565.0,1368.0,0.0,877.0,262.0,2521.0,780.0,047,Brooklyn,0.5333333333333333,0.0,0.10214424951267057,0.3419103313840156,0.4666666666666667,0.3094010313367711,0.0,Q3,Q2
36047021800,157820,1400000US36047021800,66169.0,3035.0,2474.0,0.0,115.0,253.0,3035.0,332.0,047,Brooklyn,0.8151565074135091,0.0,0.08336079077429984,0.03789126853377265,0.1848434925864909,0.10939044481054366,0.0,Q2,Q1 least POC
36047021900,147042,1400000US36047021900,114750.0,4191.0,1349.0,2086.0,186.0,288.0,4191.0,491.0,047,Brooklyn,0.3218802195180148,0.4977332378907182,0.06871868289191124,0.04438081603435934,0.6781197804819852,0.1171558100691959,0.0,Q5 highest,Q3
36081019400,305897,1400000US36081019400,85571.0,3057.0,18.0,1382.0,623.0,479.0,3057.0,286.0,081,Queens,0.005888125613346418,0.4520771998691528,0.15668956493294078,0.20379456983971214,0.9941118743866536,0.09355577363428197,0.0,Q3,Q5 most POC
36081020500,587633,1400000US36081020500,64583.0,1353.0,153.0,17.0,115.0,1068.0,1353.0,128.0,081,Queens,0.1130820399113082,0.012564671101256468,0.7893569844789357,0.08499630450849963,0.8869179600886918,0.09460458240946046,49.89024814332642,Q2,Q4
36081095400,808825,1400000US36081095400,82694.0,6950.0,921.0,3503.0,233.0,1786.0,6741.0,920.0,081,Queens,0.1325179856115108,0.5040287769784173,0.25697841726618703,0.033525179856115105,0.8674820143884892,0.1364782673193888,250.96298722938693,Q3,Q4
36081127700,1069117,1400000US36081127700,140924.0,3198.0,2077.0,384.0,410.0,109.0,3175.0,106.0,081,Queens,0.6494684177611006,0.1200750469043152,0.034083802376485305,0.1282051282051282,0.35053158223889935,0.03338582677165354,0.0,Q5 highest,Q1 least POC
36081042400,516440,1400000US36081042400,77445.0,2587.0,34.0,2169.0,0.0,105.0,2474.0,157.0,081,Queens,0.013142636258214147,0.8384228836490143,0.040587553150367224,0.0,0.9868573637417859,0.06345998383185125,0.0,Q3,Q5 most POC
36081062200,437270,1400000US36081062200,115347.0,2043.0,109.0,1813.0,5.0,67.0,2021.0,126.0,081,Queens,0.05335291238374939,0.8874204601076848,0.032794909446891826,0.0024473813020068525,0.9466470876162506,0.06234537357743691,0.0,Q5 highest,Q4
36081079702,285450,1400000US36081079702,62070.0,3635.0,75.0,13.0,3209.0,279.0,3635.0,1057.0,081,Queens,0.02063273727647868,0.003576341127922971,0.07675378266850069,0.8828060522696011,0.9793672627235214,0.2907840440165062,0.0,Q2,Q5 most POC
36081030600,1353391,1400000US36081030600,93537.0,4980.0,89.0,3653.0,303.0,769.0,4805.0,419.0,081,Queens,0.0178714859437751,0.7335341365461847,0.15441767068273093,0.0608433734939759,0.9821285140562249,0.08720083246618106,0.0,Q4,Q5 most POC
36081015802,278405,1400000US36081015802,103800.0,5013.0,101.0,855.0,1048.0,969.0,4975.0,277.0,081,Queens,0.020147616197885496,0.17055655296229802,0.19329742669060443,0.20905645322162378,0.9798523838021145,0.055678391959799,0.0,Q4,Q5 most POC
36081018102,96555,1400000US36081018102,83995.0,3534.0,1247.0,113.0,1194.0,822.0,3534.0,232.0,081,Queens,0.35285795132993775,0.03197509903791738,0.23259762308998302,0.3378607809847199,0.6471420486700623,0.06564799094510469,2084.362214636551,Q3,Q3
36081012500,163049,1400000US36081012500,94250.0,1394.0,635.0,81.0,218.0,360.0,1394.0,52.0,081,Queens,0.45552367288378764,0.05810616929698709,0.2582496413199426,0.1563845050215208,0.5444763271162123,0.03730272596843615,0.2478414212920579,Q4,Q2
36081065703,268451,1400000US36081065703,110882.0,2916.0,1952.0,21.0,104.0,224.0,2913.0,108.0,081,Queens,0.6694101508916324,0.00720164609053498,0.07681755829903979,0.03566529492455418,0.33058984910836764,0.037075180226570546,0.0,Q4,Q1 least POC
36081008500,273044,1400000US36081008500,103625.0,1269.0,310.0,26.0,328.0,582.0,1268.0,233.0,081,Queens,0.24428684003152087,0.02048857368006304,0.458628841607565,0.25847123719464143,0.7557131599684791,0.1837539432176656,0.0,Q4,Q3
36081026901,114213,1400000US36081026901,61488.0,5065.0,167.0,0.0,1856.0,2980.0,4998.0,588.0,081,Queens,0.03297137216189536,0.0,0.5883514313919053,0.36643632773938795,0.9670286278381046,0.11764705882352941,0.0,Q2,Q4
36081074900,359060,1400000US36081074900,222083.0,1501.0,749.0,18.0,567.0,109.0,1501.0,49.0,081,Queens,0.4990006662225183,0.011992005329780146,0.072618254497002,0.37774816788807464,0.5009993337774816,0.03264490339773484,0.0,Q5 highest,Q2
36081099802,434635,1400000US36081099802,46645.0,6111.0,897.0,3286.0,210.0,1497.0,6111.0,1363.0,081,Queens,0.14678448699067256,0.5377188676157748,0.24496809032891506,0.03436426116838488,0.8532155130093274,0.2230404189167076,2562.2213901084374,Q1 lowest,Q3
36081035700,618526,1400000US36081035700,84242.0,4121.0,254.0,1272.0,591.0,1952.0,3676.0,461.0,081,Queens,0.061635525357922834,0.30866294588692067,0.4736714389711235,0.14341179325406456,0.9383644746420772,0.12540805223068552,0.0,Q3,Q4
36081006502,153366,1400000US36081006502,81556.0,3578.0,2123.0,1.0,254.0,1086.0,3578.0,749.0,081,Queens,0.5933482392397987,0.00027948574622694243,0.3035215204024595,0.07098937954164337,0.40665176076020126,0.20933482392397987,0.0,Q3,Q2
36081029400,1064504,1400000US36081029400,100044.0,7951.0,289.0,5643.0,18.0,1454.0,7854.0,609.0,081,Queens,0.036347629229027796,0.7097220475411898,0.1828700792353163,0.0022638661803546724,0.9636523707709722,0.07754010695187166,0.0,Q4,Q4
36081061301,712703,1400000US36081061301,72055.0,5070.0,2359.0,74.0,406.0,2178.0,5047.0,584.0,081,Queens,0.4652859960552268,0.014595660749506903,0.42958579881656805,0.08007889546351085,0.5347140039447732,0.11571230433921141,0.0,Q3,Q2
36081072300,470056,1400000US36081072300,198750.0,2307.0,1131.0,138.0,718.0,212.0,2283.0,66.0,081,Queens,0.49024707412223667,0.05981794538361508,0.09189423493714781,0.3112267013437365,0.5097529258777633,0.02890932982917214,0.0,Q5 highest,Q2
36081086900,595378,1400000US36081086900,55278.0,1711.0,117.0,10.0,1370.0,188.0,1710.0,288.0,081,Queens,0.06838106370543542,0.0058445353594389245,0.10987726475745178,0.8007013442431327,0.9316189362945646,0.16842105263157894,0.0,Q2,Q4
36081015801,295609,1400000US36081015801,92194.0,3889.0,37.0,559.0,1714.0,174.0,3853.0,318.0,081,Queens,0.009514013885317562,0.1437387503214194,0.044741578812033944,0.4407302648495757,0.9904859861146824,0.08253309109784583,0.0,Q4,Q5 most POC
36047101800,283765,1400000US36047101800,93243.0,1957.0,75.0,1692.0,42.0,40.0,1957.0,51.0,047,Brooklyn,0.03832396525293817,0.8645886561062851,0.020439448134900357,0.021461420541645376,0.9616760347470619,0.026060296371997957,0.0,Q4,Q4
36047102000,157042,1400000US36047102000,109565.0,1924.0,77.0,1672.0,108.0,25.0,1924.0,135.0,047,Brooklyn,0.04002079002079002,0.8690228690228691,0.012993762993762994,0.056133056133056136,0.9599792099792099,0.07016632016632017,0.0,Q4,Q4
36047102600,135920,1400000US36047102600,110592.0,3132.0,155.0,2336.0,116.0,195.0,3122.0,287.0,047,Brooklyn,0.04948914431673052,0.7458492975734355,0.06226053639846743,0.037037037037037035,0.9505108556832694,0.09192825112107623,0.0,Q4,Q4
36081018501,98520,1400000US36081018501,80728.0,3636.0,1557.0,28.0,859.0,1096.0,3636.0,356.0,081,Queens,0.4282178217821782,0.007700770077007701,0.30143014301430143,0.23624862486248624,0.5717821782178218,0.09790979097909791,0.0,Q3,Q2
36047107800,506528,1400000US36047107800,75881.0,4336.0,39.0,3529.0,0.0,612.0,4318.0,447.0,047,Brooklyn,0.008994464944649446,0.8138837638376384,0.1411439114391144,0.0,0.9910055350553506,0.10352014821676703,8421.8273755538,Q3,Q5 most POC
36047109800,854382,1400000US36047109800,66985.0,2589.0,47.0,1838.0,113.0,314.0,2589.0,602.0,047,Brooklyn,0.018153727307840865,0.7099266125917343,0.1212823483970645,0.043646195442255696,0.9818462726921592,0.23252220934723833,0.0,Q2,Q5 most POC
36047112200,162285,1400000US36047112200,28778.0,3010.0,41.0,1922.0,132.0,776.0,2975.0,1124.0,047,Brooklyn,0.01362126245847176,0.6385382059800665,0.2578073089700997,0.043853820598006646,0.9863787375415283,0.37781512605042017,0.0,Q1 lowest,Q5 most POC
36047112400,177849,1400000US36047112400,44375.0,3410.0,42.0,2470.0,0.0,790.0,3410.0,770.0,047,Brooklyn,0.012316715542521995,0.7243401759530792,0.2316715542521994,0.0,0.987683284457478,0.22580645161290322,0.0,Q1 lowest,Q5 most POC
36047112600,168500,1400000US36047112600,69932.0,4634.0,0.0,3657.0,0.0,814.0,4478.0,1145.0,047,Brooklyn,0.0,0.7891670263271472,0.1756581786793267,0.0,1.0,0.2556945064761054,0.0,Q2,Q5 most POC
36047112800,184193,1400000US36047112800,52477.0,4235.0,103.0,3333.0,0.0,741.0,4235.0,1158.0,047,Brooklyn,0.024321133412042503,0.787012987012987,0.17497048406139315,0.0,0.9756788665879575,0.27343565525383706,0.0,Q1 lowest,Q5 most POC
36047113000,193832,1400000US36047113000,53263.0,4279.0,32.0,3001.0,40.0,1038.0,4279.0,626.0,047,Brooklyn,0.007478382799719561,0.7013320869362001,0.24258004206590325,0.00934797849964945,0.9925216172002804,0.1462958635195139,0.0,Q2,Q5 most POC
36047113200,196193,1400000US36047113200,47667.0,2444.0,77.0,1889.0,0.0,379.0,2437.0,595.0,047,Brooklyn,0.03150572831423895,0.7729132569558101,0.15507364975450083,0.0,0.9684942716857611,0.24415264669675832,0.0,Q1 lowest,Q4
36047114201,300918,1400000US36047114201,41657.0,1514.0,58.0,572.0,62.0,803.0,1514.0,104.0,047,Brooklyn,0.03830911492734478,0.37780713342140027,0.5303830911492734,0.04095112285336856,0.9616908850726552,0.06869220607661823,0.0,Q1 lowest,Q4
36047114600,160101,1400000US36047114600,83476.0,3000.0,69.0,443.0,139.0,2199.0,3000.0,459.0,047,Brooklyn,0.023,0.14766666666666667,0.733,0.04633333333333333,0.977,0.153,0.0,Q3,Q5 most POC
36047115200,166136,1400000US36047115200,53135.0,3229.0,243.0,1441.0,9.0,1008.0,3229.0,458.0,047,Brooklyn,0.07525549705791267,0.4462681944874574,0.31217095075874884,0.002787240631774543,0.9247445029420873,0.1418395788169712,0.0,Q2,Q4
36047115600,159862,1400000US36047115600,28585.0,4249.0,3.0,3108.0,1.0,1116.0,4195.0,1465.0,047,Brooklyn,0.0007060484819957637,0.7314662273476112,0.2626500353024241,0.0002353494939985879,0.9992939515180043,0.3492252681764005,0.0,Q1 lowest,Q5 most POC
36047116000,151414,1400000US36047116000,57462.0,2759.0,101.0,1656.0,0.0,837.0,2732.0,551.0,047,Brooklyn,0.03660746647335991,0.6002174700978615,0.30337078651685395,0.0,0.9633925335266401,0.20168374816983894,0.0,Q2,Q4
36047116400,181563,1400000US36047116400,66557.0,3685.0,91.0,2232.0,136.0,1066.0,3636.0,560.0,047,Brooklyn,0.02469470827679783,0.6056987788331072,0.289280868385346,0.03690637720488467,0.9753052917232021,0.15401540154015403,0.0,Q2,Q5 most POC
36047117000,153809,1400000US36047117000,,1965.0,35.0,262.0,125.0,1543.0,1965.0,798.0,047,Brooklyn,0.017811704834605598,0.13333333333333333,0.7852417302798982,0.06361323155216285,0.9821882951653944,0.40610687022900765,0.0,,Q5 most POC
36047117201,129156,1400000US36047117201,62273.0,2365.0,60.0,472.0,60.0,1701.0,2352.0,534.0,047,Brooklyn,0.02536997885835095,0.19957716701902747,0.7192389006342494,0.02536997885835095,0.9746300211416491,0.22704081632653061,0.0,Q2,Q5 most POC
36047117202,151822,1400000US36047117202,64167.0,4784.0,27.0,1335.0,66.0,3018.0,4681.0,771.0,047,Brooklyn,0.0056438127090301,0.2790551839464883,0.6308528428093646,0.013795986622073578,0.9943561872909699,0.16470839564195686,0.0,Q2,Q5 most POC
36047117400,212859,1400000US36047117400,,4193.0,245.0,799.0,49.0,2978.0,4193.0,937.0,047,Brooklyn,0.05843071786310518,0.19055568805151443,0.7102313379441927,0.011686143572621035,0.9415692821368948,0.22346768423563082,0.0,,Q4
36047117800,140598,1400000US36047117800,55938.0,1803.0,52.0,227.0,225.0,1194.0,1782.0,146.0,047,Brooklyn,0.028840820854132,0.12590127565169162,0.6622296173044925,0.12479201331114809,0.971159179145868,0.0819304152637486,0.0,Q2,Q5 most POC
36047118201,126387,1400000US36047118201,87180.0,3200.0,66.0,747.0,307.0,1988.0,3200.0,295.0,047,Brooklyn,0.020625,0.2334375,0.62125,0.0959375,0.979375,0.0921875,0.0,Q3,Q5 most POC
36047118202,124326,1400000US36047118202,62237.0,3022.0,263.0,337.0,22.0,2293.0,3022.0,576.0,047,Brooklyn,0.08702845797485109,0.11151555261416281,0.7587690271343481,0.00727994705493051,0.912971542025149,0.19060225016545335,0.0,Q2,Q4
36047118400,204944,1400000US36047118400,63454.0,4812.0,292.0,459.0,283.0,3500.0,4812.0,731.0,047,Brooklyn,0.060681629260182876,0.09538653366583541,0.7273482959268496,0.05881130507065669,0.9393183707398172,0.15191188694929345,0.0,Q2,Q4
36047118600,131529,1400000US36047118600,80147.0,3578.0,69.0,1088.0,1057.0,1228.0,3535.0,232.0,047,Brooklyn,0.019284516489659027,0.3040804918949134,0.3432084963666853,0.29541643376187815,0.980715483510341,0.06562942008486564,0.0,Q3,Q5 most POC
36047118800,174376,1400000US36047118800,56599.0,5217.0,476.0,1860.0,1133.0,1391.0,5104.0,1294.0,047,Brooklyn,0.09124017634655933,0.35652673950546293,0.2666283304581177,0.21717462142994057,0.9087598236534407,0.2535266457680251,0.0,Q2,Q4
36047119200,225444,1400000US36047119200,85250.0,4014.0,76.0,1554.0,118.0,1822.0,4014.0,765.0,047,Brooklyn,0.018933731938216243,0.38714499252615847,0.4539113104135526,0.029397110114598904,0.9810662680617838,0.1905829596412556,0.0,Q3,Q5 most POC
36047119400,182841,1400000US36047119400,69365.0,5488.0,61.0,3481.0,744.0,1052.0,5488.0,1340.0,047,Brooklyn,0.011115160349854228,0.6342930029154519,0.19169096209912537,0.13556851311953352,0.9888848396501457,0.24416909620991253,566.6087099212818,Q2,Q5 most POC
36047119600,306450,1400000US36047119600,50563.0,5712.0,103.0,2368.0,897.0,1855.0,5697.0,1450.0,047,Brooklyn,0.01803221288515406,0.41456582633053224,0.3247549019607843,0.15703781512605042,0.9819677871148459,0.25451992276636826,0.0,Q1 lowest,Q5 most POC
36047120000,150529,1400000US36047120000,43546.0,2838.0,29.0,1235.0,1113.0,229.0,2697.0,535.0,047,Brooklyn,0.0102184637068358,0.43516560958421424,0.0806906272022551,0.39217758985200846,0.9897815362931642,0.19836855765665554,0.0,Q1 lowest,Q5 most POC
36047120200,153052,1400000US36047120200,114153.0,2025.0,46.0,736.0,529.0,416.0,1990.0,225.0,047,Brooklyn,0.02271604938271605,0.3634567901234568,0.2054320987654321,0.26123456790123456,0.9772839506172839,0.11306532663316583,0.0,Q5 highest,Q5 most POC
36047121000,158707,1400000US36047121000,17708.0,4188.0,0.0,2270.0,0.0,1918.0,4188.0,2263.0,047,Brooklyn,0.0,0.5420248328557784,0.4579751671442216,0.0,1.0,0.5403533906399236,883.5227116328366,Q1 lowest,Q5 most POC
36081067100,229104,1400000US36081067100,114764.0,2414.0,1486.0,0.0,629.0,271.0,2323.0,151.0,081,Queens,0.6155758077879039,0.0,0.11226180613090307,0.2605633802816901,0.3844241922120961,0.06500215238915195,0.0,Q5 highest,Q1 least POC
36081053100,423497,1400000US36081053100,62143.0,3202.0,1990.0,2.0,133.0,871.0,3202.0,247.0,081,Queens,0.6214865708931917,0.0006246096189881324,0.27201748906933165,0.04153653966271081,0.3785134291068083,0.07713928794503436,0.0,Q2,Q1 least POC
36081006201,402908,1400000US36081006201,71699.0,5870.0,2841.0,444.0,880.0,1602.0,5870.0,315.0,081,Queens,0.4839863713798978,0.07563884156729131,0.2729131175468484,0.14991482112436116,0.5160136286201022,0.05366269165247019,0.0,Q3,Q2
36081006501,111098,1400000US36081006501,102375.0,3262.0,1594.0,97.0,271.0,1229.0,3262.0,337.0,081,Queens,0.48865726548129984,0.02973635806253832,0.3767627222562845,0.08307786633966892,0.5113427345187002,0.10331085223789087,0.0,Q4,Q2
36081018101,96143,1400000US36081018101,81441.0,4025.0,1573.0,0.0,709.0,1575.0,4015.0,466.0,081,Queens,0.3908074534161491,0.0,0.391304347826087,0.17614906832298136,0.6091925465838509,0.11606475716064757,2074.337966472242,Q3,Q2
36047122000,1090388,1400000US36047122000,57055.0,7200.0,0.0,6645.0,45.0,423.0,7200.0,1533.0,047,Brooklyn,0.0,0.9229166666666667,0.05875,0.00625,1.0,0.21291666666666667,4007.4707224545914,Q2,Q5 most POC
36047013000,176432,1400000US36047013000,80246.0,4949.0,2657.0,212.0,535.0,1310.0,4927.0,593.0,047,Brooklyn,0.5368761365932512,0.04283693675489998,0.2646999393816933,0.10810264699939381,0.4631238634067488,0.12035721534402273,0.0,Q3,Q2
36047017000,209047,1400000US36047017000,98095.0,3417.0,1461.0,0.0,1365.0,559.0,3403.0,482.0,047,Brooklyn,0.42756804214223004,0.0,0.1635937957272461,0.3994732221246708,0.5724319578577699,0.14163972965030855,0.0,Q4,Q2
36047020100,175379,1400000US36047020100,142589.0,4254.0,2129.0,1076.0,267.0,389.0,4237.0,356.0,047,Brooklyn,0.500470145745181,0.2529384109073813,0.09144334743770569,0.06276445698166432,0.499529854254819,0.08402171347651641,0.0,Q5 highest,Q2
36047022200,176184,1400000US36047022200,48594.0,4051.0,3147.0,0.0,34.0,480.0,4051.0,1876.0,047,Brooklyn,0.7768452234016292,0.0,0.11848926191063935,0.008392989385336953,0.2231547765983708,0.46309553196741543,0.0,Q1 lowest,Q1 least POC
36047121400,173354,1400000US36047121400,24964.0,4649.0,19.0,2849.0,8.0,1744.0,4649.0,2162.0,047,Brooklyn,0.004086900408690041,0.6128199612819961,0.3751344375134438,0.0017208001720800173,0.9959130995913099,0.46504624650462467,0.0,Q1 lowest,Q5 most POC
36047023800,169884,1400000US36047023800,40335.0,4734.0,4346.0,0.0,0.0,179.0,4734.0,1457.0,047,Brooklyn,0.9180397127165189,0.0,0.03781157583438952,0.0,0.08196028728348115,0.3077735530207013,0.0,Q1 lowest,Q1 least POC
36047024700,179741,1400000US36047024700,63200.0,2839.0,772.0,970.0,185.0,363.0,2812.0,775.0,047,Brooklyn,0.27192673476576257,0.34166960197252555,0.12786192321239873,0.06516379006692498,0.7280732652342374,0.2756045519203414,672.8963145494035,Q2,Q3
36047027300,149705,1400000US36047027300,95735.0,3960.0,635.0,2965.0,66.0,74.0,3957.0,492.0,047,Brooklyn,0.16035353535353536,0.7487373737373737,0.018686868686868686,0.016666666666666666,0.8396464646464646,0.1243366186504928,0.0,Q4,Q3
36047028000,139723,1400000US36047028000,84076.0,1828.0,695.0,4.0,714.0,400.0,1828.0,117.0,047,Brooklyn,0.38019693654266956,0.002188183807439825,0.2188183807439825,0.39059080962800874,0.6198030634573304,0.06400437636761488,0.0,Q3,Q2
36047032600,329186,1400000US36047032600,37183.0,8110.0,636.0,2813.0,1133.0,2861.0,8032.0,3640.0,047,Brooklyn,0.0784217016029593,0.3468557336621455,0.35277435265104806,0.13970406905055488,0.9215782983970406,0.4531872509960159,0.0,Q1 lowest,Q4
36047034700,139778,1400000US36047034700,35992.0,3312.0,257.0,2078.0,0.0,860.0,3312.0,934.0,047,Brooklyn,0.07759661835748792,0.6274154589371981,0.25966183574879226,0.0,0.9224033816425121,0.28200483091787437,0.0,Q1 lowest,Q4
36047041000,142871,1400000US36047041000,57000.0,1927.0,1446.0,13.0,409.0,59.0,1923.0,316.0,047,Brooklyn,0.7503892060197198,0.006746237675142709,0.03061754021795537,0.21224701608718216,0.2496107939802802,0.1643265730629225,0.0,Q2,Q1 least POC
36047048600,175438,1400000US36047048600,58722.0,3223.0,670.0,650.0,1231.0,589.0,3204.0,582.0,047,Brooklyn,0.20788085634502015,0.2016754576481539,0.18274899162271177,0.38194228979211914,0.7921191436549798,0.18164794007490637,0.0,Q2,Q3
36047052500,124144,1400000US36047052500,30078.0,3412.0,2174.0,103.0,153.0,970.0,3412.0,1110.0,047,Brooklyn,0.6371629542790153,0.03018757327080891,0.2842907385697538,0.04484173505275498,0.36283704572098474,0.32532239155920284,0.0,Q1 lowest,Q1 least POC
36047052800,175595,1400000US36047052800,120156.0,1858.0,1111.0,141.0,432.0,84.0,1843.0,87.0,047,Brooklyn,0.5979547900968784,0.07588805166846072,0.04520990312163617,0.232508073196986,0.40204520990312165,0.04720564297341291,0.0,Q5 highest,Q2
36047053800,164451,1400000US36047053800,67521.0,5995.0,3379.0,981.0,643.0,803.0,5990.0,803.0,047,Brooklyn,0.5636363636363636,0.16363636363636364,0.13394495412844037,0.10725604670558798,0.4363636363636364,0.1340567612687813,0.0,Q2,Q2
36047054200,189169,1400000US36047054200,60750.0,3872.0,2718.0,96.0,321.0,405.0,3872.0,843.0,047,Brooklyn,0.7019628099173554,0.024793388429752067,0.10459710743801653,0.08290289256198347,0.2980371900826446,0.21771694214876033,0.0,Q2,Q1 least POC
36047059300,187979,1400000US36047059300,106389.0,2360.0,1795.0,29.0,55.0,384.0,2360.0,227.0,047,Brooklyn,0.760593220338983,0.01228813559322034,0.16271186440677965,0.023305084745762712,0.23940677966101698,0.0961864406779661,285.4572661051394,Q4,Q1 least POC
36047064600,165636,1400000US36047064600,92394.0,2231.0,1628.0,14.0,481.0,93.0,2231.0,92.0,047,Brooklyn,0.7297176154190945,0.0062752129090094125,0.04168534289556253,0.2155983863738234,0.2702823845809055,0.041237113402061855,0.0,Q4,Q1 least POC
36047075200,173194,1400000US36047075200,156513.0,1248.0,1238.0,0.0,0.0,0.0,1248.0,0.0,047,Brooklyn,0.9919871794871795,0.0,0.0,0.0,0.008012820512820484,0.0,0.0,Q5 highest,Q1 least POC
36047081800,157920,1400000US36047081800,71464.0,4190.0,454.0,3053.0,267.0,213.0,3940.0,794.0,047,Brooklyn,0.10835322195704057,0.7286396181384248,0.05083532219570406,0.06372315035799522,0.8916467780429594,0.2015228426395939,0.0,Q3,Q4
36047102200,162849,1400000US36047102200,90000.0,2473.0,425.0,1636.0,185.0,118.0,2473.0,105.0,047,Brooklyn,0.17185604528912252,0.6615446825717751,0.04771532551556813,0.07480792559644157,0.8281439547108775,0.042458552365547915,0.0,Q4,Q3
36047113400,153420,1400000US36047113400,27170.0,2798.0,63.0,1730.0,0.0,934.0,2782.0,1058.0,047,Brooklyn,0.022516082916368835,0.6182987848463188,0.33380986418870623,0.0,0.9774839170836311,0.3803019410496046,0.0,Q1 lowest,Q5 most POC
36047115800,154981,1400000US36047115800,62538.0,2644.0,24.0,1625.0,40.0,630.0,2644.0,519.0,047,Brooklyn,0.009077155824508321,0.6145990922844176,0.23827534039334342,0.015128593040847202,0.9909228441754917,0.19629349470499244,0.0,Q2,Q5 most POC
36047116600,159390,1400000US36047116600,50625.0,3053.0,54.0,1293.0,282.0,1154.0,3038.0,529.0,047,Brooklyn,0.017687520471667214,0.42351785129380937,0.37798886341303634,0.092368162463151,0.9823124795283328,0.17412771560236998,0.0,Q1 lowest,Q5 most POC
36085029106,430836,1400000US36085029106,118211.0,3439.0,2165.0,229.0,122.0,850.0,3439.0,307.0,085,Staten Island,0.6295434719395173,0.06658912474556557,0.2471648735097412,0.03547542890375109,0.3704565280604827,0.08927013666763595,0.0,Q5 highest,Q1 least POC
36085004001,300661,1400000US36085004001,59732.0,3445.0,854.0,1386.0,264.0,925.0,3304.0,156.0,085,Staten Island,0.24789550072568942,0.402322206095791,0.26850507982583455,0.07663280116110305,0.7521044992743106,0.04721549636803874,0.0,Q2,Q3
36085007001,473458,1400000US36085007001,74375.0,2872.0,1800.0,33.0,707.0,155.0,2857.0,198.0,085,Staten Island,0.6267409470752089,0.01149025069637883,0.05396935933147632,0.2461699164345404,0.3732590529247911,0.06930346517325867,0.0,Q3,Q1 least POC
36081099703,576606,1400000US36081099703,109000.0,3999.0,1724.0,92.0,1592.0,473.0,3999.0,229.0,081,Queens,0.4311077769442361,0.023005751437859465,0.11827956989247312,0.3980995248812203,0.5688922230557639,0.05726431607901975,0.0,Q4,Q2
36081099704,675916,1400000US36081099704,92141.0,7316.0,4586.0,101.0,1529.0,926.0,7292.0,486.0,081,Queens,0.6268452706396939,0.013805358119190815,0.12657189721159104,0.20899398578458173,0.37315472936030614,0.0666483817882611,0.0,Q4,Q1 least POC
36081099705,440081,1400000US36081099705,139844.0,2522.0,1196.0,8.0,840.0,357.0,2522.0,154.0,081,Queens,0.4742268041237113,0.0031720856463124504,0.1415543219666931,0.3330689928628073,0.5257731958762887,0.06106264869151467,0.0,Q5 highest,Q2
36081099801,456707,1400000US36081099801,69621.0,9129.0,375.0,4931.0,522.0,2636.0,8894.0,1291.0,081,Queens,0.04107788366743345,0.5401467849709717,0.2887501369262789,0.05718041406506737,0.9589221163325665,0.1451540364290533,2526.6392283761143,Q2,Q4
36081075702,352706,1400000US36081075702,118859.0,5313.0,2556.0,197.0,1878.0,428.0,5150.0,289.0,081,Queens,0.4810841332580463,0.03707886316581969,0.08055712403538491,0.3534726143421796,0.5189158667419538,0.056116504854368934,330.6833671414303,Q5 highest,Q2
36081079701,111312,1400000US36081079701,53040.0,6245.0,301.0,128.0,5303.0,340.0,6242.0,1370.0,081,Queens,0.04819855884707766,0.020496397117694156,0.0544435548438751,0.8491593274619695,0.9518014411529223,0.21948093559756487,0.0,Q2,Q4
36081044302,277970,1400000US36081044302,60654.0,4799.0,172.0,424.0,1600.0,2320.0,4799.0,657.0,081,Queens,0.035840800166701395,0.08835173994582204,0.4834340487601584,0.3334027922483851,0.9641591998332986,0.13690352156699312,0.0,Q2,Q4
36081129103,458537,1400000US36081129103,74500.0,4444.0,2319.0,76.0,1082.0,871.0,4444.0,479.0,081,Queens,0.5218271827182718,0.017101710171017102,0.195994599459946,0.24347434743474347,0.4781728172817282,0.10778577857785779,829.7287013093196,Q3,Q2
36081129104,708262,1400000US36081129104,100893.0,4387.0,1884.0,30.0,1340.0,968.0,4387.0,241.0,081,Queens,0.4294506496466834,0.006838386140870754,0.22065192614542967,0.305447914292227,0.5705493503533166,0.054935035331661726,0.0,Q4,Q2
36081071303,140646,1400000US36081071303,98155.0,5509.0,2716.0,84.0,1206.0,1042.0,5509.0,321.0,081,Queens,0.49301143583227447,0.015247776365946633,0.1891450353966237,0.21891450353966238,0.5069885641677255,0.05826828825558177,2294.858263832161,Q4,Q2
36081071304,154871,1400000US36081071304,100199.0,6195.0,3037.0,21.0,1642.0,907.0,6195.0,785.0,081,Queens,0.49023405972558515,0.003389830508474576,0.14640839386602097,0.26505246166263113,0.5097659402744148,0.12671509281678772,758.382330326556,Q4,Q2
36081071305,135001,1400000US36081071305,108007.0,5576.0,2784.0,132.0,1199.0,1377.0,5576.0,227.0,081,Queens,0.49928263988522237,0.023672883787661407,0.24695121951219512,0.2150286944045911,0.5007173601147776,0.04071018651362984,2050.2299556148714,Q4,Q2
36081071701,190067,1400000US36081071701,55526.0,5164.0,2829.0,171.0,1192.0,757.0,5164.0,966.0,081,Queens,0.5478311386522076,0.033113865220759105,0.14659178931061193,0.2308288148721921,0.45216886134779244,0.18706429124709528,4325.536458710999,Q2,Q2
36081071702,226980,1400000US36081071702,99719.0,4438.0,1463.0,112.0,1977.0,599.0,4438.0,578.0,081,Queens,0.32965299684542587,0.025236593059936908,0.1349707075259126,0.44547093285263634,0.6703470031545742,0.1302388463271744,3271.3732385802,Q4,Q3
36081075701,197647,1400000US36081075701,111744.0,4845.0,2049.0,170.0,1498.0,722.0,4845.0,196.0,081,Queens,0.42291021671826623,0.03508771929824561,0.14901960784313725,0.3091847265221878,0.5770897832817338,0.04045407636738906,3015.1817418957476,Q4,Q2
36081093401,542009,1400000US36081093401,110875.0,4123.0,3173.0,22.0,108.0,791.0,4008.0,517.0,081,Queens,0.7695852534562212,0.0053359204462769825,0.19185059422750425,0.02619451855445064,0.2304147465437788,0.12899201596806387,0.0,Q4,Q1 least POC
36081093402,394743,1400000US36081093402,110625.0,4105.0,3231.0,235.0,61.0,547.0,4074.0,515.0,081,Queens,0.787088915956151,0.057247259439707675,0.13325213154689403,0.014859926918392205,0.21291108404384895,0.12641138929798723,0.0,Q4,Q1 least POC
36061021303,153292,1400000US36061021303,59413.0,6539.0,1325.0,2518.0,376.0,2088.0,6521.0,1356.0,061,Manhattan,0.2026303716164551,0.38507417036244074,0.31931487995106284,0.05750114696436764,0.7973696283835449,0.20794356693758625,0.0,Q2,Q3
36061023100,182674,1400000US36061023100,64594.0,6787.0,1087.0,2178.0,192.0,2827.0,6777.0,1400.0,061,Manhattan,0.1601591277442169,0.3209076175040519,0.4165316045380875,0.028289376749668485,0.8398408722557831,0.20658108307510697,0.0,Q2,Q3
36061023802,243418,1400000US36061023802,103068.0,5340.0,1936.0,765.0,1678.0,703.0,4513.0,404.0,061,Manhattan,0.36254681647940074,0.14325842696629212,0.13164794007490638,0.31423220973782773,0.6374531835205992,0.08951916685131842,1297.9454267997066,Q4,Q2
36061031704,225043,1400000US36061031704,233346.0,10540.0,6363.0,150.0,2748.0,1090.0,10540.0,406.0,061,Manhattan,0.6037001897533207,0.014231499051233396,0.10341555977229601,0.26072106261859584,0.39629981024667926,0.03851992409867173,0.0,Q5 highest,Q2
36005018102,96381,1400000US36005018102,33950.0,5453.0,105.0,2065.0,19.0,3100.0,5222.0,1522.0,005,Bronx,0.019255455712451863,0.37869062901155326,0.5684944067485788,0.003484320557491289,0.9807445442875481,0.2914592110302566,0.0,Q1 lowest,Q5 most POC
36005020502,101747,1400000US36005020502,28510.0,2605.0,42.0,635.0,23.0,1829.0,2593.0,718.0,005,Bronx,0.016122840690978888,0.2437619961612284,0.7021113243761996,0.008829174664107486,0.9838771593090211,0.2768993443887389,0.0,Q1 lowest,Q5 most POC
36005022101,68119,1400000US36005022101,55078.0,4424.0,97.0,735.0,106.0,3222.0,4379.0,1581.0,005,Bronx,0.021925858951175405,0.1661392405063291,0.7283001808318263,0.02396021699819168,0.9780741410488246,0.3610413336378169,0.0,Q2,Q5 most POC
36005024501,113064,1400000US36005024501,43504.0,4737.0,162.0,1118.0,0.0,3438.0,4737.0,1226.0,005,Bronx,0.034198860037998734,0.23601435507705298,0.7257758074730842,0.0,0.9658011399620012,0.2588135951023855,672.7422463314142,Q1 lowest,Q4
36005027401,701116,1400000US36005027401,89925.0,4894.0,2810.0,0.0,113.0,1922.0,4894.0,191.0,005,Bronx,0.5741724560686555,0.0,0.39272578667756436,0.023089497343686146,0.4258275439313445,0.03902738046587658,0.0,Q4,Q2
36005029302,425237,1400000US36005029302,121250.0,5475.0,2871.0,620.0,270.0,1245.0,5358.0,452.0,005,Bronx,0.5243835616438356,0.1132420091324201,0.2273972602739726,0.049315068493150684,0.4756164383561644,0.0843598357596118,0.0,Q5 highest,Q2
36005038301,94778,1400000US36005038301,47394.0,4970.0,78.0,960.0,184.0,3650.0,4954.0,1224.0,005,Bronx,0.015694164989939637,0.193158953722334,0.7344064386317908,0.03702213279678068,0.9843058350100604,0.2470730722648365,1304.2010018021672,Q1 lowest,Q5 most POC
36005040501,82860,1400000US36005040501,42037.0,4047.0,34.0,311.0,125.0,3554.0,4009.0,1428.0,005,Bronx,0.008401284902396838,0.07684704719545342,0.8781813689152459,0.030887076847047196,0.9915987150976031,0.35619855325517585,0.0,Q1 lowest,Q5 most POC
36005032600,332096,1400000US36005032600,104870.0,3350.0,1225.0,480.0,441.0,1186.0,3192.0,321.0,005,Bronx,0.3656716417910448,0.14328358208955225,0.35402985074626864,0.1316417910447761,0.6343283582089552,0.10056390977443609,0.0,Q4,Q2
36005005002,113901,1400000US36005005002,36598.0,6466.0,28.0,1508.0,0.0,4801.0,6353.0,2588.0,005,Bronx,0.004330343334364367,0.23321991957933808,0.7424992267244046,0.0,0.9956696566656357,0.4073665984574217,0.0,Q1 lowest,Q5 most POC
36005012901,156374,1400000US36005012901,40575.0,5469.0,393.0,1076.0,0.0,3969.0,5281.0,1891.0,005,Bronx,0.0718595721338453,0.19674529164381058,0.7257268239166209,0.0,0.9281404278661547,0.35807612194660104,0.0,Q1 lowest,Q4
36005015200,284310,1400000US36005015200,77238.0,2666.0,843.0,257.0,20.0,1399.0,2582.0,348.0,005,Bronx,0.3162040510127532,0.09639909977494374,0.5247561890472618,0.007501875468867217,0.6837959489872468,0.13477924089852827,0.0,Q3,Q3
36005014702,116306,1400000US36005014702,21196.0,5232.0,33.0,1871.0,0.0,3328.0,5232.0,2179.0,005,Bronx,0.006307339449541285,0.35760703363914376,0.636085626911315,0.0,0.9936926605504587,0.41647553516819574,0.0,Q1 lowest,Q5 most POC
36005017701,106630,1400000US36005017701,30375.0,4717.0,115.0,2064.0,60.0,2478.0,4350.0,2196.0,005,Bronx,0.024379902480390077,0.4375662497350011,0.5253338986644054,0.012719949120203519,0.9756200975196099,0.5048275862068966,0.0,Q1 lowest,Q5 most POC
36005017702,140906,1400000US36005017702,47963.0,5480.0,67.0,2817.0,113.0,2184.0,5480.0,1783.0,005,Bronx,0.012226277372262773,0.5140510948905109,0.39854014598540144,0.020620437956204378,0.9877737226277372,0.32536496350364963,0.0,Q1 lowest,Q5 most POC
36005017902,77544,1400000US36005017902,41475.0,3816.0,55.0,1857.0,26.0,1878.0,3816.0,941.0,005,Bronx,0.014412997903563941,0.48663522012578614,0.4921383647798742,0.006813417190775681,0.985587002096436,0.24659329140461217,0.0,Q1 lowest,Q5 most POC
36005018101,77226,1400000US36005018101,,3215.0,57.0,687.0,2.0,2268.0,3211.0,1181.0,005,Bronx,0.017729393468118197,0.21368584758942458,0.7054432348367029,0.0006220839813374805,0.9822706065318818,0.36779819370912487,0.0,,Q5 most POC
36005018302,112286,1400000US36005018302,72540.0,3680.0,1.0,1513.0,27.0,2112.0,3680.0,428.0,005,Bronx,0.0002717391304347826,0.4111413043478261,0.5739130434782609,0.007336956521739131,0.9997282608695652,0.11630434782608695,0.0,Q3,Q5 most POC
36005020501,270135,1400000US36005020501,17056.0,7271.0,185.0,983.0,72.0,5981.0,7271.0,4367.0,005,Bronx,0.02544354284142484,0.1351946087195709,0.8225828634300646,0.009902351808554533,0.9745564571585752,0.6006051437216339,2624.554294626523,Q1 lowest,Q5 most POC
36005021001,192406,1400000US36005021001,46269.0,7895.0,135.0,3904.0,667.0,3112.0,7894.0,2393.0,005,Bronx,0.017099430018999367,0.49449018366054465,0.3941735275490817,0.08448385053831539,0.9829005699810006,0.3031416265518115,0.0,Q1 lowest,Q5 most POC
36005021002,172054,1400000US36005021002,71397.0,7925.0,48.0,2934.0,1581.0,3128.0,7925.0,1812.0,005,Bronx,0.006056782334384858,0.37022082018927444,0.39470031545741324,0.19949526813880125,0.9939432176656151,0.2286435331230284,0.0,Q3,Q5 most POC
36005022403,124850,1400000US36005022403,88534.0,2998.0,345.0,599.0,72.0,1941.0,2998.0,336.0,005,Bronx,0.11507671781187458,0.19979986657771848,0.6474316210807205,0.02401601067378252,0.8849232821881254,0.11207471647765177,0.0,Q4,Q4
36005024502,100154,1400000US36005024502,33333.0,3742.0,60.0,904.0,0.0,2778.0,3727.0,1048.0,005,Bronx,0.016034206306787813,0.2415820416889364,0.7423837520042758,0.0,0.9839657936932122,0.28119130668097664,312.19347582223634,Q1 lowest,Q5 most POC
36005026701,69125,1400000US36005026701,49167.0,3632.0,86.0,678.0,395.0,2399.0,3632.0,831.0,005,Bronx,0.0236784140969163,0.1866740088105727,0.6605176211453745,0.10875550660792951,0.9763215859030837,0.22879955947136563,0.0,Q1 lowest,Q5 most POC
36005027402,511269,1400000US36005027402,101142.0,3512.0,1950.0,110.0,37.0,962.0,3285.0,244.0,005,Bronx,0.5552391799544419,0.03132118451025057,0.2739179954441913,0.010535307517084282,0.44476082004555806,0.07427701674277017,0.0,Q4,Q2
36005029301,286791,1400000US36005029301,137917.0,1862.0,1156.0,151.0,111.0,348.0,1695.0,22.0,005,Bronx,0.6208378088077336,0.08109559613319012,0.18689581095596133,0.059613319011815255,0.37916219119226635,0.012979351032448377,0.0,Q5 highest,Q1 least POC
36005030900,1365853,1400000US36005030900,116417.0,3562.0,2640.0,215.0,115.0,530.0,2607.0,92.0,005,Bronx,0.7411566535654127,0.06035934868051657,0.14879281302638966,0.03228523301516002,0.2588433464345873,0.03528960490985807,0.0,Q5 highest,Q1 least POC
36005033202,115204,1400000US36005033202,42114.0,3664.0,318.0,739.0,293.0,2223.0,3245.0,626.0,005,Bronx,0.08679039301310043,0.20169213973799127,0.6067139737991266,0.07996724890829694,0.9132096069868996,0.19291217257318952,1487.9945533754878,Q1 lowest,Q4
36005040502,141217,1400000US36005040502,39486.0,6590.0,118.0,1678.0,363.0,4402.0,6579.0,1944.0,005,Bronx,0.017905918057663128,0.25462822458270107,0.6679817905918057,0.0550834597875569,0.9820940819423368,0.2954856361149111,0.0,Q1 lowest,Q5 most POC
36005020000,341895,1400000US36005020000,46021.0,4935.0,149.0,389.0,1169.0,2990.0,4930.0,1173.0,005,Bronx,0.030192502532928066,0.07882472137791287,0.6058763931104356,0.23687943262411348,0.969807497467072,0.23793103448275862,0.0,Q1 lowest,Q4
36005033500,696564,1400000US36005033500,107054.0,2085.0,1071.0,260.0,73.0,595.0,1611.0,259.0,005,Bronx,0.5136690647482014,0.12470023980815348,0.2853717026378897,0.03501199040767386,0.4863309352517986,0.16076970825574177,0.0,Q4,Q2
36005033700,424266,1400000US36005033700,144886.0,2570.0,1682.0,85.0,167.0,566.0,2552.0,110.0,005,Bronx,0.6544747081712062,0.033073929961089495,0.22023346303501945,0.06498054474708172,0.34552529182879377,0.04310344827586207,0.0,Q5 highest,Q1 least POC
36005034800,437468,1400000US36005034800,47593.0,6177.0,316.0,2866.0,220.0,2743.0,6174.0,1624.0,005,Bronx,0.051157519831633476,0.4639792779666505,0.44406669904484375,0.03561599481949166,0.9488424801683665,0.26303854875283444,0.0,Q1 lowest,Q4
36005036000,266176,1400000US36005036000,96250.0,3176.0,201.0,1782.0,96.0,1047.0,2979.0,155.0,005,Bronx,0.06328715365239294,0.5610831234256927,0.32965994962216627,0.030226700251889168,0.9367128463476071,0.05203088284659282,0.0,Q4,Q4
36005039500,409402,1400000US36005039500,23194.0,4597.0,47.0,1478.0,0.0,3016.0,4555.0,1873.0,005,Bronx,0.010224059169023277,0.3215140308897107,0.6560800522079617,0.0,0.9897759408309768,0.4111964873765093,7308.5204994897995,Q1 lowest,Q5 most POC
36005043400,350843,1400000US36005043400,71849.0,3946.0,20.0,1988.0,328.0,1217.0,3946.0,987.0,005,Bronx,0.00506842372022301,0.5038013177901672,0.3084135833755702,0.08312214901165738,0.994931576279777,0.25012671059300556,1899.738551334383,Q3,Q5 most POC
36005044400,365065,1400000US36005044400,99960.0,4504.0,132.0,2887.0,181.0,939.0,4488.0,532.0,005,Bronx,0.02930728241563055,0.6409857904085258,0.20848134991119005,0.04018650088809947,0.9706927175843695,0.11853832442067737,0.0,Q4,Q4
36005004200,483356,1400000US36005004200,52423.0,8179.0,39.0,2074.0,22.0,6044.0,8179.0,1599.0,005,Bronx,0.004768309084240127,0.2535762318131801,0.7389656437217264,0.002689815380853405,0.9952316909157599,0.19550067245384523,1556.1460527201198,Q1 lowest,Q5 most POC
36005005100,510445,1400000US36005005100,22850.0,6492.0,60.0,2844.0,0.0,3437.0,6483.0,3246.0,005,Bronx,0.009242144177449169,0.43807763401109057,0.5294208256315465,0.0,0.9907578558225508,0.5006941230911615,121.03274652336833,Q1 lowest,Q5 most POC
36005009600,703452,1400000US36005009600,53333.0,2740.0,221.0,460.0,531.0,1386.0,2512.0,490.0,005,Bronx,0.08065693430656934,0.1678832116788321,0.5058394160583941,0.1937956204379562,0.9193430656934307,0.19506369426751594,0.0,Q2,Q4
36005020900,132467,1400000US36005020900,44769.0,4867.0,167.0,1868.0,35.0,2704.0,4855.0,1118.0,005,Bronx,0.03431271830696528,0.3838093281282104,0.5555783850421204,0.007191288267926854,0.9656872816930347,0.23027806385169927,0.0,Q1 lowest,Q4
36005022200,221189,1400000US36005022200,52734.0,3333.0,92.0,267.0,1292.0,1536.0,3256.0,889.0,005,Bronx,0.027602760276027604,0.08010801080108011,0.4608460846084608,0.3876387638763876,0.9723972397239724,0.27303439803439805,0.0,Q2,Q5 most POC
36005023800,339546,1400000US36005023800,72198.0,2349.0,528.0,167.0,172.0,1400.0,2328.0,290.0,005,Bronx,0.2247765006385696,0.07109408258833547,0.5959982971477225,0.07322264793529161,0.7752234993614304,0.12457044673539519,2060.921485701099,Q3,Q3
36005037504,239719,1400000US36005037504,29330.0,3790.0,78.0,1123.0,0.0,2380.0,3616.0,1233.0,005,Bronx,0.02058047493403694,0.2963060686015831,0.6279683377308707,0.0,0.9794195250659631,0.34098451327433627,1880.6657711444648,Q1 lowest,Q5 most POC
36005045600,809941,1400000US36005045600,114525.0,3518.0,371.0,2062.0,0.0,1023.0,3518.0,50.0,005,Bronx,0.10545764638999432,0.5861284820920978,0.29079022171688457,0.0,0.8945423536100057,0.014212620807276862,0.0,Q5 highest,Q4
36005005300,72049,1400000US36005005300,26437.0,5379.0,25.0,2542.0,0.0,2540.0,5337.0,2664.0,005,Bronx,0.0046477040342071015,0.4725785461981781,0.47220672987544154,0.0,0.9953522959657929,0.4991568296795953,0.0,Q1 lowest,Q5 most POC
36061012602,89310,1400000US36061012602,194650.0,4682.0,4295.0,8.0,106.0,43.0,4682.0,273.0,061,Manhattan,0.9173430158052115,0.0017086715079026058,0.009184109354976506,0.022639897479709525,0.08265698419478851,0.05830841520717642,1233.8611289102928,Q5 highest,Q1 least POC
36061015301,86794,1400000US36061015301,141363.0,4644.0,3191.0,80.0,500.0,423.0,4644.0,235.0,061,Manhattan,0.6871231696813093,0.017226528854435832,0.09108527131782945,0.10766580534022395,0.31287683031869074,0.050602928509905255,887.1931780305433,Q5 highest,Q1 least POC
36061012601,94351,1400000US36061012601,104460.0,7417.0,6529.0,0.0,304.0,428.0,7417.0,243.0,061,Manhattan,0.8802750438182554,0.0,0.05770527167318323,0.04098692193609276,0.11972495618174461,0.03276257246865309,1467.0581501410165,Q4,Q1 least POC
36061010801,70801,1400000US36061010801,169293.0,3164.0,2214.0,148.0,413.0,164.0,2802.0,135.0,061,Manhattan,0.6997471554993678,0.04677623261694058,0.051833122629582805,0.13053097345132744,0.30025284450063217,0.048179871520342615,2242.822864876922,Q5 highest,Q1 least POC
36061009903,420391,1400000US36061009903,175333.0,916.0,397.0,109.0,180.0,156.0,916.0,87.0,061,Manhattan,0.4334061135371179,0.11899563318777293,0.1703056768558952,0.1965065502183406,0.5665938864628821,0.09497816593886463,2212.587274378812,Q5 highest,Q2
36061023804,247417,1400000US36061023804,180677.0,3138.0,1546.0,298.0,863.0,256.0,3109.0,358.0,061,Manhattan,0.4926704907584449,0.09496494582536648,0.0815806246016571,0.2750159337157425,0.5073295092415551,0.1151495657767771,3496.4052968061765,Q5 highest,Q2
36061023803,105044,1400000US36061023803,77070.0,3368.0,1570.0,448.0,872.0,308.0,3368.0,345.0,061,Manhattan,0.4661520190023753,0.1330166270783848,0.09144893111638955,0.2589073634204275,0.5338479809976246,0.10243467933491686,0.0,Q3,Q2
36061015102,223442,1400000US36061015102,158593.0,8161.0,3524.0,627.0,2041.0,861.0,8161.0,1152.0,061,Manhattan,0.4318098272270555,0.07682881999754931,0.1055017767430462,0.2500919005023894,0.5681901727729445,0.14115917167013847,0.0,Q5 highest,Q2
36061015502,111294,1400000US36061015502,146563.0,5167.0,3341.0,162.0,1243.0,325.0,5167.0,734.0,061,Manhattan,0.6466034449390362,0.03135281594735823,0.06289916779562608,0.2405651248306561,0.3533965550609638,0.14205535126766014,0.0,Q5 highest,Q1 least POC
36061015401,70965,1400000US36061015401,113340.0,4666.0,3958.0,89.0,369.0,250.0,4666.0,364.0,061,Manhattan,0.8482640377196743,0.019074153450492928,0.053579082726103726,0.0790827261037291,0.1517359622803257,0.07801114444920702,1044.9997021266408,Q5 highest,Q1 least POC
36061004002,86590,1400000US36061004002,153838.0,6067.0,3380.0,354.0,1076.0,735.0,4521.0,860.0,061,Manhattan,0.5571122465798583,0.05834844239327509,0.12114718971485083,0.1773528926982034,0.44288775342014175,0.19022340190223402,2106.7989499455084,Q5 highest,Q2
36061002902,123830,1400000US36061002902,,3885.0,355.0,56.0,3160.0,63.0,3884.0,1293.0,061,Manhattan,0.09137709137709138,0.014414414414414415,0.016216216216216217,0.8133848133848134,0.9086229086229086,0.33290422245108137,2.2273708794654037,,Q4
36061013603,53825,1400000US36061013603,120194.0,3937.0,3415.0,0.0,160.0,214.0,3937.0,123.0,061,Manhattan,0.8674117348234697,0.0,0.054356108712217424,0.04064008128016256,0.13258826517653033,0.031242062484124967,0.0,Q5 highest,Q1 least POC
36061013201,78040,1400000US36061013201,157969.0,2274.0,1697.0,16.0,310.0,104.0,2270.0,55.0,061,Manhattan,0.7462620932277925,0.007036059806508356,0.04573438874230431,0.1363236587510994,0.25373790677220753,0.024229074889867842,264.2010464288839,Q5 highest,Q1 least POC
36061013202,68947,1400000US36061013202,80132.0,3261.0,2827.0,21.0,102.0,228.0,3261.0,396.0,061,Manhattan,0.8669119901870592,0.006439742410303588,0.06991720331186753,0.031278748850046,0.13308800981294078,0.12143514259429623,0.0,Q3,Q1 least POC
36061013601,37574,1400000US36061013601,243496.0,1722.0,1485.0,0.0,75.0,66.0,1722.0,15.0,061,Manhattan,0.8623693379790941,0.0,0.03832752613240418,0.04355400696864112,0.1376306620209059,0.008710801393728223,0.0,Q5 highest,Q1 least POC
36061013501,201006,1400000US36061013501,115574.0,4569.0,1492.0,417.0,914.0,1647.0,4569.0,547.0,061,Manhattan,0.3265484788794047,0.0912672357189757,0.3604727511490479,0.20004377325454148,0.6734515211205954,0.11971985117093456,2204.661874286602,Q5 highest,Q3
36061015101,109612,1400000US36061015101,28191.0,2786.0,139.0,1296.0,243.0,1073.0,2775.0,988.0,061,Manhattan,0.04989231873653984,0.46518305814788224,0.3851399856424982,0.08722182340272792,0.9501076812634601,0.35603603603603606,1267.6584679397515,Q1 lowest,Q4
36061012901,219166,1400000US36061012901,117622.0,7530.0,4157.0,281.0,1752.0,969.0,7476.0,330.0,061,Manhattan,0.552058432934927,0.03731739707835326,0.12868525896414343,0.23266932270916335,0.44794156706507304,0.044141252006420544,1920.0481104446685,Q5 highest,Q2
36061009901,391156,1400000US36061009901,250001.0,1800.0,1521.0,37.0,100.0,133.0,1797.0,51.0,061,Manhattan,0.845,0.020555555555555556,0.07388888888888889,0.05555555555555555,0.15500000000000003,0.028380634390651086,3252.5312499532442,Q5 highest,Q1 least POC
36061013502,231316,1400000US36061013502,67279.0,5593.0,2094.0,462.0,1329.0,1465.0,5551.0,1542.0,061,Manhattan,0.3743965671374933,0.08260325406758448,0.26193456105846596,0.23761845163597353,0.6256034328625066,0.2777877859845073,2894.058992831075,Q2,Q2
36061009902,187991,1400000US36061009902,148706.0,3057.0,1611.0,165.0,739.0,491.0,3057.0,179.0,061,Manhattan,0.5269872423945045,0.053974484789008834,0.16061498200850508,0.2417402682368335,0.47301275760549555,0.058554138043833824,2433.065123103521,Q5 highest,Q2
36061012902,207689,1400000US36061012902,100991.0,2350.0,1165.0,245.0,292.0,398.0,2350.0,193.0,061,Manhattan,0.4957446808510638,0.10425531914893617,0.16936170212765958,0.12425531914893617,0.5042553191489362,0.08212765957446809,2001.0600077770766,Q4,Q2
36061007001,89729,1400000US36061007001,153902.0,3928.0,3264.0,70.0,339.0,79.0,3808.0,95.0,061,Manhattan,0.8309572301425662,0.017820773930753563,0.020112016293279023,0.08630346232179226,0.16904276985743383,0.02494747899159664,961.5066317584431,Q5 highest,Q1 least POC
36061015302,87313,1400000US36061015302,170804.0,5377.0,4320.0,0.0,712.0,226.0,5377.0,196.0,061,Manhattan,0.8034219825181328,0.0,0.0420308722335875,0.13241584526687744,0.1965780174818672,0.036451552910544915,1539.526959008852,Q5 highest,Q1 least POC
36061002901,145055,1400000US36061002901,11406.0,1113.0,374.0,287.0,95.0,345.0,123.0,98.0,061,Manhattan,0.3360287511230907,0.2578616352201258,0.30997304582210244,0.0853548966756514,0.6639712488769093,0.7967479674796748,3868.3082313687887,Q1 lowest,Q3
36061007002,87605,1400000US36061007002,143183.0,3657.0,2129.0,267.0,717.0,412.0,3657.0,324.0,061,Manhattan,0.5821711785616626,0.07301066447908121,0.11266065080667213,0.19606234618539786,0.41782882143833744,0.08859721082854799,1565.026434503666,Q5 highest,Q2
36061012102,89113,1400000US36061012102,54735.0,5049.0,2742.0,296.0,303.0,1521.0,4964.0,545.0,061,Manhattan,0.5430778371954843,0.05862547039017627,0.30124777183600715,0.06001188354129531,0.4569221628045157,0.10979049153908138,733.2592288429721,Q2,Q2
36061015501,86089,1400000US36061015501,186116.0,5084.0,4079.0,152.0,618.0,207.0,5084.0,281.0,061,Manhattan,0.8023210070810386,0.02989771833202203,0.04071597167584579,0.12155782848151062,0.1976789929189614,0.05527143981117231,543.5707020878591,Q5 highest,Q1 least POC
36085014604,1129001,1400000US36085014604,125944.0,6999.0,5543.0,0.0,780.0,627.0,6999.0,278.0,085,Staten Island,0.7919702814687812,0.0,0.08958422631804544,0.11144449207029576,0.20802971853121877,0.0397199599942849,0.0,Q5 highest,Q1 least POC
36085024800,1649555,1400000US36085024800,131146.0,5058.0,4092.0,8.0,127.0,817.0,5053.0,333.0,085,Staten Island,0.8090154211150652,0.0015816528272044287,0.16152629497825227,0.025108738631870305,0.1909845788849348,0.06590144468632496,0.0,Q5 highest,Q1 least POC
36085025100,1171699,1400000US36085025100,120156.0,6526.0,4101.0,268.0,782.0,1223.0,6526.0,290.0,085,Staten Island,0.6284094391664112,0.04106650321789764,0.18740422923689856,0.11982837879252221,0.37159056083358877,0.04443763407906834,0.0,Q5 highest,Q1 least POC
36085027301,3029805,1400000US36085027301,110625.0,4223.0,2445.0,143.0,856.0,723.0,4118.0,397.0,085,Staten Island,0.5789722945773147,0.033862183282026996,0.17120530428605257,0.20269950272318257,0.4210277054226853,0.0964060223409422,0.0,Q4,Q2
36085027702,1455129,1400000US36085027702,70772.0,6473.0,3898.0,39.0,1234.0,1188.0,6469.0,857.0,085,Staten Island,0.6021937277923683,0.006025027035377723,0.18353159276996756,0.19063803491425924,0.39780627220763165,0.1324779718658216,0.0,Q2,Q2
36085027900,5243639,1400000US36085027900,141250.0,2204.0,1690.0,43.0,233.0,200.0,1823.0,199.0,085,Staten Island,0.7667876588021778,0.019509981851179675,0.09074410163339383,0.10571687840290381,0.2332123411978222,0.10916072408118487,0.0,Q5 highest,Q1 least POC
36085029102,9241871,1400000US36085029102,99458.0,3114.0,1842.0,15.0,808.0,424.0,3114.0,232.0,085,Staten Island,0.5915221579961464,0.004816955684007707,0.1361592806679512,0.2594733461785485,0.4084778420038536,0.07450224791265253,2386.1875231513277,Q4,Q2
36085030301,719319,1400000US36085030301,111700.0,5915.0,2284.0,113.0,1447.0,1652.0,5910.0,186.0,085,Staten Island,0.38613693998309384,0.019103972950126797,0.27928994082840236,0.24463229078613694,0.6138630600169062,0.03147208121827411,0.0,Q4,Q2
36085031901,388050,1400000US36085031901,45942.0,3674.0,289.0,1626.0,224.0,1469.0,3658.0,1055.0,085,Staten Island,0.07866086009798584,0.44256940664126293,0.39983669025585195,0.06096897114861187,0.9213391399020141,0.2884089666484418,0.0,Q1 lowest,Q4
36085032300,3867919,1400000US36085032300,88558.0,1133.0,109.0,421.0,21.0,394.0,1133.0,56.0,085,Staten Island,0.09620476610767872,0.3715798764342454,0.34774933804060015,0.018534863195057368,0.9037952338923213,0.04942630185348632,2624.66539271962,Q4,Q4
36085001800,910163,1400000US36085001800,83417.0,595.0,266.0,114.0,27.0,148.0,568.0,0.0,085,Staten Island,0.4470588235294118,0.1915966386554622,0.24873949579831933,0.0453781512605042,0.5529411764705883,0.0,2058.123000174588,Q3,Q2
36085014100,311360,1400000US36085014100,64451.0,2640.0,921.0,449.0,293.0,815.0,2583.0,543.0,085,Staten Island,0.3488636363636364,0.17007575757575757,0.3087121212121212,0.11098484848484849,0.6511363636363636,0.21022067363530778,0.0,Q2,Q3
36085024402,1823028,1400000US36085024402,129904.0,5000.0,4472.0,2.0,104.0,312.0,5000.0,105.0,085,Staten Island,0.8944,0.0004,0.0624,0.0208,0.10560000000000003,0.021,0.0,Q5 highest,Q1 least POC
36085027705,531529,1400000US36085027705,98324.0,6265.0,3731.0,167.0,1571.0,726.0,6265.0,684.0,085,Staten Island,0.5955307262569832,0.026656025538707103,0.11588188347964884,0.2507581803671189,0.4044692737430168,0.1091779728651237,0.0,Q4,Q2
36085012806,1319470,1400000US36085012806,62276.0,5587.0,3062.0,66.0,721.0,1273.0,5541.0,673.0,085,Staten Island,0.5480579917666011,0.011813137640952211,0.22785036692321461,0.12904957938070521,0.4519420082333989,0.12145822053780905,0.0,Q2,Q2
36085017702,586941,1400000US36085017702,111835.0,2381.0,2037.0,0.0,192.0,59.0,2381.0,266.0,085,Staten Island,0.8555228895422091,0.0,0.024779504409911803,0.08063838723225536,0.14447711045779088,0.1117177656446871,0.0,Q4,Q1 least POC
36085017701,2935055,1400000US36085017701,153750.0,4220.0,3538.0,2.0,487.0,104.0,4220.0,57.0,085,Staten Island,0.8383886255924171,0.00047393364928909954,0.024644549763033177,0.11540284360189573,0.1616113744075829,0.013507109004739337,0.0,Q5 highest,Q1 least POC
36085020805,1127289,1400000US36085020805,115825.0,6093.0,4814.0,12.0,318.0,598.0,6093.0,282.0,085,Staten Island,0.7900869850648284,0.0019694731659281144,0.09814541276875102,0.052191038897095025,0.20991301493517156,0.046282619399310686,0.0,Q5 highest,Q1 least POC
36085018704,538794,1400000US36085018704,118413.0,3768.0,2517.0,239.0,769.0,150.0,3388.0,203.0,085,Staten Island,0.6679936305732485,0.06342887473460722,0.03980891719745223,0.20408704883227177,0.33200636942675155,0.05991735537190083,0.0,Q5 highest,Q1 least POC
36085022602,6278738,1400000US36085022602,,1471.0,1279.0,10.0,0.0,127.0,1471.0,383.0,085,Staten Island,0.8694765465669613,0.006798096532970768,0.08633582596872875,0.0,0.13052345343303873,0.2603670972127804,0.0,,Q1 least POC
36085007002,2166807,1400000US36085007002,91509.0,5964.0,3841.0,291.0,873.0,919.0,5654.0,591.0,085,Staten Island,0.6440308517773307,0.04879275653923541,0.15409121395036887,0.14637826961770622,0.35596914822266934,0.10452776795189246,3574.498453748232,Q4,Q1 least POC
36085020806,1469772,1400000US36085020806,90478.0,2829.0,2024.0,2.0,304.0,399.0,2774.0,164.0,085,Staten Island,0.7154471544715447,0.0007069635913750442,0.14103923647932132,0.10745846588900672,0.2845528455284553,0.05912040374909877,0.0,Q4,Q1 least POC
36085017015,457623,1400000US36085017015,113463.0,2812.0,2630.0,0.0,0.0,182.0,2812.0,38.0,085,Staten Island,0.9352773826458037,0.0,0.06472261735419631,0.0,0.06472261735419627,0.013513513513513514,0.0,Q5 highest,Q1 least POC
36061001501,270812,1400000US36061001501,119293.0,7721.0,4050.0,547.0,2073.0,329.0,7195.0,541.0,061,Manhattan,0.5245434529206061,0.07084574536977076,0.04261106074342702,0.2684885377541769,0.4754565470793939,0.07519110493398193,8918.116692110318,Q5 highest,Q2
36061001600,207381,1400000US36061001600,46860.0,7720.0,1845.0,141.0,5436.0,74.0,7719.0,817.0,061,Manhattan,0.23898963730569947,0.018264248704663213,0.009585492227979275,0.7041450777202073,0.7610103626943006,0.10584272574167639,3271.7349608090876,Q1 lowest,Q3
36061001800,222964,1400000US36061001800,74485.0,6948.0,2137.0,405.0,3148.0,1057.0,6593.0,873.0,061,Manhattan,0.3075705238917674,0.05829015544041451,0.1521301093839954,0.45308002302820954,0.6924294761082326,0.13241316547853785,3617.885716644948,Q3,Q3
36061002000,126279,1400000US36061002000,26031.0,4689.0,87.0,835.0,715.0,2829.0,4689.0,1785.0,061,Manhattan,0.018554062699936022,0.1780763489016848,0.6033269353806782,0.15248453828108338,0.981445937300064,0.38067818298144596,969.0511012694135,Q1 lowest,Q5 most POC
36061002201,161668,1400000US36061002201,35700.0,6748.0,1967.0,1306.0,880.0,2478.0,6723.0,1849.0,061,Manhattan,0.29149377593361,0.1935388263189093,0.36721991701244816,0.13040901007705988,0.70850622406639,0.27502603004611037,1513.570675839039,Q1 lowest,Q3
36061002202,56108,1400000US36061002202,121389.0,2521.0,1352.0,216.0,211.0,729.0,2521.0,250.0,061,Manhattan,0.5362951209837367,0.085680285600952,0.289170963903213,0.08369694565648553,0.46370487901626334,0.09916699722332407,1387.0647594626673,Q5 highest,Q2
36061002400,182337,1400000US36061002400,17922.0,4311.0,115.0,850.0,674.0,2508.0,4311.0,2485.0,061,Manhattan,0.02667594525632104,0.19717003015541637,0.581767571329158,0.15634423567617722,0.973324054743679,0.5764323822778937,0.0,Q1 lowest,Q5 most POC
36061002601,106047,1400000US36061002601,35625.0,4592.0,998.0,710.0,758.0,1984.0,4592.0,1597.0,061,Manhattan,0.21733449477351915,0.15461672473867596,0.43205574912891986,0.16506968641114983,0.7826655052264808,0.3477787456445993,760.3803495006946,Q1 lowest,Q3
36061002602,103690,1400000US36061002602,71907.0,3632.0,2086.0,196.0,392.0,724.0,3607.0,625.0,061,Manhattan,0.5743392070484582,0.053964757709251104,0.19933920704845814,0.10792951541850221,0.4256607929515418,0.17327418907679512,743.3911677937765,Q3,Q2
36061002700,59282,1400000US36061002700,134583.0,1203.0,247.0,1.0,891.0,12.0,1195.0,210.0,061,Manhattan,0.2053200332502078,0.0008312551953449709,0.00997506234413965,0.7406483790523691,0.7946799667497921,0.17573221757322174,676.2843256576977,Q5 highest,Q3
36061002800,183626,1400000US36061002800,52305.0,6364.0,1893.0,300.0,1357.0,2245.0,6319.0,1527.0,061,Manhattan,0.2974544311753614,0.04714016341923319,0.35276555625392836,0.21323067253299813,0.7025455688246386,0.24165216015192278,2073.365717003826,Q1 lowest,Q3
36061003001,124150,1400000US36061003001,90222.0,3868.0,2144.0,352.0,302.0,954.0,3868.0,396.0,061,Manhattan,0.5542916235780765,0.09100310237849017,0.2466390899689762,0.07807652533609101,0.4457083764219235,0.10237849017580145,2252.97043297138,Q4,Q2
36061003100,204969,1400000US36061003100,190769.0,2667.0,1197.0,312.0,704.0,424.0,1532.0,198.0,061,Manhattan,0.44881889763779526,0.11698537682789652,0.15898012748406448,0.26396700412448443,0.5511811023622047,0.12924281984334204,2919.065070647942,Q5 highest,Q2
36061003300,341677,1400000US36061003300,250001.0,5787.0,4363.0,71.0,482.0,414.0,5787.0,83.0,061,Manhattan,0.753931225159841,0.012268878520822533,0.07153965785381027,0.08329013305685157,0.246068774840159,0.014342491791947468,5480.340543022686,Q5 highest,Q1 least POC
36061003601,99812,1400000US36061003601,55714.0,2942.0,866.0,136.0,708.0,1102.0,2942.0,506.0,061,Manhattan,0.2943575798776343,0.046227056424201225,0.3745751189666893,0.2406526172671652,0.7056424201223657,0.17199184228416042,1821.1771876465334,Q2,Q3
36061003800,202370,1400000US36061003800,68647.0,8199.0,4557.0,769.0,1301.0,1375.0,7921.0,1758.0,061,Manhattan,0.5557994877424076,0.0937919258446152,0.1677033784607879,0.15867788754726186,0.4442005122575924,0.2219416740310567,1503.9088990600414,Q2,Q2
36061003900,331072,1400000US36061003900,190588.0,6935.0,3931.0,131.0,1628.0,910.0,6918.0,669.0,061,Manhattan,0.5668348954578226,0.018889689978370584,0.13121845710165825,0.23475126171593366,0.4331651045421774,0.09670424978317432,0.0,Q5 highest,Q2
36061004200,85567,1400000US36061004200,163750.0,5243.0,2611.0,351.0,1284.0,700.0,2447.0,293.0,061,Manhattan,0.4979973297730307,0.06694640473011634,0.13351134846461948,0.24489795918367346,0.5020026702269693,0.11973845525132816,1567.0634454859417,Q5 highest,Q2
36061004300,149239,1400000US36061004300,97133.0,3494.0,1951.0,32.0,574.0,750.0,3494.0,726.0,061,Manhattan,0.5583858042358328,0.009158557527189467,0.21465369204350315,0.16428162564396107,0.44161419576416716,0.20778477389811104,1138.9587003583285,Q4,Q2
36061004500,104948,1400000US36061004500,158393.0,1226.0,860.0,27.0,209.0,80.0,1226.0,141.0,061,Manhattan,0.7014681892332789,0.02202283849918434,0.06525285481239804,0.17047308319738988,0.2985318107667211,0.11500815660685156,3209.9322535228557,Q5 highest,Q1 least POC
36061004700,165420,1400000US36061004700,148750.0,2466.0,1921.0,0.0,326.0,133.0,2466.0,150.0,061,Manhattan,0.7789943227899432,0.0,0.05393349553933496,0.1321978913219789,0.22100567721005682,0.06082725060827251,2715.156600770662,Q5 highest,Q1 least POC
36061004900,207318,1400000US36061004900,141731.0,4323.0,3376.0,35.0,495.0,417.0,4316.0,308.0,061,Manhattan,0.7809391626185519,0.008096229470275272,0.09646079111727966,0.11450381679389313,0.2190608373814481,0.07136237256719184,41.26957696238284,Q5 highest,Q1 least POC
36061005400,167959,1400000US36061005400,152018.0,4713.0,3259.0,107.0,756.0,434.0,4691.0,336.0,061,Manhattan,0.6914916189263739,0.022703161468279227,0.09208572034797369,0.16040738383195416,0.3085083810736261,0.07162651886591345,1940.8105465506708,Q5 highest,Q1 least POC
36061005501,124447,1400000US36061005501,190408.0,4987.0,2696.0,274.0,1367.0,433.0,4407.0,706.0,061,Manhattan,0.5406055744936836,0.05494285141367555,0.08682574694204932,0.2741126930018047,0.4593944255063164,0.16019968232357612,754.6933513740322,Q5 highest,Q2
36061005600,174425,1400000US36061005600,186028.0,4319.0,2431.0,271.0,402.0,851.0,4266.0,758.0,061,Manhattan,0.5628617735586942,0.06274600601991202,0.1970363510071776,0.09307710118082889,0.43713822644130584,0.1776840131270511,1608.2070160050985,Q5 highest,Q2
36061005700,108047,1400000US36061005700,236250.0,2957.0,2492.0,20.0,269.0,67.0,2946.0,121.0,061,Manhattan,0.8427460263780859,0.006763611768684477,0.022658099425093,0.09097057828880623,0.15725397362191407,0.04107264086897488,1120.661736256028,Q5 highest,Q1 least POC
36061005800,174669,1400000US36061005800,186191.0,4237.0,2169.0,325.0,938.0,523.0,4220.0,473.0,061,Manhattan,0.5119188104791126,0.07670521595468492,0.12343639367476988,0.22138305404767525,0.4880811895208874,0.11208530805687204,2865.184272691016,Q5 highest,Q2
36061006000,118944,1400000US36061006000,202632.0,5630.0,4127.0,58.0,657.0,505.0,5630.0,163.0,061,Manhattan,0.7330373001776199,0.010301953818827708,0.08969804618117229,0.116696269982238,0.2669626998223801,0.028952042628774422,1825.3529364602605,Q5 highest,Q1 least POC
36061006100,142178,1400000US36061006100,250001.0,5218.0,3002.0,322.0,1240.0,502.0,3899.0,169.0,061,Manhattan,0.5753162131084707,0.061709467228823305,0.09620544269835186,0.23763894212341893,0.4246837868915293,0.043344447294177996,4050.9025934061697,Q5 highest,Q2
36061006200,293517,1400000US36061006200,96912.0,4234.0,1578.0,1043.0,822.0,621.0,3496.0,874.0,061,Manhattan,0.37269721303731695,0.24633915918752952,0.146669815777043,0.19414265470004724,0.627302786962683,0.25,3468.5984351718494,Q4,Q2
36061006400,179194,1400000US36061006400,118201.0,7513.0,5128.0,610.0,824.0,706.0,7204.0,1141.0,061,Manhattan,0.6825502462398509,0.08119259949421004,0.093970451217889,0.10967656062824438,0.31744975376014906,0.15838423098278734,2222.78228586523,Q5 highest,Q1 least POC
36061006500,201127,1400000US36061006500,118698.0,6088.0,4724.0,208.0,614.0,441.0,5010.0,390.0,061,Manhattan,0.7759526938239159,0.03416557161629435,0.07243758212877792,0.10085413929040736,0.22404730617608415,0.07784431137724551,816.8965827948952,Q5 highest,Q1 least POC
36061006700,168483,1400000US36061006700,120964.0,5020.0,3855.0,164.0,291.0,528.0,4989.0,160.0,061,Manhattan,0.7679282868525896,0.03266932270916335,0.1051792828685259,0.05796812749003984,0.23207171314741037,0.032070555221487274,2876.3349516323665,Q5 highest,Q1 least POC
36061006800,174441,1400000US36061006800,146051.0,7265.0,4487.0,735.0,1011.0,740.0,6208.0,706.0,061,Manhattan,0.617618719889883,0.10116999311768754,0.1018582243633861,0.13916035788024778,0.38238128011011696,0.11372422680412371,1018.7263646392339,Q5 highest,Q1 least POC
36061006900,220486,1400000US36061006900,231136.0,2491.0,1848.0,33.0,232.0,259.0,2165.0,114.0,061,Manhattan,0.741870734644721,0.013247691690084303,0.10397430750702528,0.09313528703331996,0.258129265355279,0.052655889145496536,1571.520911644985,Q5 highest,Q1 least POC
36061007100,164997,1400000US36061007100,173615.0,4995.0,3597.0,262.0,488.0,554.0,4833.0,316.0,061,Manhattan,0.7201201201201202,0.052452452452452454,0.11091091091091092,0.09769769769769769,0.27987987987987983,0.06538381957376371,4852.335824409745,Q5 highest,Q1 least POC
36061007300,165299,1400000US36061007300,146964.0,5683.0,4254.0,155.0,354.0,838.0,5683.0,504.0,061,Manhattan,0.7485483019531938,0.02727432693999648,0.14745732887559387,0.0622910434629597,0.2514516980468062,0.08868555340489179,1422.5407329021257,Q5 highest,Q1 least POC
36047043700,168127,1400000US36047043700,59643.0,5263.0,1028.0,429.0,85.0,3485.0,5222.0,907.0,047,Brooklyn,0.19532585977579328,0.0815124453733612,0.6621698650959529,0.016150484514535435,0.8046741402242067,0.17368824205285333,0.0,Q2,Q3
36061007500,165732,1400000US36061007500,119250.0,3692.0,2929.0,105.0,211.0,204.0,3692.0,279.0,061,Manhattan,0.7933369447453954,0.028439869989165763,0.0552546045503792,0.05715059588299025,0.2066630552546046,0.07556879739978331,981.4922213955147,Q5 highest,Q1 least POC
36061007600,174274,1400000US36061007600,127308.0,2442.0,1045.0,84.0,854.0,326.0,2442.0,335.0,061,Manhattan,0.42792792792792794,0.0343980343980344,0.1334971334971335,0.3497133497133497,0.572072072072072,0.13718263718263718,3779.246256982776,Q5 highest,Q2
36061007800,177474,1400000US36061007800,149915.0,9023.0,4284.0,115.0,2167.0,1878.0,9015.0,351.0,061,Manhattan,0.4747866563227308,0.012745206694004212,0.20813476670730355,0.24016402526875763,0.5252133436772692,0.038935108153078206,4113.237089913667,Q5 highest,Q2
36061007900,274202,1400000US36061007900,127188.0,4211.0,3133.0,0.0,195.0,729.0,4211.0,310.0,061,Manhattan,0.7440037995725481,0.0,0.17311802422227499,0.04630729042982665,0.25599620042745186,0.07361671811921158,1056.0102123449435,Q5 highest,Q1 least POC
36061008100,174305,1400000US36061008100,156265.0,6639.0,4916.0,133.0,471.0,916.0,6586.0,347.0,061,Manhattan,0.7404729627956017,0.02003313752071095,0.1379725862328664,0.07094441934026209,0.2595270372043983,0.05268751897965381,2191.574979160671,Q5 highest,Q1 least POC
36061008400,173067,1400000US36061008400,250001.0,1590.0,795.0,54.0,542.0,111.0,1588.0,126.0,061,Manhattan,0.5,0.033962264150943396,0.06981132075471698,0.34088050314465407,0.5,0.07934508816120907,3274.062323275011,Q5 highest,Q2
36061008700,165443,1400000US36061008700,136620.0,6133.0,4109.0,435.0,710.0,684.0,6133.0,728.0,061,Manhattan,0.6699820642426219,0.07092776781346813,0.11152780042393608,0.11576716125876406,0.33001793575737814,0.11870210337518343,2013.7240019593291,Q5 highest,Q1 least POC
36061008800,179257,1400000US36061008800,117442.0,7491.0,4416.0,226.0,1767.0,128.0,7491.0,486.0,061,Manhattan,0.5895074088906688,0.030169536777466293,0.017087171272193297,0.23588305967160592,0.41049259110933123,0.06487785342410893,3394.2619436114737,Q5 highest,Q2
36061009000,174696,1400000US36061009000,149063.0,6947.0,4727.0,231.0,1488.0,261.0,6947.0,540.0,061,Manhattan,0.6804375989635814,0.0332517633510868,0.03757017417590327,0.2141931769108968,0.31956240103641864,0.07773139484669642,2544.705528821288,Q5 highest,Q1 least POC
36061009200,197023,1400000US36061009200,166734.0,1436.0,833.0,23.0,476.0,46.0,1397.0,40.0,061,Manhattan,0.58008356545961,0.016016713091922007,0.03203342618384401,0.33147632311977715,0.41991643454038996,0.02863278453829635,0.0,Q5 highest,Q2
36061009300,179099,1400000US36061009300,94441.0,9632.0,5991.0,577.0,428.0,1934.0,9587.0,1368.0,061,Manhattan,0.6219892026578073,0.05990448504983389,0.2007890365448505,0.04443521594684385,0.3780107973421927,0.1426932304161886,2097.340854085453,Q4,Q1 least POC
36061009400,152754,1400000US36061009400,171875.0,89.0,40.0,0.0,4.0,5.0,89.0,16.0,061,Manhattan,0.449438202247191,0.0,0.056179775280898875,0.0449438202247191,0.550561797752809,0.1797752808988764,0.0,Q5 highest,Q2
36061009600,175330,1400000US36061009600,,310.0,112.0,34.0,114.0,40.0,277.0,57.0,061,Manhattan,0.36129032258064514,0.10967741935483871,0.12903225806451613,0.36774193548387096,0.6387096774193548,0.20577617328519857,1584.835665388933,,Q2
36061009800,177056,1400000US36061009800,124433.0,8116.0,5604.0,100.0,1476.0,749.0,8116.0,859.0,061,Manhattan,0.6904879250862493,0.01232134056185313,0.09228684080827994,0.1818629866929522,0.30951207491375066,0.10584031542631839,3806.8132016421673,Q5 highest,Q1 least POC
36061010000,172894,1400000US36061010000,103417.0,1636.0,869.0,32.0,290.0,337.0,1636.0,85.0,061,Manhattan,0.5311735941320294,0.019559902200488997,0.20599022004889975,0.17726161369193155,0.46882640586797064,0.0519559902200489,2039.5500041683024,Q4,Q2
36061010200,172891,1400000US36061010200,91157.0,243.0,199.0,8.0,8.0,8.0,243.0,32.0,061,Manhattan,0.8189300411522634,0.03292181069958848,0.03292181069958848,0.03292181069958848,0.18106995884773658,0.13168724279835392,2039.068238340106,Q4,Q1 least POC
36061010300,174468,1400000US36061010300,103838.0,2648.0,1433.0,211.0,645.0,212.0,2438.0,200.0,061,Manhattan,0.5411631419939577,0.07968277945619336,0.08006042296072508,0.24358006042296074,0.45883685800604235,0.08203445447087777,1891.4162768651545,Q4,Q2
36061010400,173230,1400000US36061010400,181333.0,741.0,495.0,15.0,152.0,54.0,741.0,34.0,061,Manhattan,0.6680161943319838,0.020242914979757085,0.0728744939271255,0.20512820512820512,0.3319838056680162,0.04588394062078273,2561.5589398302614,Q5 highest,Q1 least POC
36061011401,98508,1400000US36061011401,250001.0,1066.0,830.0,8.0,129.0,43.0,1059.0,57.0,061,Manhattan,0.7786116322701688,0.0075046904315197,0.040337711069418386,0.12101313320825516,0.22138836772983117,0.053824362606232294,2035.8007625179696,Q5 highest,Q1 least POC
36061011402,98800,1400000US36061011402,176667.0,2371.0,1689.0,11.0,304.0,180.0,2371.0,78.0,061,Manhattan,0.7123576549978912,0.004639392661324336,0.07591733445803459,0.1282159426402362,0.28764234500210883,0.03289751159848165,2193.0114022505913,Q5 highest,Q1 least POC
36061011500,175590,1400000US36061011500,145521.0,3475.0,1532.0,235.0,949.0,659.0,3471.0,534.0,061,Manhattan,0.440863309352518,0.06762589928057554,0.18964028776978417,0.27309352517985613,0.559136690647482,0.15384615384615385,5218.174012909677,Q5 highest,Q2
36061011700,196623,1400000US36061011700,109740.0,4991.0,2691.0,305.0,964.0,768.0,4991.0,335.0,061,Manhattan,0.5391705069124424,0.06110999799639351,0.15387697856141053,0.19314766579843717,0.4608294930875576,0.0671208174714486,3182.0020069867105,Q4,Q2
36061011900,177591,1400000US36061011900,15971.0,1040.0,292.0,455.0,38.0,242.0,1040.0,480.0,061,Manhattan,0.28076923076923077,0.4375,0.2326923076923077,0.03653846153846154,0.7192307692307692,0.46153846153846156,2541.8953207345758,Q1 lowest,Q3
36061012000,173025,1400000US36061012000,153086.0,2993.0,2411.0,202.0,220.0,124.0,2993.0,364.0,061,Manhattan,0.8055462746408286,0.06749081189442031,0.0414300033411293,0.07350484463748747,0.19445372535917138,0.12161710658202472,869.6087198235372,Q5 highest,Q1 least POC
36061012400,171573,1400000US36061012400,140250.0,9826.0,6609.0,104.0,1953.0,696.0,9304.0,383.0,061,Manhattan,0.672603297374313,0.010584164461632404,0.07083248524323224,0.19875839609200083,0.327396702625687,0.04116509028374893,285.0211840417381,Q5 highest,Q1 least POC
36085017014,553872,1400000US36085017014,100487.0,4159.0,2906.0,53.0,228.0,875.0,4143.0,275.0,085,Staten Island,0.6987256552055783,0.01274344794421736,0.21038711228660736,0.05482087040153883,0.3012743447944217,0.06637702148201786,0.0,Q4,Q1 least POC
36085017016,661425,1400000US36085017016,116635.0,4732.0,3758.0,0.0,654.0,289.0,4732.0,138.0,085,Staten Island,0.794167371090448,0.0,0.06107354184277261,0.1382079459002536,0.205832628909552,0.029163144547759933,0.0,Q5 highest,Q1 least POC
36085017013,556649,1400000US36085017013,91849.0,4468.0,3031.0,92.0,581.0,749.0,4468.0,124.0,085,Staten Island,0.678379588182632,0.020590868397493287,0.16763652641002685,0.13003581020590868,0.321620411817368,0.02775290957923008,0.0,Q4,Q1 least POC
36085018703,474507,1400000US36085018703,94464.0,4406.0,2376.0,158.0,1343.0,423.0,4276.0,377.0,085,Staten Island,0.5392646391284612,0.035860190649114845,0.09600544711756695,0.3048116205174762,0.46073536087153877,0.08816651075771749,0.0,Q4,Q2
36085020701,417768,1400000US36085020701,59452.0,3328.0,456.0,1581.0,0.0,1165.0,3304.0,429.0,085,Staten Island,0.13701923076923078,0.47506009615384615,0.35006009615384615,0.0,0.8629807692307692,0.12984261501210653,0.0,Q2,Q3
36085020702,542033,1400000US36085020702,32070.0,2470.0,194.0,485.0,81.0,1665.0,2458.0,985.0,085,Staten Island,0.07854251012145749,0.19635627530364372,0.6740890688259109,0.03279352226720648,0.9214574898785425,0.40073230268510984,0.0,Q1 lowest,Q4
36085009701,795842,1400000US36085009701,112896.0,4312.0,1564.0,1464.0,230.0,940.0,4312.0,160.0,085,Staten Island,0.362708719851577,0.3395176252319109,0.21799628942486085,0.05333951762523191,0.637291280148423,0.03710575139146568,0.0,Q5 highest,Q2
36085009702,367493,1400000US36085009702,,42.0,42.0,0.0,0.0,0.0,42.0,0.0,085,Staten Island,1.0,0.0,0.0,0.0,0.0,0.0,0.0,,Q1 least POC
36085005901,936901,1400000US36085005901,90171.0,3177.0,2167.0,145.0,64.0,748.0,3176.0,152.0,085,Staten Island,0.6820900220333648,0.04564054139124961,0.2354422411079635,0.02014479068303431,0.3179099779666352,0.04785894206549118,0.0,Q4,Q1 least POC
36085029105,1607963,1400000US36085029105,111276.0,4666.0,2643.0,218.0,426.0,1226.0,4666.0,341.0,085,Staten Island,0.5664380625803687,0.046720960137162454,0.26275182168881267,0.09129875696528075,0.43356193741963134,0.07308186883840549,0.0,Q4,Q2
36085004004,359234,1400000US36085004004,,3999.0,827.0,634.0,1078.0,1460.0,3973.0,646.0,085,Staten Island,0.2068017004251063,0.1585396349087272,0.3650912728182045,0.26956739184796197,0.7931982995748937,0.16259753335011326,0.0,,Q3
36085022601,1747826,1400000US36085022601,117903.0,6914.0,5769.0,5.0,141.0,999.0,6908.0,272.0,085,Staten Island,0.8343939832224472,0.0007231703789412786,0.14448944171246747,0.020393404686144055,0.16560601677755282,0.03937463810075275,0.0,Q5 highest,Q1 least POC
36085004003,195483,1400000US36085004003,24107.0,3215.0,0.0,2435.0,0.0,701.0,3215.0,1175.0,085,Staten Island,0.0,0.7573872472783826,0.21804043545878693,0.0,1.0,0.3654743390357698,0.0,Q1 lowest,Q5 most POC
36085004002,337374,1400000US36085004002,126295.0,2521.0,19.0,1121.0,932.0,449.0,2521.0,99.0,085,Staten Island,0.00753669178897263,0.44466481554938514,0.17810392701309005,0.3696945656485522,0.9924633082110274,0.03927013090043634,0.0,Q5 highest,Q5 most POC
36061012700,174025,1400000US36061012700,145488.0,7092.0,3866.0,131.0,725.0,1615.0,7092.0,850.0,061,Manhattan,0.545121263395375,0.01847151720248167,0.22772137619853355,0.10222786238014664,0.45487873660462497,0.11985335589396504,2108.5995891866974,Q5 highest,Q2
36061012800,178794,1400000US36061012800,205685.0,5089.0,4200.0,10.0,367.0,400.0,5085.0,277.0,061,Manhattan,0.8253094910591472,0.0019650225977598744,0.07860090391039497,0.07211632933778739,0.1746905089408528,0.05447394296951819,1346.0497991821903,Q5 highest,Q1 least POC
36061013000,178225,1400000US36061013000,191016.0,3632.0,2928.0,31.0,394.0,233.0,3632.0,207.0,061,Manhattan,0.8061674008810573,0.008535242290748899,0.06415198237885462,0.10848017621145374,0.19383259911894268,0.05699339207048458,0.0,Q5 highest,Q1 least POC
36061013300,174355,1400000US36061013300,111223.0,6304.0,3094.0,154.0,1919.0,812.0,6304.0,903.0,061,Manhattan,0.4907994923857868,0.024428934010152285,0.12880710659898478,0.3044098984771574,0.5092005076142132,0.14324238578680204,4276.645958334854,Q4,Q2
36061013400,181768,1400000US36061013400,140883.0,11387.0,9223.0,421.0,817.0,698.0,11360.0,1146.0,061,Manhattan,0.8099587248616844,0.036971985597611313,0.06129797137086151,0.07174848511460437,0.1900412751383156,0.10088028169014085,2770.4895605214074,Q5 highest,Q1 least POC
36061013700,226356,1400000US36061013700,189541.0,6673.0,4342.0,421.0,1067.0,434.0,6661.0,587.0,061,Manhattan,0.6506818522403717,0.06309006443878315,0.06503821369698787,0.15989809680803238,0.34931814775962833,0.08812490617024471,6046.717492355463,Q5 highest,Q1 least POC
36061014000,179112,1400000US36061014000,158780.0,7487.0,6604.0,60.0,588.0,37.0,7462.0,314.0,061,Manhattan,0.8820622412181114,0.008013890743956191,0.004941899292106318,0.07853612929077067,0.11793775878188861,0.04207987134816403,1092.060172239002,Q5 highest,Q1 least POC
36061014401,74321,1400000US36061014401,204073.0,4514.0,3491.0,0.0,504.0,280.0,4514.0,91.0,061,Manhattan,0.7733717323881258,0.0,0.06202924235711121,0.11165263624280018,0.22662826761187416,0.020159503766061144,111.98383365002664,Q5 highest,Q1 least POC
36061014500,177137,1400000US36061014500,198766.0,6620.0,3910.0,176.0,1920.0,535.0,5610.0,283.0,061,Manhattan,0.5906344410876133,0.026586102719033233,0.08081570996978851,0.29003021148036257,0.4093655589123867,0.050445632798573975,1595.995839749841,Q5 highest,Q2
36061014601,74344,1400000US36061014601,140150.0,3705.0,2685.0,89.0,472.0,459.0,3696.0,388.0,061,Manhattan,0.7246963562753036,0.024021592442645075,0.12388663967611337,0.12739541160593792,0.2753036437246964,0.10497835497835498,1532.3855081764345,Q5 highest,Q1 least POC
36061014801,51979,1400000US36061014801,244250.0,2942.0,2284.0,0.0,101.0,416.0,2942.0,71.0,061,Manhattan,0.7763426240652618,0.0,0.14140040788579197,0.03433038749150238,0.22365737593473822,0.02413324269204623,549.0195049132208,Q5 highest,Q1 least POC
36061014802,125621,1400000US36061014802,161161.0,6353.0,4100.0,73.0,725.0,1354.0,6353.0,382.0,061,Manhattan,0.6453643947741224,0.011490634345978279,0.21312765622540533,0.11411931371005823,0.35463560522587756,0.060129072878954824,858.4217463865805,Q5 highest,Q1 least POC
36061014900,174054,1400000US36061014900,164779.0,5781.0,3917.0,101.0,859.0,685.0,5413.0,525.0,061,Manhattan,0.6775644352188203,0.017471025774087528,0.11849161044801937,0.1485902093063484,0.32243556478117974,0.09698873083317938,604.0889214005324,Q5 highest,Q1 least POC
36061015700,182390,1400000US36061015700,154237.0,10352.0,8065.0,260.0,1004.0,966.0,9858.0,542.0,061,Manhattan,0.7790765069551777,0.02511591962905719,0.09331530139103555,0.09698608964451313,0.22092349304482228,0.05498072631365389,2094.9312981595012,Q5 highest,Q1 least POC
36061015801,125753,1400000US36061015801,159712.0,4899.0,3894.0,41.0,369.0,303.0,4673.0,335.0,061,Manhattan,0.7948560930802204,0.008369054909165136,0.06184935701163503,0.07532149418248622,0.20514390691977957,0.0716884228546972,522.4401375373136,Q5 highest,Q1 least POC
36061015900,175135,1400000US36061015900,170496.0,9005.0,6867.0,287.0,688.0,795.0,9005.0,589.0,061,Manhattan,0.762576346474181,0.03187118267629095,0.08828428650749584,0.07640199888950583,0.23742365352581896,0.06540810660744031,131.8689583211361,Q5 highest,Q1 least POC
36061016001,125615,1400000US36061016001,250001.0,2884.0,2260.0,5.0,167.0,330.0,2884.0,28.0,061,Manhattan,0.7836338418862691,0.0017337031900138697,0.1144244105409154,0.05790568654646325,0.21636615811373094,0.009708737864077669,0.0,Q5 highest,Q1 least POC
36061016100,155737,1400000US36061016100,132396.0,6278.0,4779.0,225.0,310.0,703.0,6278.0,343.0,061,Manhattan,0.76122969098439,0.03583943931188276,0.11197833705001593,0.04937878305192737,0.23877030901561003,0.054635234151003506,2245.1837814695764,Q5 highest,Q1 least POC
36061016200,272018,1400000US36061016200,26520.0,9015.0,738.0,2862.0,1214.0,3292.0,9005.0,3309.0,061,Manhattan,0.08186356073211315,0.3174708818635607,0.3651691625069329,0.13466444814198558,0.9181364392678868,0.36746252082176567,3439.705029357529,Q1 lowest,Q4
36061016600,174220,1400000US36061016600,44643.0,5916.0,1266.0,615.0,866.0,2968.0,5838.0,1815.0,061,Manhattan,0.21399594320486814,0.1039553752535497,0.5016903313049358,0.14638269100743745,0.7860040567951319,0.3108941418293936,0.0,Q1 lowest,Q3
36061016700,196979,1400000US36061016700,223952.0,7196.0,6050.0,16.0,413.0,364.0,7196.0,517.0,061,Manhattan,0.8407448582545859,0.0022234574763757642,0.05058365758754864,0.057392996108949414,0.1592551417454141,0.07184546970539188,548.2375126501172,Q5 highest,Q1 least POC
36061016800,199277,1400000US36061016800,38281.0,4585.0,678.0,1625.0,189.0,1988.0,3999.0,1280.0,061,Manhattan,0.14787350054525628,0.3544165757906216,0.433587786259542,0.04122137404580153,0.8521264994547437,0.32008002000500124,0.0,Q1 lowest,Q3
36061017000,182917,1400000US36061017000,42261.0,8558.0,886.0,1196.0,2013.0,4335.0,8521.0,2215.0,061,Manhattan,0.10352886188361766,0.1397522785697593,0.5065435849497546,0.2352185089974293,0.8964711381163823,0.2599460157258538,1883.7367589279077,Q1 lowest,Q4
36061017100,217834,1400000US36061017100,173490.0,9200.0,7370.0,220.0,341.0,1021.0,9031.0,1072.0,061,Manhattan,0.8010869565217391,0.02391304347826087,0.11097826086956522,0.03706521739130435,0.1989130434782609,0.11870224781308825,529.3299558583692,Q5 highest,Q1 least POC
36061017300,178602,1400000US36061017300,122287.0,8652.0,5550.0,324.0,1244.0,1085.0,8652.0,545.0,061,Manhattan,0.6414701803051318,0.03744798890429958,0.12540453074433658,0.1437817845584836,0.3585298196948682,0.06299121590383726,2389.2568820074293,Q5 highest,Q1 least POC
36061017402,50730,1400000US36061017402,65391.0,2529.0,571.0,703.0,348.0,628.0,2529.0,530.0,061,Manhattan,0.2257809410834322,0.2779754843811783,0.24831949387109528,0.1376037959667853,0.7742190589165678,0.2095689996045868,429.10885790339853,Q2,Q3
36061017500,216905,1400000US36061017500,171250.0,10125.0,6706.0,488.0,464.0,1998.0,9628.0,439.0,061,Manhattan,0.662320987654321,0.04819753086419753,0.19733333333333333,0.04582716049382716,0.337679012345679,0.0455961778147071,549.4159137234063,Q5 highest,Q1 least POC
36061017700,174558,1400000US36061017700,103065.0,10451.0,5853.0,505.0,553.0,2569.0,10451.0,1554.0,061,Manhattan,0.5600421012343316,0.04832073485790833,0.24581379772270595,0.05291359678499665,0.4399578987656684,0.14869390488948425,2018.8997685020227,Q4,Q2
36061017800,248850,1400000US36061017800,40978.0,4555.0,872.0,998.0,295.0,2305.0,4542.0,1626.0,061,Manhattan,0.19143798024149286,0.2190998902305159,0.5060373216245884,0.06476399560922064,0.8085620197585072,0.3579920739762219,528.240717605287,Q1 lowest,Q3
36061018100,138438,1400000US36061018100,108315.0,8837.0,5604.0,878.0,302.0,898.0,8837.0,193.0,061,Manhattan,0.6341518614914564,0.0993549847233224,0.1016181962204368,0.03417449360642752,0.3658481385085436,0.02183999094715401,1383.894055679741,Q4,Q1 least POC
36061018200,176900,1400000US36061018200,36696.0,6839.0,627.0,2330.0,337.0,3345.0,6797.0,2044.0,061,Manhattan,0.09168007018569967,0.34069308378417895,0.48910659453136424,0.04927620997221816,0.9083199298143003,0.30072090628218334,0.0,Q1 lowest,Q4
36061018300,224323,1400000US36061018300,146918.0,8724.0,6144.0,405.0,564.0,1398.0,8722.0,1364.0,061,Manhattan,0.7042640990371389,0.04642365887207703,0.16024759284731774,0.06464924346629987,0.29573590096286106,0.1563861499656042,824.9598793203816,Q5 highest,Q1 least POC
36061018400,176581,1400000US36061018400,34279.0,7661.0,535.0,2750.0,289.0,3405.0,7632.0,2378.0,061,Manhattan,0.06983422529695862,0.35896097115259107,0.44445894791802637,0.037723534786581386,0.9301657747030414,0.31158280922431864,656.9210190924994,Q1 lowest,Q4
36061018500,130395,1400000US36061018500,146976.0,5055.0,3217.0,368.0,854.0,433.0,5055.0,368.0,061,Manhattan,0.6363996043521266,0.07279920870425322,0.08565776458951534,0.16894164193867459,0.3636003956478734,0.07279920870425322,1142.9756282770634,Q5 highest,Q1 least POC
36061018600,121738,1400000US36061018600,45221.0,6366.0,335.0,3495.0,115.0,2328.0,6279.0,1950.0,061,Manhattan,0.05262331134150173,0.5490103675777568,0.3656927426955702,0.018064718818724474,0.9473766886584982,0.3105590062111801,615.7197012476033,Q1 lowest,Q4
36061018800,148532,1400000US36061018800,41288.0,4358.0,587.0,1157.0,229.0,2339.0,4349.0,1456.0,061,Manhattan,0.1346948141349243,0.26548875631023405,0.536714089031666,0.05254703992657182,0.8653051858650758,0.3347896068061623,1929.7199497969732,Q1 lowest,Q3
36061019200,189850,1400000US36061019200,16911.0,4358.0,222.0,2033.0,25.0,2020.0,4217.0,2050.0,061,Manhattan,0.05094079853143644,0.46649839375860486,0.463515374024782,0.005736576411197797,0.9490592014685636,0.48612757884752195,1406.5279772973206,Q1 lowest,Q4
36061019300,175714,1400000US36061019300,72865.0,10654.0,3276.0,1685.0,1146.0,4296.0,10545.0,1880.0,061,Manhattan,0.30749014454664914,0.15815656091608785,0.4032288342406608,0.10756523371503661,0.6925098554533509,0.17828354670459934,2355.7161243488167,Q3,Q3
36061019400,175057,1400000US36061019400,36458.0,6524.0,637.0,1680.0,309.0,3887.0,6495.0,2130.0,061,Manhattan,0.09763948497854077,0.2575107296137339,0.5958001226241569,0.0473635806253832,0.9023605150214592,0.3279445727482679,1987.8413937962746,Q1 lowest,Q4
36061019500,218436,1400000US36061019500,113379.0,7601.0,3950.0,694.0,1078.0,1532.0,7293.0,958.0,061,Manhattan,0.5196684646757006,0.09130377581897119,0.20155242731219578,0.14182344428364688,0.4803315353242994,0.13135883724119019,531.2850787921169,Q5 highest,Q2
36061019600,177186,1400000US36061019600,21967.0,4211.0,479.0,1426.0,159.0,2057.0,3940.0,1454.0,061,Manhattan,0.11374970315839468,0.3386369033483733,0.4884825457136072,0.03775825219662788,0.8862502968416053,0.36903553299492386,0.0,Q1 lowest,Q4
36061019701,235976,1400000US36061019701,49336.0,958.0,343.0,138.0,271.0,206.0,958.0,261.0,061,Manhattan,0.35803757828810023,0.1440501043841336,0.2150313152400835,0.2828810020876827,0.6419624217118998,0.27244258872651356,0.0,Q1 lowest,Q3
36061019702,47397,1400000US36061019702,97981.0,2901.0,784.0,932.0,211.0,726.0,2882.0,674.0,061,Manhattan,0.2702516373664254,0.3212685280937608,0.250258531540848,0.072733540158566,0.7297483626335746,0.2338653712699514,0.0,Q4,Q3
36061020000,129294,1400000US36061020000,70150.0,3123.0,1070.0,1478.0,133.0,305.0,3123.0,359.0,061,Manhattan,0.34261927633685557,0.473262888248479,0.09766250400256164,0.04258725584373999,0.6573807236631444,0.11495357028498239,167.24782927019265,Q2,Q3
36061020102,83350,1400000US36061020102,75721.0,4028.0,978.0,2107.0,198.0,517.0,4028.0,772.0,061,Manhattan,0.24280039721946375,0.5230883813306852,0.12835153922542206,0.049155908639523335,0.7571996027805362,0.1916583912611718,0.0,Q3,Q3
36061020300,178225,1400000US36061020300,63819.0,3933.0,1702.0,301.0,1164.0,583.0,1018.0,267.0,061,Manhattan,0.4327485380116959,0.07653190948385456,0.148232901093313,0.2959572845156369,0.5672514619883041,0.26227897838899805,0.0,Q2,Q2
36061022700,150708,1400000US36061022700,61570.0,5156.0,945.0,1923.0,236.0,1596.0,5126.0,1394.0,061,Manhattan,0.18328161365399534,0.3729635376260667,0.3095422808378588,0.045771916214119475,0.8167183863460047,0.2719469371829887,0.0,Q2,Q3
36061020600,148748,1400000US36061020600,48161.0,3839.0,727.0,2139.0,33.0,728.0,3794.0,979.0,061,Manhattan,0.18937223235217504,0.5571763480072935,0.18963271685334723,0.008595988538681949,0.810627767647825,0.2580390089615182,0.0,Q1 lowest,Q3
36061020901,115806,1400000US36061020901,22743.0,3388.0,136.0,1360.0,112.0,1670.0,3388.0,1262.0,061,Manhattan,0.04014167650531287,0.4014167650531287,0.49291617473435656,0.03305785123966942,0.9598583234946871,0.3724911452184179,0.0,Q1 lowest,Q4
36061021000,203714,1400000US36061021000,40164.0,7038.0,205.0,4681.0,357.0,1557.0,7038.0,2596.0,061,Manhattan,0.02912759306621199,0.6651037226484797,0.22122762148337596,0.050724637681159424,0.970872406933788,0.3688547882921284,0.0,Q1 lowest,Q5 most POC
36061021100,347994,1400000US36061021100,75954.0,10110.0,3504.0,1504.0,1478.0,2830.0,9428.0,2159.0,061,Manhattan,0.34658753709198814,0.14876360039564787,0.2799208704253215,0.14619188921859544,0.6534124629080118,0.22899872719558761,0.0,Q3,Q3
36061021200,176396,1400000US36061021200,77230.0,4270.0,458.0,2729.0,219.0,626.0,4062.0,725.0,061,Manhattan,0.10725995316159251,0.6391100702576112,0.14660421545667449,0.05128805620608899,0.8927400468384075,0.17848350566223536,0.0,Q3,Q4
36061021400,135576,1400000US36061021400,67083.0,3037.0,350.0,2150.0,95.0,315.0,3026.0,507.0,061,Manhattan,0.11524530786960817,0.707935462627593,0.10372077708264735,0.03128086927889365,0.8847546921303918,0.16754791804362193,0.0,Q2,Q4
36061021703,313863,1400000US36061021703,,85.0,43.0,9.0,25.0,8.0,0.0,0.0,061,Manhattan,0.5058823529411764,0.10588235294117647,0.09411764705882353,0.29411764705882354,0.49411764705882355,,0.0,,Q2
36061021800,181869,1400000US36061021800,42500.0,5756.0,1359.0,2627.0,562.0,985.0,5755.0,969.0,061,Manhattan,0.2361014593467686,0.45639332870048643,0.17112578179291174,0.09763724808895066,0.7638985406532314,0.168375325803649,0.0,Q1 lowest,Q3
36061021900,279413,1400000US36061021900,22207.0,6147.0,394.0,2166.0,99.0,3315.0,6033.0,2619.0,061,Manhattan,0.06409630714169513,0.3523670082967301,0.5392874572962421,0.016105417276720352,0.9359036928583049,0.4341123818995525,0.0,Q1 lowest,Q4
36061022102,99000,1400000US36061022102,92375.0,2645.0,616.0,1155.0,179.0,461.0,2645.0,236.0,061,Manhattan,0.2328922495274102,0.43667296786389415,0.17429111531190927,0.06767485822306238,0.7671077504725898,0.0892249527410208,0.0,Q4,Q3
36061022302,60089,1400000US36061022302,34167.0,3036.0,357.0,501.0,242.0,1868.0,3036.0,923.0,061,Manhattan,0.11758893280632411,0.1650197628458498,0.6152832674571805,0.07971014492753623,0.8824110671936759,0.30401844532279315,0.0,Q1 lowest,Q4
36061022400,194691,1400000US36061022400,30667.0,7517.0,584.0,4650.0,178.0,1886.0,7439.0,2253.0,061,Manhattan,0.07769056804576294,0.6185978448849275,0.25089796461354263,0.023679659438605827,0.9223094319542371,0.3028632880763544,0.0,Q1 lowest,Q4
36061022600,152983,1400000US36061022600,58596.0,5400.0,1085.0,2022.0,241.0,1844.0,5383.0,1346.0,061,Manhattan,0.20092592592592592,0.37444444444444447,0.3414814814814815,0.04462962962962963,0.799074074074074,0.25004644250417984,0.0,Q2,Q3
36061022800,180633,1400000US36061022800,85050.0,6542.0,699.0,4173.0,112.0,1216.0,6527.0,1123.0,061,Manhattan,0.10684805869764598,0.6378783246713543,0.18587587893610516,0.01712014674411495,0.893151941302354,0.17205454266891373,0.0,Q3,Q4
36061022900,211053,1400000US36061022900,58924.0,9177.0,1664.0,1574.0,141.0,5565.0,9177.0,2478.0,061,Manhattan,0.18132287239838726,0.17151574588645527,0.6064073226544623,0.015364498202026806,0.8186771276016127,0.2700228832951945,0.0,Q2,Q3
36061023000,173688,1400000US36061023000,34890.0,8803.0,416.0,5463.0,493.0,2075.0,8759.0,2651.0,061,Manhattan,0.0472566170623651,0.6205838918550494,0.23571509712597977,0.05600363512438941,0.9527433829376349,0.3026601210183811,0.0,Q1 lowest,Q4
36047152200,389861,1400000US36047152200,224808.0,3407.0,1554.0,393.0,756.0,398.0,3406.0,109.0,047,Brooklyn,0.4561197534487819,0.11535074845905488,0.11681831523334311,0.22189609627238038,0.543880246551218,0.032002348796241926,0.0,Q5 highest,Q2
36005009302,1763432,1400000US36005009302,,463.0,56.0,205.0,16.0,186.0,0.0,0.0,005,Bronx,0.12095032397408208,0.4427645788336933,0.4017278617710583,0.03455723542116631,0.8790496760259179,,405.25761702746064,,Q4
36005009301,570768,1400000US36005009301,47185.0,5066.0,153.0,1248.0,0.0,3665.0,4960.0,1316.0,005,Bronx,0.030201342281879196,0.2463482037110146,0.7234504540071062,0.0,0.9697986577181208,0.2653225806451613,0.0,Q1 lowest,Q4
36005011701,221690,1400000US36005011701,33967.0,1509.0,6.0,361.0,0.0,1105.0,1509.0,513.0,005,Bronx,0.003976143141153081,0.2392312789927104,0.7322730284956925,0.0,0.9960238568588469,0.3399602385685885,1159.581395871492,Q1 lowest,Q5 most POC
36005051601,1071353,1400000US36005051601,129109.0,4292.0,2842.0,31.0,105.0,1240.0,4292.0,182.0,005,Bronx,0.6621621621621622,0.007222739981360671,0.28890959925442683,0.0244641192917055,0.33783783783783783,0.042404473438956196,0.0,Q5 highest,Q1 least POC
36005001902,469741,1400000US36005001902,67375.0,1883.0,202.0,356.0,9.0,876.0,1814.0,586.0,005,Bronx,0.10727562400424855,0.18906001062134892,0.46521508231545405,0.004779607010090282,0.8927243759957515,0.3230429988974642,4998.803748504192,Q2,Q4
36047150200,319296,1400000US36047150200,128472.0,2730.0,2382.0,8.0,75.0,242.0,2730.0,65.0,047,Brooklyn,0.8725274725274725,0.0029304029304029304,0.08864468864468865,0.027472527472527472,0.12747252747252746,0.023809523809523808,264.89906816604895,Q5 highest,Q1 least POC
36005002001,199398,1400000US36005002001,24684.0,4461.0,27.0,1697.0,0.0,2309.0,4461.0,1847.0,005,Bronx,0.00605245460659045,0.38040798027348127,0.5175969513561982,0.0,0.9939475453934096,0.41403272808787267,0.0,Q1 lowest,Q5 most POC
36005002002,204892,1400000US36005002002,,3915.0,15.0,1041.0,0.0,2850.0,3747.0,1307.0,005,Bronx,0.0038314176245210726,0.26590038314176245,0.7279693486590039,0.0,0.9961685823754789,0.34881238323992525,1271.1505135306522,,Q5 most POC
36005018501,184081,1400000US36005018501,50177.0,2783.0,69.0,1278.0,0.0,1341.0,2783.0,906.0,005,Bronx,0.024793388429752067,0.45921667265540783,0.48185411426518143,0.0,0.9752066115702479,0.3255479698167445,0.0,Q1 lowest,Q5 most POC
36005046208,485072,1400000US36005046208,88817.0,5483.0,102.0,4086.0,13.0,1094.0,4799.0,531.0,005,Bronx,0.018602954586904977,0.7452124749224877,0.19952580703994163,0.0023709648002918113,0.981397045413095,0.1106480516774328,0.0,Q4,Q5 most POC
36005046207,188169,1400000US36005046207,69637.0,6671.0,199.0,4257.0,273.0,1822.0,6671.0,884.0,005,Bronx,0.02983061010343277,0.6381352121121271,0.27312247039424375,0.040923399790136414,0.9701693898965672,0.13251386598710838,0.0,Q2,Q4
36005043101,102989,1400000US36005043101,39792.0,5578.0,197.0,909.0,847.0,3504.0,5570.0,1964.0,005,Bronx,0.035317318035138046,0.16296163499462174,0.6281821441376838,0.1518465399784869,0.964682681964862,0.3526032315978456,0.0,Q1 lowest,Q4
36005046203,773906,1400000US36005046203,41371.0,7762.0,818.0,4362.0,12.0,2474.0,6765.0,934.0,005,Bronx,0.10538520999742335,0.5619685648028858,0.3187322854934295,0.001545993300695697,0.8946147900025767,0.13806356245380635,0.0,Q1 lowest,Q4
36005046209,462184,1400000US36005046209,31801.0,4966.0,0.0,3296.0,5.0,1611.0,4966.0,2114.0,005,Bronx,0.0,0.6637132501006846,0.32440596053161497,0.0010068465565847766,1.0,0.4256947241240435,0.0,Q1 lowest,Q5 most POC
36005048401,504791,1400000US36005048401,82451.0,3815.0,81.0,3093.0,0.0,483.0,3785.0,201.0,005,Bronx,0.021231979030144166,0.8107470511140236,0.12660550458715597,0.0,0.9787680209698558,0.05310435931307794,0.0,Q3,Q5 most POC
36005046205,874547,1400000US36005046205,46401.0,2702.0,57.0,1432.0,197.0,1016.0,2702.0,254.0,005,Bronx,0.021095484826054774,0.5299777942264989,0.3760177646188009,0.07290895632864544,0.9789045151739453,0.09400444115470022,0.0,Q1 lowest,Q5 most POC
36005006301,782166,1400000US36005006301,55396.0,5845.0,899.0,1775.0,135.0,2987.0,5845.0,1574.0,005,Bronx,0.15380667236954662,0.30367835757057315,0.5110350727117194,0.023096663815226688,0.8461933276304534,0.26928999144568005,112.2310263412858,Q2,Q3
36005030202,182914,1400000US36005030202,59107.0,5417.0,156.0,3841.0,1.0,1314.0,5412.0,526.0,005,Bronx,0.02879822780136607,0.7090640575964556,0.24256968801919881,0.00018460402436773122,0.9712017721986339,0.09719142645971915,0.0,Q2,Q5 most POC
36005043102,111588,1400000US36005043102,38569.0,4532.0,350.0,1247.0,42.0,2887.0,4144.0,1211.0,005,Bronx,0.07722859664607237,0.2751544571932921,0.6370255957634599,0.009267431597528684,0.9227714033539276,0.2922297297297297,0.0,Q1 lowest,Q4
36005030201,221596,1400000US36005030201,68948.0,3522.0,100.0,1876.0,0.0,1338.0,3522.0,371.0,005,Bronx,0.028392958546280524,0.5326519023282226,0.3798977853492334,0.0,0.9716070414537195,0.10533787620670074,0.0,Q2,Q5 most POC
36005038303,76304,1400000US36005038303,26837.0,3730.0,0.0,1641.0,0.0,2037.0,3716.0,1251.0,005,Bronx,0.0,0.43994638069705094,0.546112600536193,0.0,1.0,0.3366523143164693,0.0,Q1 lowest,Q5 most POC
36005018502,227602,1400000US36005018502,21635.0,6314.0,172.0,2269.0,0.0,3527.0,6241.0,2827.0,005,Bronx,0.027241051631295535,0.35936015204307886,0.5585999366487171,0.0,0.9727589483687045,0.45297228008331997,708.2148544109311,Q1 lowest,Q5 most POC
36005046204,136713,1400000US36005046204,73104.0,6483.0,153.0,3755.0,431.0,2046.0,6474.0,678.0,005,Bronx,0.023600185099490977,0.5792071571803178,0.3155946321147617,0.06648156717569027,0.976399814900509,0.10472659870250231,0.0,Q3,Q5 most POC
36005046206,69361,1400000US36005046206,48475.0,4094.0,130.0,2359.0,90.0,1017.0,4094.0,233.0,005,Bronx,0.03175378602833415,0.576209086468002,0.2484123106985833,0.021983390327308255,0.9682462139716659,0.05691255495847582,0.0,Q1 lowest,Q4
36005038304,69385,1400000US36005038304,20625.0,2138.0,17.0,733.0,0.0,1261.0,2138.0,1077.0,005,Bronx,0.007951356407857811,0.34284377923292797,0.5898035547240411,0.0,0.9920486435921422,0.5037418147801683,1023.1027237135102,Q1 lowest,Q5 most POC
36005001901,205007,1400000US36005001901,49500.0,2181.0,306.0,942.0,0.0,842.0,2178.0,623.0,005,Bronx,0.14030261348005502,0.43191196698762035,0.38606143970655665,0.0,0.859697386519945,0.2860422405876951,463.6790425689233,Q1 lowest,Q3
36085012805,1006608,1400000US36085012805,123679.0,2348.0,1903.0,11.0,355.0,58.0,2348.0,195.0,085,Staten Island,0.8104770017035775,0.004684838160136286,0.024701873935264053,0.1511925042589438,0.1895229982964225,0.08304940374787052,0.0,Q5 highest,Q1 least POC
36085019800,5586388,1400000US36085019800,122321.0,7482.0,5911.0,77.0,505.0,875.0,7474.0,464.0,085,Staten Island,0.7900294039026998,0.01029136594493451,0.1169473402833467,0.06749532210638867,0.20997059609730018,0.06208188386406208,0.0,Q5 highest,Q1 least POC
36085014607,683480,1400000US36085014607,119500.0,4926.0,3987.0,4.0,425.0,448.0,4926.0,568.0,085,Staten Island,0.8093788063337394,0.0008120178643930166,0.09094600081201787,0.08627689809175802,0.19062119366626062,0.11530653674380836,0.0,Q5 highest,Q1 least POC
36005006100,242785,1400000US36005006100,66430.0,3868.0,52.0,3034.0,29.0,743.0,3841.0,495.0,005,Bronx,0.01344364012409514,0.7843846949327818,0.1920889348500517,0.00749741468459152,0.9865563598759048,0.1288726894038011,0.0,Q2,Q5 most POC
36005006400,167185,1400000US36005006400,24730.0,3928.0,120.0,1342.0,82.0,2240.0,3898.0,1657.0,005,Bronx,0.03054989816700611,0.34164969450101834,0.570264765784114,0.020875763747454174,0.9694501018329938,0.42508978963571065,0.0,Q1 lowest,Q4
36005006700,212429,1400000US36005006700,17390.0,6777.0,26.0,1183.0,0.0,5358.0,6777.0,3595.0,005,Bronx,0.003836505828537701,0.1745610151984654,0.7906153165117309,0.0,0.9961634941714623,0.5304707097535782,0.0,Q1 lowest,Q5 most POC
36005006800,154374,1400000US36005006800,29844.0,2493.0,0.0,328.0,322.0,1507.0,2493.0,858.0,005,Bronx,0.0,0.13156839149618932,0.6044925792218211,0.1291616526273566,1.0,0.34416365824308065,0.0,Q1 lowest,Q5 most POC
36005007000,204891,1400000US36005007000,57905.0,3869.0,212.0,885.0,253.0,1966.0,3860.0,1133.0,005,Bronx,0.0547945205479452,0.22874127681571466,0.508141638666322,0.06539157405014216,0.9452054794520548,0.2935233160621762,0.0,Q2,Q4
36005007100,264262,1400000US36005007100,44792.0,2872.0,42.0,829.0,82.0,1905.0,2855.0,503.0,005,Bronx,0.014623955431754874,0.2886490250696379,0.6633008356545961,0.028551532033426183,0.9853760445682451,0.17618213660245183,0.22038646151642968,Q1 lowest,Q5 most POC
36005007300,140161,1400000US36005007300,28166.0,4444.0,15.0,1338.0,78.0,2844.0,4425.0,1547.0,005,Bronx,0.0033753375337533752,0.3010801080108011,0.63996399639964,0.01755175517551755,0.9966246624662466,0.3496045197740113,1056.6777848187098,Q1 lowest,Q5 most POC
36005007500,227622,1400000US36005007500,34484.0,6670.0,0.0,1939.0,56.0,4562.0,6670.0,2183.0,005,Bronx,0.0,0.29070464767616194,0.6839580209895052,0.008395802098950524,1.0,0.3272863568215892,228.2448353713553,Q1 lowest,Q5 most POC
36005007700,112816,1400000US36005007700,48846.0,2166.0,49.0,284.0,28.0,1799.0,2161.0,475.0,005,Bronx,0.022622345337026777,0.13111726685133887,0.8305632502308402,0.012927054478301015,0.9773776546629732,0.2198056455344748,543.6645938728238,Q1 lowest,Q5 most POC
36005007800,311879,1400000US36005007800,61328.0,6241.0,230.0,1439.0,490.0,3224.0,6201.0,1414.0,005,Bronx,0.03685306841852267,0.23057202371414837,0.5165838807883352,0.07851305880467874,0.9631469315814774,0.22802773746169971,0.0,Q2,Q4
36005007900,197934,1400000US36005007900,34604.0,7086.0,17.0,1471.0,0.0,5505.0,7038.0,2222.0,005,Bronx,0.0023990968106124754,0.20759243578887948,0.7768839966130398,0.0,0.9976009031893875,0.315714691673771,99.88225308540218,Q1 lowest,Q5 most POC
36005008400,156789,1400000US36005008400,67724.0,2811.0,71.0,865.0,249.0,1626.0,2811.0,146.0,005,Bronx,0.025257915332621842,0.30771967271433653,0.5784418356456777,0.08858057630736393,0.9747420846673781,0.05193881181074351,0.0,Q2,Q5 most POC
36005019700,148088,1400000US36005019700,34871.0,7830.0,69.0,1289.0,262.0,6163.0,7652.0,3880.0,005,Bronx,0.008812260536398468,0.16462324393358876,0.7871008939974458,0.0334610472541507,0.9911877394636015,0.5070569785676947,0.0,Q1 lowest,Q5 most POC
36047114400,429912,1400000US36047114400,77957.0,2841.0,54.0,1653.0,47.0,1043.0,2841.0,1167.0,047,Brooklyn,0.01900739176346357,0.5818373812038015,0.3671242520239352,0.016543470608940514,0.9809926082365364,0.41077085533262936,0.0,Q3,Q5 most POC
36005019900,177088,1400000US36005019900,35139.0,7496.0,116.0,2553.0,0.0,4571.0,7443.0,2515.0,005,Bronx,0.015474919957310566,0.34058164354322307,0.6097918890074706,0.0,0.9845250800426895,0.33790138385059787,693.2829007872508,Q1 lowest,Q5 most POC
36005020100,281809,1400000US36005020100,37433.0,3868.0,81.0,1190.0,18.0,2564.0,3855.0,1585.0,005,Bronx,0.02094105480868666,0.30765253360910033,0.6628748707342296,0.004653567735263702,0.9790589451913133,0.41115434500648507,466.0970447979189,Q1 lowest,Q5 most POC
36047015200,268135,1400000US36047015200,87667.0,2638.0,1311.0,146.0,669.0,502.0,2494.0,326.0,047,Brooklyn,0.49696739954510993,0.05534495830174375,0.19029567854435178,0.25360121304018196,0.5030326004548901,0.13071371291098638,1169.261815653169,Q3,Q2
36005021200,101019,1400000US36005021200,66329.0,4975.0,41.0,1573.0,1659.0,1598.0,4919.0,892.0,005,Bronx,0.008241206030150754,0.31618090452261305,0.3212060301507538,0.3334673366834171,0.9917587939698492,0.18133767025818257,0.0,Q2,Q5 most POC
36005021301,62053,1400000US36005021301,34470.0,1323.0,11.0,358.0,0.0,954.0,1323.0,263.0,005,Bronx,0.008314436885865457,0.2705971277399849,0.7210884353741497,0.0,0.9916855631141346,0.19879062736205594,778.0525288321279,Q1 lowest,Q5 most POC
36005021302,169266,1400000US36005021302,23639.0,5947.0,4.0,2384.0,23.0,3401.0,5947.0,3050.0,005,Bronx,0.0006726080376660501,0.4008743904489659,0.5718849840255591,0.003867496216579788,0.999327391962334,0.5128636287203632,1748.7146554421752,Q1 lowest,Q5 most POC
36005021501,91954,1400000US36005021501,39756.0,4665.0,218.0,674.0,118.0,3638.0,4484.0,1802.0,005,Bronx,0.04673097534833869,0.1444801714898178,0.779849946409432,0.025294748124330118,0.9532690246516613,0.40187332738626225,1958.4876979862045,Q1 lowest,Q4
36005021502,155727,1400000US36005021502,19904.0,6986.0,8.0,1604.0,1.0,5242.0,6601.0,2857.0,005,Bronx,0.001145147437732608,0.22960206126538793,0.7503578585742915,0.000143143429716576,0.9988548525622674,0.4328132101196788,2161.761136891176,Q1 lowest,Q5 most POC
36005021602,165492,1400000US36005021602,60286.0,6093.0,168.0,1707.0,2085.0,1790.0,6058.0,1106.0,005,Bronx,0.027572624322993598,0.28015755785327423,0.2937797472509437,0.34219596258000984,0.9724273756770064,0.18256850445691647,0.0,Q2,Q5 most POC
36005021800,299889,1400000US36005021800,55804.0,6037.0,220.0,914.0,289.0,4323.0,6006.0,1793.0,005,Bronx,0.03644194136160345,0.15139970183866158,0.7160841477555077,0.047871459334106345,0.9635580586383965,0.29853479853479853,0.0,Q2,Q4
36005021900,142939,1400000US36005021900,45906.0,949.0,19.0,153.0,32.0,745.0,922.0,227.0,005,Bronx,0.020021074815595362,0.1612223393045311,0.7850368809272918,0.03371970495258166,0.9799789251844047,0.24620390455531455,1554.1462591340987,Q1 lowest,Q5 most POC
36005022000,228610,1400000US36005022000,32174.0,2142.0,0.0,458.0,98.0,1574.0,2063.0,1039.0,005,Bronx,0.0,0.2138188608776844,0.734827264239029,0.0457516339869281,1.0,0.5036354823073195,0.0,Q1 lowest,Q5 most POC
36047056100,338520,1400000US36047056100,146250.0,3646.0,2544.0,70.0,179.0,506.0,3607.0,217.0,047,Brooklyn,0.6977509599561162,0.019199122325836534,0.1387822270981898,0.04909489851892485,0.30224904004388375,0.06016079844746327,2389.37159478413,Q5 highest,Q1 least POC
36005022300,92765,1400000US36005022300,33646.0,5447.0,83.0,649.0,5.0,4553.0,5256.0,1489.0,005,Bronx,0.015237745548008079,0.11914815494767762,0.8358729575913347,0.0009179364787956673,0.984762254451992,0.2832952815829528,0.0,Q1 lowest,Q5 most POC
36005022401,85053,1400000US36005022401,63571.0,2640.0,337.0,346.0,302.0,1608.0,2623.0,281.0,005,Bronx,0.12765151515151515,0.13106060606060607,0.6090909090909091,0.1143939393939394,0.8723484848484848,0.10712924132672512,0.0,Q2,Q4
36005022500,180022,1400000US36005022500,52834.0,9093.0,578.0,1244.0,76.0,7104.0,8888.0,2464.0,005,Bronx,0.0635653799626086,0.13680853403717144,0.7812603101286704,0.008358077642142307,0.9364346200373914,0.27722772277227725,0.0,Q2,Q4
36005022702,47372,1400000US36005022702,27165.0,1449.0,0.0,264.0,6.0,1099.0,1449.0,743.0,005,Bronx,0.0,0.18219461697722567,0.7584541062801933,0.004140786749482402,1.0,0.5127674258109041,0.0,Q1 lowest,Q5 most POC
36047092400,251687,1400000US36047092400,33586.0,2593.0,122.0,2160.0,0.0,234.0,2557.0,827.0,047,Brooklyn,0.047049749325106055,0.8330119552641728,0.09024296182028538,0.0,0.9529502506748939,0.3234258897145092,0.0,Q1 lowest,Q4
36005036901,98732,1400000US36005036901,25469.0,2036.0,18.0,458.0,0.0,1512.0,2023.0,847.0,005,Bronx,0.008840864440078585,0.224950884086444,0.7426326129666012,0.0,0.9911591355599214,0.4186851211072664,0.0,Q1 lowest,Q5 most POC
36047000501,83724,1400000US36047000501,140795.0,4432.0,2934.0,208.0,610.0,502.0,3243.0,206.0,047,Brooklyn,0.6620036101083032,0.04693140794223827,0.11326714801444043,0.13763537906137185,0.3379963898916968,0.06352143077397472,0.0,Q5 highest,Q1 least POC
36005036400,203683,1400000US36005036400,62188.0,2489.0,7.0,2268.0,0.0,136.0,2489.0,176.0,005,Bronx,0.002812374447569305,0.9112093210124548,0.05464041783848935,0.0,0.9971876255524307,0.07071112896745681,0.0,Q2,Q5 most POC
36005007200,213050,1400000US36005007200,63449.0,6176.0,347.0,664.0,2591.0,2314.0,6159.0,1004.0,005,Bronx,0.05618523316062176,0.10751295336787564,0.3746761658031088,0.41952720207253885,0.9438147668393783,0.16301347621367104,0.0,Q2,Q4
36005012101,115615,1400000US36005012101,55000.0,3415.0,34.0,996.0,19.0,2300.0,3380.0,1000.0,005,Bronx,0.009956076134699853,0.2916544655929722,0.6734992679355783,0.005563689604685213,0.9900439238653002,0.2958579881656805,762.3204993597741,Q2,Q5 most POC
36005000200,448105,1400000US36005000200,115064.0,4870.0,83.0,1281.0,299.0,3109.0,4870.0,688.0,005,Bronx,0.017043121149897332,0.26303901437371663,0.6383983572895278,0.06139630390143737,0.9829568788501026,0.14127310061601642,953.3352781022829,Q5 highest,Q5 most POC
36047035601,67890,1400000US36047035601,30450.0,2725.0,2620.0,28.0,20.0,0.0,2725.0,514.0,047,Brooklyn,0.9614678899082569,0.010275229357798165,0.0,0.007339449541284404,0.038532110091743066,0.18862385321100916,0.0,Q1 lowest,Q1 least POC
36005005400,196516,1400000US36005005400,48750.0,5715.0,31.0,1244.0,131.0,3987.0,5715.0,1559.0,005,Bronx,0.005424321959755031,0.21767279090113736,0.6976377952755906,0.022922134733158354,0.9945756780402449,0.2727909011373578,0.0,Q1 lowest,Q5 most POC
36047050801,78240,1400000US36047050801,68125.0,3919.0,328.0,2346.0,174.0,908.0,3918.0,759.0,047,Brooklyn,0.08369482010717019,0.5986220974738453,0.2316917581015565,0.044399081398315894,0.9163051798928298,0.19372128637059724,0.0,Q2,Q4
36005002701,81584,1400000US36005002701,21427.0,3335.0,16.0,917.0,16.0,2386.0,3270.0,1806.0,005,Bronx,0.0047976011994002995,0.27496251874062966,0.7154422788605698,0.0047976011994002995,0.9952023988005997,0.5522935779816514,0.0,Q1 lowest,Q5 most POC
36005006200,194004,1400000US36005006200,30236.0,6217.0,82.0,1875.0,0.0,4260.0,6217.0,2335.0,005,Bronx,0.013189641306096189,0.3015924079137848,0.685217950780119,0.0,0.9868103586939038,0.3755830786553,0.0,Q1 lowest,Q5 most POC
36005028700,155302,1400000US36005028700,68370.0,3330.0,604.0,133.0,197.0,2260.0,3329.0,329.0,005,Bronx,0.18138138138138138,0.03993993993993994,0.6786786786786787,0.05915915915915916,0.8186186186186186,0.09882847702012616,0.0,Q2,Q3
36047051001,76942,1400000US36047051001,57464.0,4987.0,256.0,3808.0,181.0,567.0,4987.0,1017.0,047,Brooklyn,0.051333467014237015,0.7635853218367756,0.11369560858231402,0.03629436534990976,0.948666532985763,0.20393021856827753,0.0,Q2,Q4
36005023100,117143,1400000US36005023100,55179.0,1675.0,91.0,863.0,24.0,696.0,1538.0,438.0,005,Bronx,0.05432835820895522,0.515223880597015,0.4155223880597015,0.014328358208955224,0.9456716417910448,0.2847854356306892,823.9031245822862,Q2,Q4
36005024100,134661,1400000US36005024100,45425.0,6473.0,287.0,1797.0,149.0,3935.0,6465.0,1446.0,005,Bronx,0.04433801946547196,0.2776147072454812,0.607909779082342,0.023018693032596942,0.955661980534528,0.22366589327146172,0.0,Q1 lowest,Q4
36047051602,91134,1400000US36047051602,66875.0,3829.0,272.0,2588.0,38.0,863.0,3661.0,413.0,047,Brooklyn,0.07103682423609298,0.6758944894228258,0.2253852180726038,0.009924262209454165,0.928963175763907,0.11281070745697896,0.0,Q2,Q4
36047079601,110399,1400000US36047079601,69223.0,3464.0,1099.0,1595.0,133.0,431.0,3464.0,629.0,047,Brooklyn,0.31726327944572746,0.46045034642032334,0.12442263279445727,0.038394919168591224,0.6827367205542725,0.18158198614318707,0.0,Q2,Q3
36047079602,134996,1400000US36047079602,74769.0,5805.0,707.0,2953.0,372.0,1498.0,5805.0,849.0,047,Brooklyn,0.12179155900086133,0.5086993970714901,0.2580534022394487,0.0640826873385013,0.8782084409991386,0.1462532299741602,0.0,Q3,Q4
36005038200,157168,1400000US36005038200,73077.0,2879.0,68.0,1852.0,80.0,851.0,2860.0,520.0,005,Bronx,0.023619312261201807,0.6432789162903786,0.2955887460923932,0.027787426189649182,0.9763806877387982,0.18181818181818182,0.0,Q3,Q5 most POC
36005039600,223225,1400000US36005039600,41547.0,4205.0,162.0,2405.0,155.0,1390.0,4200.0,849.0,005,Bronx,0.03852556480380499,0.5719381688466112,0.33055885850178357,0.036860879904875146,0.961474435196195,0.20214285714285715,1217.0164055004013,Q1 lowest,Q4
36005041500,135858,1400000US36005041500,42188.0,5627.0,537.0,635.0,369.0,4076.0,5591.0,1358.0,005,Bronx,0.09543273502754576,0.11284876488359695,0.7243646703394349,0.06557668384574374,0.9045672649724542,0.2428903595063495,0.0,Q1 lowest,Q4
36005042901,102256,1400000US36005042901,41658.0,3048.0,230.0,340.0,702.0,1729.0,3046.0,925.0,005,Bronx,0.07545931758530183,0.1115485564304462,0.5672572178477691,0.23031496062992127,0.9245406824146982,0.3036769533814839,0.0,Q1 lowest,Q4
36005044901,158135,1400000US36005044901,98007.0,1815.0,1238.0,66.0,21.0,445.0,1815.0,100.0,005,Bronx,0.6820936639118458,0.03636363636363636,0.24517906336088155,0.011570247933884297,0.3179063360881542,0.05509641873278237,0.0,Q4,Q1 least POC
36005000100,1677210,1400000US36005000100,,4446.0,1098.0,2000.0,123.0,1172.0,0.0,0.0,005,Bronx,0.24696356275303644,0.449842555105713,0.2636077372919478,0.02766531713900135,0.7530364372469636,,0.0,,Q3
36005000400,775416,1400000US36005000400,100553.0,6257.0,283.0,1559.0,103.0,4212.0,6257.0,378.0,005,Bronx,0.04522934313568803,0.24916093974748282,0.6731660540194981,0.01646156304938469,0.954770656864312,0.060412338181237014,589.1125989815021,Q4,Q4
36005001600,485078,1400000US36005001600,41362.0,6177.0,106.0,2132.0,148.0,3507.0,5961.0,893.0,005,Bronx,0.017160433867573256,0.34515136797798285,0.5677513355998057,0.0239598510603853,0.9828395661324267,0.1498070793491025,1928.182712011477,Q1 lowest,Q5 most POC
36005008500,181656,1400000US36005008500,34543.0,5746.0,65.0,1393.0,129.0,3907.0,5673.0,2030.0,005,Bronx,0.011312217194570135,0.2424295161851723,0.679951270449008,0.022450400278454578,0.9886877828054299,0.3578353604794641,272.266561515543,Q1 lowest,Q5 most POC
36005013000,116144,1400000US36005013000,59083.0,1262.0,283.0,37.0,21.0,921.0,1262.0,343.0,005,Bronx,0.22424722662440572,0.029318541996830427,0.7297939778129953,0.01664025356576862,0.7757527733755942,0.27179080824088747,0.0,Q2,Q3
36005013200,604268,1400000US36005013200,104651.0,7249.0,1706.0,1288.0,559.0,3618.0,7249.0,720.0,005,Bronx,0.23534280590426265,0.17767967995585598,0.4991033245964961,0.07711408470133811,0.7646571940957374,0.09932404469582011,0.0,Q4,Q3
36005013500,167401,1400000US36005013500,27602.0,3125.0,69.0,1393.0,49.0,1585.0,3125.0,1357.0,005,Bronx,0.02208,0.44576,0.5072,0.01568,0.97792,0.43424,2527.5023142841765,Q1 lowest,Q5 most POC
36005013800,765354,1400000US36005013800,84042.0,2969.0,1176.0,145.0,380.0,1222.0,2969.0,376.0,005,Bronx,0.3960929605927922,0.048837992590097676,0.41158639272482317,0.12798922196025597,0.6039070394072078,0.12664196699225327,0.0,Q3,Q2
36005014300,129711,1400000US36005014300,16678.0,1715.0,0.0,549.0,112.0,958.0,1690.0,703.0,005,Bronx,0.0,0.3201166180758018,0.558600583090379,0.0653061224489796,1.0,0.41597633136094675,0.0,Q1 lowest,Q5 most POC
36005014400,401253,1400000US36005014400,29213.0,6253.0,118.0,1875.0,35.0,4000.0,6158.0,1847.0,005,Bronx,0.018870941947865025,0.2998560690868383,0.6396929473852551,0.005597313289620982,0.981129058052135,0.29993504384540437,0.0,Q1 lowest,Q5 most POC
36005014900,155991,1400000US36005014900,41311.0,4917.0,174.0,1505.0,0.0,2907.0,4745.0,1768.0,005,Bronx,0.035387431360585725,0.3060809436648363,0.5912141549725443,0.0,0.9646125686394142,0.3726027397260274,0.0,Q1 lowest,Q4
36005015100,208933,1400000US36005015100,28618.0,5143.0,16.0,2811.0,0.0,2270.0,5046.0,2107.0,005,Bronx,0.003111024693758507,0.5465681508846977,0.44137662842698816,0.0,0.9968889753062415,0.4175584621482362,0.0,Q1 lowest,Q5 most POC
36005015500,114981,1400000US36005015500,37168.0,2943.0,50.0,901.0,32.0,1935.0,2943.0,681.0,005,Bronx,0.016989466530750934,0.3061501868841318,0.6574923547400612,0.010873258579680599,0.983010533469249,0.23139653414882771,0.0,Q1 lowest,Q5 most POC
36005016000,494499,1400000US36005016000,96838.0,3903.0,2428.0,32.0,84.0,1293.0,3903.0,296.0,005,Bronx,0.6220855751985652,0.008198821419420958,0.3312836279784781,0.021521906225980016,0.3779144248014348,0.07583909812964386,0.0,Q4,Q1 least POC
36005016100,239125,1400000US36005016100,22286.0,4490.0,180.0,1335.0,0.0,2880.0,4490.0,1767.0,005,Bronx,0.0400890868596882,0.2973273942093541,0.6414253897550112,0.0,0.9599109131403119,0.3935412026726058,0.0,Q1 lowest,Q4
36005016200,180646,1400000US36005016200,115278.0,1826.0,595.0,160.0,121.0,883.0,1649.0,100.0,005,Bronx,0.3258488499452355,0.08762322015334063,0.4835706462212486,0.06626506024096386,0.6741511500547646,0.06064281382656155,0.0,Q5 highest,Q3
36005016500,196842,1400000US36005016500,46179.0,1134.0,4.0,673.0,0.0,418.0,1134.0,271.0,005,Bronx,0.003527336860670194,0.5934744268077602,0.36860670194003525,0.0,0.9964726631393298,0.23897707231040563,1458.756851096306,Q1 lowest,Q5 most POC
36005008900,110291,1400000US36005008900,41484.0,3239.0,26.0,393.0,0.0,2677.0,3230.0,598.0,005,Bronx,0.00802716887928373,0.12133374498301945,0.8264896573016363,0.0,0.9919728311207163,0.1851393188854489,0.0,Q1 lowest,Q5 most POC
36047093200,280436,1400000US36047093200,36042.0,1576.0,52.0,1255.0,21.0,231.0,1576.0,339.0,047,Brooklyn,0.03299492385786802,0.7963197969543148,0.14657360406091371,0.0133248730964467,0.9670050761421319,0.2151015228426396,0.0,Q1 lowest,Q4
36005009200,310475,1400000US36005009200,56208.0,5959.0,362.0,644.0,1173.0,3549.0,5959.0,1313.0,005,Bronx,0.06074844772612854,0.1080718241315657,0.5955697264641718,0.19684510823963752,0.9392515522738715,0.22033898305084745,0.0,Q2,Q4
36047110400,742525,1400000US36047110400,62143.0,5072.0,57.0,3469.0,2.0,1136.0,5051.0,1034.0,047,Brooklyn,0.011238170347003154,0.6839511041009464,0.22397476340694006,0.0003943217665615142,0.9887618296529969,0.20471193823005346,4010.225096035491,Q2,Q5 most POC
36005009800,517450,1400000US36005009800,56128.0,4715.0,177.0,759.0,290.0,2987.0,4458.0,819.0,005,Bronx,0.037539766702014844,0.16097560975609757,0.6335100742311771,0.061505832449628844,0.9624602332979851,0.18371467025572005,2580.2749635326254,Q2,Q4
36047016600,266930,1400000US36047016600,130417.0,1830.0,1437.0,0.0,218.0,112.0,1830.0,80.0,047,Brooklyn,0.7852459016393443,0.0,0.06120218579234973,0.11912568306010929,0.21475409836065573,0.04371584699453552,0.0,Q5 highest,Q1 least POC
36005008600,187658,1400000US36005008600,23987.0,4304.0,40.0,1556.0,0.0,2374.0,4145.0,1752.0,005,Bronx,0.00929368029739777,0.36152416356877326,0.5515799256505576,0.0,0.9907063197026023,0.4226779252110977,860.1764316841563,Q1 lowest,Q5 most POC
36005008700,213574,1400000US36005008700,36402.0,6677.0,65.0,1313.0,0.0,5291.0,6555.0,2780.0,005,Bronx,0.00973491088812341,0.19664519994009286,0.7924217462932455,0.0,0.9902650891118766,0.4241037376048818,0.0,Q1 lowest,Q5 most POC
36005011502,336295,1400000US36005011502,28592.0,4242.0,31.0,1169.0,12.0,2965.0,4148.0,1758.0,005,Bronx,0.007307873644507308,0.2755775577557756,0.6989627534181989,0.002828854314002829,0.9926921263554926,0.42381870781099323,374.8899546579005,Q1 lowest,Q5 most POC
36047111600,499698,1400000US36047111600,85011.0,3929.0,51.0,2883.0,0.0,916.0,3645.0,448.0,047,Brooklyn,0.012980402137948587,0.7337744973275643,0.2331382031051158,0.0,0.9870195978620514,0.12290809327846365,2735.92711830377,Q3,Q5 most POC
36047004400,419483,1400000US36047004400,135474.0,2269.0,1787.0,59.0,153.0,263.0,2269.0,107.0,047,Brooklyn,0.7875716174526223,0.02600264433671221,0.11591009255178493,0.06743058616130454,0.21242838254737773,0.04715733803437638,0.0,Q5 highest,Q1 least POC
36047030500,322516,1400000US36047030500,127313.0,7457.0,2766.0,2144.0,276.0,1667.0,7190.0,686.0,047,Brooklyn,0.3709266461043315,0.2875150864959099,0.22354834383800457,0.03701220329891377,0.6290733538956685,0.09541029207232267,0.0,Q5 highest,Q2
36005002300,104645,1400000US36005002300,19743.0,4528.0,7.0,1499.0,0.0,2972.0,4527.0,2141.0,005,Bronx,0.0015459363957597172,0.33105123674911663,0.6563604240282686,0.0,0.9984540636042403,0.47294013695604153,259.60481693032636,Q1 lowest,Q5 most POC
36005002500,127492,1400000US36005002500,27378.0,5642.0,305.0,1129.0,0.0,4146.0,5606.0,2494.0,005,Bronx,0.054058844381425025,0.2001063452676356,0.7348457993619284,0.0,0.945941155618575,0.4448804851944345,540.9418350267227,Q1 lowest,Q4
36005002702,155461,1400000US36005002702,29206.0,5000.0,7.0,1359.0,0.0,3578.0,4945.0,2176.0,005,Bronx,0.0014,0.2718,0.7156,0.0,0.9986,0.44004044489383215,846.6835894084855,Q1 lowest,Q5 most POC
36005002800,414588,1400000US36005002800,64308.0,5230.0,31.0,3359.0,0.0,1840.0,5193.0,130.0,005,Bronx,0.005927342256214149,0.6422562141491396,0.35181644359464626,0.0,0.9940726577437858,0.02503369921047564,0.0,Q2,Q5 most POC
36005003500,142005,1400000US36005003500,34185.0,3899.0,112.0,705.0,0.0,2980.0,3899.0,1046.0,005,Bronx,0.02872531418312388,0.18081559374198514,0.7642985380866889,0.0,0.9712746858168761,0.26827391638881765,1032.6088549484862,Q1 lowest,Q5 most POC
36005003700,165973,1400000US36005003700,,331.0,15.0,51.0,0.0,265.0,305.0,115.0,005,Bronx,0.045317220543806644,0.1540785498489426,0.8006042296072508,0.0,0.9546827794561934,0.3770491803278688,640.3589549861421,,Q4
36005003900,216210,1400000US36005003900,20640.0,6227.0,155.0,224.0,15.0,5765.0,6197.0,2078.0,005,Bronx,0.024891601092018628,0.0359723783523366,0.9258069696483058,0.0024088646218082543,0.9751083989079814,0.3353235436501533,802.5863844603016,Q1 lowest,Q5 most POC
36005004300,225395,1400000US36005004300,34890.0,5627.0,130.0,1294.0,0.0,4031.0,5611.0,1534.0,005,Bronx,0.023102896747822996,0.22996267993602273,0.7163675137728808,0.0,0.976897103252177,0.27339155230796647,781.5039129021344,Q1 lowest,Q5 most POC
36005004400,265579,1400000US36005004400,17319.0,4592.0,69.0,1318.0,159.0,2911.0,4413.0,2150.0,005,Bronx,0.015026132404181184,0.28702090592334495,0.6339285714285714,0.034625435540069686,0.9849738675958188,0.4871969181962384,1234.0794653511969,Q1 lowest,Q5 most POC
36005004800,150834,1400000US36005004800,34436.0,4261.0,23.0,644.0,102.0,3453.0,4251.0,1284.0,005,Bronx,0.005397793945083313,0.1511382304623328,0.8103731518422905,0.023938042712978173,0.9946022060549167,0.3020465772759351,0.0,Q1 lowest,Q5 most POC
36005016700,205837,1400000US36005016700,41500.0,3599.0,30.0,1431.0,0.0,2059.0,3420.0,1368.0,005,Bronx,0.008335648791330925,0.39761044734648515,0.5721033620450126,0.0,0.991664351208669,0.4,100.42948939865445,Q1 lowest,Q5 most POC
36005016900,92914,1400000US36005016900,50107.0,1894.0,13.0,835.0,0.0,935.0,1842.0,769.0,005,Bronx,0.006863780359028511,0.4408658922914467,0.49366420274551215,0.0,0.9931362196409715,0.4174809989142237,0.0,Q1 lowest,Q5 most POC
36005017300,165273,1400000US36005017300,17446.0,6411.0,351.0,2438.0,193.0,3337.0,6405.0,3082.0,005,Bronx,0.05474964904071128,0.3802838870691,0.5205116206520044,0.030104507877086257,0.9452503509592887,0.4811865729898517,0.0,Q1 lowest,Q4
36005016600,285689,1400000US36005016600,105764.0,2417.0,446.0,287.0,112.0,1458.0,2401.0,348.0,005,Bronx,0.18452627223831194,0.11874224244931733,0.6032271410839884,0.046338436077782375,0.815473727761688,0.14493960849645982,0.0,Q4,Q3
36005017500,151593,1400000US36005017500,26463.0,6116.0,253.0,2401.0,0.0,3441.0,6089.0,1852.0,005,Bronx,0.04136690647482014,0.39257684761281886,0.5626226291693918,0.0,0.9586330935251799,0.30415503366726887,0.0,Q1 lowest,Q4
36005018400,447412,1400000US36005018400,117819.0,4085.0,1492.0,81.0,499.0,2013.0,4085.0,366.0,005,Bronx,0.36523867809057525,0.019828641370869034,0.4927784577723378,0.12215422276621787,0.6347613219094248,0.08959608323133415,0.0,Q5 highest,Q2
36005018900,355570,1400000US36005018900,45770.0,8460.0,738.0,2468.0,63.0,4904.0,8257.0,2856.0,005,Bronx,0.08723404255319149,0.291725768321513,0.5796690307328605,0.007446808510638298,0.9127659574468086,0.3458883371684631,0.0,Q1 lowest,Q4
36005019300,241287,1400000US36005019300,38663.0,5933.0,107.0,2017.0,66.0,3550.0,5933.0,1494.0,005,Bronx,0.01803472105174448,0.33996291926512723,0.5983482218102141,0.011124220461823698,0.9819652789482555,0.2518118995449182,0.0,Q1 lowest,Q5 most POC
36005019400,840142,1400000US36005019400,70185.0,2070.0,313.0,293.0,199.0,1210.0,2070.0,419.0,005,Bronx,0.15120772946859903,0.14154589371980678,0.5845410628019324,0.09613526570048309,0.8487922705314009,0.20241545893719806,0.0,Q2,Q3
36085024401,2102132,1400000US36085024401,123626.0,5145.0,4571.0,0.0,79.0,428.0,5145.0,259.0,085,Staten Island,0.8884353741496599,0.0,0.08318756073858115,0.015354713313896987,0.1115646258503401,0.050340136054421766,0.0,Q5 highest,Q1 least POC
36005011800,989676,1400000US36005011800,109396.0,5798.0,3174.0,82.0,118.0,2338.0,4448.0,480.0,005,Bronx,0.5474301483270093,0.014142807864780959,0.403242497412901,0.020351845463953088,0.4525698516729907,0.1079136690647482,0.0,Q4,Q2
36005012102,49643,1400000US36005012102,43472.0,1337.0,0.0,269.0,0.0,1036.0,1328.0,308.0,005,Bronx,0.0,0.2011967090501122,0.774869109947644,0.0,1.0,0.2319277108433735,1031.604087079507,Q1 lowest,Q5 most POC
36005012300,303327,1400000US36005012300,47402.0,4915.0,0.0,2259.0,35.0,2621.0,4915.0,616.0,005,Bronx,0.0,0.4596134282807731,0.533265513733469,0.007121057985757884,1.0,0.12533062054933877,168.2671917125178,Q1 lowest,Q5 most POC
36005012500,169640,1400000US36005012500,51875.0,4030.0,43.0,700.0,0.0,3105.0,3986.0,1220.0,005,Bronx,0.010669975186104219,0.17369727047146402,0.7704714640198511,0.0,0.9893300248138958,0.30607124937280483,274.19645407257286,Q1 lowest,Q5 most POC
36005012701,108718,1400000US36005012701,44667.0,2460.0,9.0,444.0,10.0,1942.0,2424.0,702.0,005,Bronx,0.003658536585365854,0.18048780487804877,0.7894308943089431,0.0040650406504065045,0.9963414634146341,0.2896039603960396,897.5044862175989,Q1 lowest,Q5 most POC
36047076800,303359,1400000US36047076800,71250.0,3992.0,2797.0,52.0,754.0,253.0,3884.0,619.0,047,Brooklyn,0.7006513026052105,0.013026052104208416,0.06337675350701402,0.18887775551102204,0.29934869739478953,0.15937178166838312,0.0,Q3,Q1 least POC
36047094600,281769,1400000US36047094600,90750.0,2149.0,5.0,2005.0,40.0,60.0,2149.0,81.0,047,Brooklyn,0.002326663564448581,0.9329920893438809,0.02791996277338297,0.018613308515588647,0.9976733364355514,0.037691949744067005,0.0,Q4,Q5 most POC
36047119800,326903,1400000US36047119800,39940.0,3851.0,221.0,1087.0,31.0,2491.0,3623.0,1553.0,047,Brooklyn,0.05738769150869904,0.28226434692287716,0.6468449753310829,0.00804985717995326,0.942612308491301,0.42865028981507036,0.0,Q1 lowest,Q4
36005040900,825703,1400000US36005040900,58466.0,3460.0,566.0,2290.0,45.0,458.0,3460.0,179.0,005,Bronx,0.16358381502890174,0.661849710982659,0.13236994219653178,0.01300578034682081,0.8364161849710983,0.051734104046242776,0.0,Q2,Q3
36005041100,121611,1400000US36005041100,42484.0,3752.0,188.0,482.0,195.0,2800.0,3751.0,702.0,005,Bronx,0.050106609808102345,0.12846481876332622,0.746268656716418,0.05197228144989339,0.9498933901918977,0.1871500933084511,0.0,Q1 lowest,Q4
36005041300,173358,1400000US36005041300,62386.0,8232.0,847.0,747.0,216.0,6107.0,8197.0,1830.0,005,Bronx,0.10289115646258504,0.09074344023323615,0.7418610301263362,0.026239067055393587,0.8971088435374149,0.22325240941807978,0.0,Q2,Q4
36005041400,524367,1400000US36005041400,63603.0,4842.0,561.0,2653.0,220.0,943.0,4783.0,424.0,005,Bronx,0.11586121437422553,0.5479140850888062,0.19475423378769105,0.04543577034283354,0.8841387856257745,0.08864729249425048,1455.416261581354,Q2,Q4
36005041800,268871,1400000US36005041800,58090.0,3899.0,152.0,1700.0,198.0,1453.0,3880.0,621.0,005,Bronx,0.038984354962810976,0.4360092331367017,0.3726596563221339,0.05078225185945114,0.9610156450371891,0.16005154639175256,714.9588737093479,Q2,Q4
36005040800,124014,1400000US36005040800,35476.0,4907.0,376.0,1886.0,42.0,2101.0,4887.0,1113.0,005,Bronx,0.07662522926431628,0.38434888934175665,0.4281638475647035,0.008559201141226819,0.9233747707356837,0.22774708410067526,0.0,Q1 lowest,Q4
36005041900,325906,1400000US36005041900,49667.0,6320.0,285.0,727.0,953.0,3892.0,6305.0,1914.0,005,Bronx,0.04509493670886076,0.11503164556962026,0.6158227848101265,0.15079113924050633,0.9549050632911392,0.3035685963521015,2955.173617632387,Q1 lowest,Q4
36005042100,246182,1400000US36005042100,52714.0,5621.0,706.0,383.0,569.0,3914.0,5621.0,1480.0,005,Bronx,0.12560042697028997,0.06813734210994485,0.6963173812488881,0.10122753958370397,0.87439957302971,0.2632983454901263,0.0,Q2,Q4
36005042200,174693,1400000US36005042200,72091.0,2860.0,46.0,1785.0,257.0,679.0,2860.0,209.0,005,Bronx,0.016083916083916083,0.6241258741258742,0.23741258741258742,0.08986013986013985,0.9839160839160839,0.07307692307692308,838.7201915852099,Q3,Q5 most POC
36005042300,180376,1400000US36005042300,63723.0,4627.0,393.0,726.0,348.0,3008.0,4627.0,1050.0,005,Bronx,0.08493624378647072,0.15690512210935811,0.6500972552409768,0.07521071968878323,0.9150637562135293,0.22692889561270801,0.0,Q2,Q4
36005042400,175087,1400000US36005042400,97083.0,2682.0,56.0,1761.0,64.0,742.0,2449.0,205.0,005,Bronx,0.020879940343027592,0.656599552572707,0.2766592095451156,0.023862788963460103,0.9791200596569725,0.08370763576970192,0.0,Q4,Q5 most POC
36005042500,293818,1400000US36005042500,42839.0,5890.0,1166.0,439.0,585.0,3614.0,5757.0,1215.0,005,Bronx,0.19796264855687606,0.07453310696095077,0.6135823429541596,0.09932088285229201,0.8020373514431239,0.21104742053152684,2179.248310144907,Q1 lowest,Q3
36005042600,507577,1400000US36005042600,87763.0,6844.0,223.0,4685.0,324.0,1485.0,6735.0,655.0,005,Bronx,0.03258328462887201,0.6845412039742841,0.21697837521917007,0.04734073641145529,0.9674167153711279,0.09725315515961395,0.0,Q3,Q4
36005042902,94576,1400000US36005042902,48162.0,4043.0,234.0,1179.0,209.0,2400.0,3947.0,692.0,005,Bronx,0.05787781350482315,0.2916151372743013,0.5936186000494682,0.051694286420974525,0.9421221864951769,0.1753230301494806,0.0,Q1 lowest,Q4
36005043000,206163,1400000US36005043000,78482.0,3532.0,47.0,2323.0,158.0,463.0,3532.0,565.0,005,Bronx,0.013306908267270668,0.6577010192525481,0.1310872027180068,0.04473386183465459,0.9866930917327293,0.1599660249150623,0.0,Q3,Q5 most POC
36005035100,580468,1400000US36005035100,110513.0,3836.0,1624.0,255.0,48.0,1636.0,3020.0,281.0,005,Bronx,0.4233576642335766,0.0664754953076121,0.4264859228362878,0.01251303441084463,0.5766423357664234,0.09304635761589404,1613.3597689488795,Q4,Q2
36005035600,404361,1400000US36005035600,98523.0,2195.0,21.0,1773.0,9.0,333.0,2177.0,198.0,005,Bronx,0.009567198177676537,0.8077448747152619,0.15170842824601366,0.004100227790432802,0.9904328018223235,0.09095084979329353,0.0,Q4,Q5 most POC
36005035800,651471,1400000US36005035800,85804.0,7781.0,278.0,5326.0,19.0,1762.0,7691.0,978.0,005,Bronx,0.03572805551985606,0.6844878550314869,0.22644904253951934,0.0024418455211412415,0.964271944480144,0.12716161747497073,0.0,Q3,Q4
36005035900,134331,1400000US36005035900,24823.0,2814.0,56.0,723.0,0.0,1933.0,2779.0,1442.0,005,Bronx,0.01990049751243781,0.25692963752665243,0.6869225302061123,0.0,0.9800995024875622,0.5188916876574308,0.0,Q1 lowest,Q5 most POC
36005036100,164834,1400000US36005036100,24728.0,5672.0,8.0,1560.0,0.0,3910.0,5664.0,2942.0,005,Bronx,0.0014104372355430183,0.2750352609308886,0.6893511988716502,0.0,0.998589562764457,0.5194209039548022,1647.7248557368057,Q1 lowest,Q5 most POC
36005036300,221466,1400000US36005036300,26524.0,6601.0,264.0,1633.0,9.0,4631.0,6533.0,2775.0,005,Bronx,0.03999394031207393,0.24738675958188153,0.7015603696409635,0.0013634297833661567,0.9600060596879261,0.4247665697229451,2152.0394440611217,Q1 lowest,Q4
36005036502,97659,1400000US36005036502,31729.0,2600.0,22.0,865.0,0.0,1676.0,2562.0,1006.0,005,Bronx,0.008461538461538461,0.3326923076923077,0.6446153846153846,0.0,0.9915384615384616,0.39266198282591724,0.0,Q1 lowest,Q5 most POC
36005036700,93063,1400000US36005036700,,2440.0,29.0,635.0,107.0,1589.0,2289.0,842.0,005,Bronx,0.011885245901639344,0.26024590163934425,0.6512295081967213,0.043852459016393446,0.9881147540983607,0.36784622105723025,0.0,,Q5 most POC
36005036902,62406,1400000US36005036902,15000.0,2399.0,76.0,887.0,0.0,1436.0,2399.0,1342.0,005,Bronx,0.03167986661108795,0.3697373905794081,0.598582742809504,0.0,0.9683201333889121,0.5593997498957899,0.0,Q1 lowest,Q4
36005043600,154769,1400000US36005043600,60536.0,1891.0,105.0,1158.0,49.0,493.0,1891.0,409.0,005,Bronx,0.05552617662612375,0.612374405076679,0.2607086197778953,0.025912215758857746,0.9444738233738763,0.2162876784769963,0.0,Q2,Q4
36005044200,241833,1400000US36005044200,40089.0,3947.0,16.0,2725.0,14.0,866.0,3934.0,1528.0,005,Bronx,0.0040537116797567775,0.6903977704585761,0.21940714466683559,0.00354699771978718,0.9959462883202432,0.3884087442806304,0.0,Q1 lowest,Q5 most POC
36005044800,168089,1400000US36005044800,102250.0,2361.0,45.0,1945.0,0.0,269.0,2353.0,385.0,005,Bronx,0.01905972045743329,0.8238034731046167,0.11393477340110122,0.0,0.9809402795425667,0.16362090947726307,0.0,Q4,Q5 most POC
36005045102,205999,1400000US36005045102,93510.0,2027.0,1450.0,69.0,37.0,400.0,2027.0,81.0,005,Bronx,0.7153428712382832,0.034040453872718306,0.1973359644795264,0.018253576714356193,0.2846571287617168,0.03996053280710409,831.5474885430118,Q4,Q1 least POC
36005045800,239682,1400000US36005045800,27753.0,5315.0,12.0,2011.0,0.0,3121.0,5315.0,1883.0,005,Bronx,0.002257761053621825,0.3783631232361242,0.587206020696143,0.0,0.9977422389463781,0.35428033866415803,0.0,Q1 lowest,Q5 most POC
36005037200,186530,1400000US36005037200,68030.0,2264.0,43.0,949.0,91.0,1020.0,2261.0,315.0,005,Bronx,0.018992932862190812,0.4191696113074205,0.450530035335689,0.04019434628975265,0.9810070671378092,0.1393188854489164,0.0,Q2,Q5 most POC
36005037000,158885,1400000US36005037000,82039.0,2479.0,24.0,1745.0,208.0,379.0,2479.0,384.0,005,Bronx,0.009681323114158934,0.7039128680919726,0.15288422751109318,0.08390480032271078,0.9903186768858411,0.15490116982654295,0.0,Q3,Q5 most POC
36005037300,173453,1400000US36005037300,50232.0,6404.0,25.0,2243.0,0.0,4103.0,6322.0,2044.0,005,Bronx,0.0039038101186758276,0.3502498438475953,0.6406933166770769,0.0,0.9960961898813242,0.32331540651692503,1702.601402655787,Q1 lowest,Q5 most POC
36005037400,167070,1400000US36005037400,36398.0,3649.0,55.0,1467.0,46.0,1980.0,3620.0,1060.0,005,Bronx,0.015072622636338722,0.4020279528637983,0.5426144149081941,0.012606193477665114,0.9849273773636613,0.292817679558011,2768.5154595919375,Q1 lowest,Q5 most POC
36005004100,184732,1400000US36005004100,27328.0,6583.0,30.0,1896.0,56.0,4601.0,6560.0,2749.0,005,Bronx,0.004557192769254139,0.2880145830168616,0.6989214643779432,0.00850675983594106,0.9954428072307459,0.4190548780487805,775.8435258509367,Q1 lowest,Q5 most POC
36005011900,166999,1400000US36005011900,34335.0,6159.0,122.0,2092.0,0.0,3764.0,6128.0,1817.0,005,Bronx,0.019808410456242896,0.33966553011852574,0.6111381717811333,0.0,0.9801915895437571,0.29650783289817234,501.884738941312,Q1 lowest,Q5 most POC
36005024400,175718,1400000US36005024400,58603.0,2271.0,638.0,79.0,121.0,1326.0,2259.0,254.0,005,Bronx,0.2809335094671951,0.03478643769264641,0.583883751651255,0.05328049317481286,0.7190664905328049,0.11243913235945109,1803.8664553302087,Q2,Q3
36005031200,202061,1400000US36005031200,118529.0,1775.0,325.0,373.0,292.0,737.0,1725.0,69.0,005,Bronx,0.18309859154929578,0.21014084507042252,0.4152112676056338,0.1645070422535211,0.8169014084507042,0.04,0.0,Q5 highest,Q3
36005031400,211194,1400000US36005031400,115368.0,2244.0,427.0,233.0,251.0,1328.0,2066.0,63.0,005,Bronx,0.19028520499108734,0.10383244206773619,0.5918003565062389,0.11185383244206773,0.8097147950089126,0.03049370764762827,0.0,Q5 highest,Q3
36005032800,204675,1400000US36005032800,46648.0,4003.0,547.0,719.0,358.0,2247.0,4003.0,937.0,005,Bronx,0.13664751436422684,0.1796152885335998,0.5613290032475643,0.08943292530602048,0.8633524856357732,0.23407444416687484,0.0,Q1 lowest,Q3
36005039800,201856,1400000US36005039800,51629.0,3802.0,13.0,2682.0,0.0,992.0,3777.0,1023.0,005,Bronx,0.0034192530247238295,0.70541820094687,0.2609153077327722,0.0,0.9965807469752762,0.2708498808578237,0.0,Q1 lowest,Q5 most POC
36047088400,167059,1400000US36047088400,43347.0,5218.0,98.0,3731.0,33.0,270.0,5218.0,1625.0,047,Brooklyn,0.018781142200076657,0.7150249137600613,0.05174396320429283,0.006324262169413568,0.9812188577999233,0.3114220007665772,0.0,Q1 lowest,Q5 most POC
36047088600,179724,1400000US36047088600,48949.0,4034.0,88.0,3539.0,23.0,191.0,3989.0,841.0,047,Brooklyn,0.02181457610312345,0.8772930094199306,0.0473475458601884,0.005701536936043629,0.9781854238968766,0.2108297819002256,0.0,Q1 lowest,Q5 most POC
36047089000,248416,1400000US36047089000,62667.0,7269.0,170.0,6466.0,0.0,259.0,6604.0,1324.0,047,Brooklyn,0.023386985830237995,0.8895308845783464,0.03563076076489201,0.0,0.976613014169762,0.20048455481526348,0.0,Q2,Q5 most POC
36047089200,179663,1400000US36047089200,28697.0,2943.0,98.0,2461.0,0.0,283.0,2927.0,1263.0,047,Brooklyn,0.03329935440027183,0.836221542643561,0.09616038056405028,0.0,0.9667006455997281,0.4314998291766314,0.0,Q1 lowest,Q4
36047089400,172215,1400000US36047089400,51221.0,3412.0,34.0,3026.0,0.0,284.0,3405.0,1221.0,047,Brooklyn,0.00996483001172333,0.8868698710433763,0.08323563892145369,0.0,0.9900351699882767,0.3585903083700441,0.0,Q1 lowest,Q5 most POC
36047089600,149024,1400000US36047089600,33042.0,3615.0,20.0,2667.0,99.0,533.0,3615.0,1036.0,047,Brooklyn,0.005532503457814661,0.7377593360995851,0.14744121715076072,0.027385892116182572,0.9944674965421854,0.28658367911479943,0.0,Q1 lowest,Q5 most POC
36047004500,170539,1400000US36047004500,165714.0,3450.0,2419.0,358.0,241.0,208.0,3449.0,169.0,047,Brooklyn,0.7011594202898551,0.10376811594202899,0.06028985507246377,0.06985507246376811,0.2988405797101449,0.048999710060887214,0.0,Q5 highest,Q1 least POC
36047004700,283961,1400000US36047004700,145417.0,2016.0,1028.0,124.0,123.0,442.0,2014.0,145.0,047,Brooklyn,0.5099206349206349,0.061507936507936505,0.21924603174603174,0.06101190476190476,0.4900793650793651,0.07199602780536246,1017.1035470026646,Q5 highest,Q2
36047004900,97531,1400000US36047004900,160694.0,2839.0,1890.0,325.0,90.0,336.0,2499.0,251.0,047,Brooklyn,0.6657273687918281,0.11447692849594927,0.11835153222965833,0.03170130327580134,0.33427263120817186,0.10044017607042817,0.0,Q5 highest,Q1 least POC
36047005000,223992,1400000US36047005000,127431.0,2409.0,1883.0,42.0,310.0,160.0,2409.0,152.0,047,Brooklyn,0.7816521378165214,0.017434620174346202,0.06641760066417601,0.12868410128684102,0.21834786218347857,0.0630967206309672,0.0,Q5 highest,Q1 least POC
36047005201,133678,1400000US36047005201,22625.0,1680.0,1075.0,17.0,374.0,193.0,1680.0,439.0,047,Brooklyn,0.6398809523809523,0.01011904761904762,0.11488095238095238,0.2226190476190476,0.36011904761904767,0.2613095238095238,0.0,Q1 lowest,Q1 least POC
36047005400,161905,1400000US36047005400,79370.0,3234.0,2214.0,124.0,488.0,345.0,3234.0,240.0,047,Brooklyn,0.6846011131725418,0.0383426097711812,0.10667903525046382,0.15089672232529375,0.3153988868274582,0.07421150278293136,0.0,Q3,Q1 least POC
36047005602,135056,1400000US36047005602,97750.0,1730.0,1245.0,28.0,184.0,252.0,1730.0,54.0,047,Brooklyn,0.7196531791907514,0.016184971098265895,0.14566473988439307,0.10635838150289018,0.28034682080924855,0.03121387283236994,0.0,Q4,Q1 least POC
36047005900,355163,1400000US36047005900,103578.0,1261.0,761.0,151.0,12.0,238.0,1257.0,138.0,047,Brooklyn,0.6034892942109437,0.11974623314829501,0.1887390959555908,0.00951625693893735,0.39651070578905634,0.10978520286396182,0.0,Q4,Q2
36047006000,152260,1400000US36047006000,69583.0,3281.0,1335.0,0.0,364.0,1435.0,3281.0,179.0,047,Brooklyn,0.4068881438585797,0.0,0.43736665650716244,0.1109417860408412,0.5931118561414204,0.05455653764096312,0.0,Q2,Q2
36047006300,103152,1400000US36047006300,175813.0,2129.0,1525.0,27.0,117.0,261.0,2129.0,146.0,047,Brooklyn,0.7162987317989666,0.012682010333489901,0.12259276655706905,0.05495537811178957,0.28370126820103336,0.06857679661813058,0.0,Q5 highest,Q1 least POC
36047006400,203176,1400000US36047006400,82439.0,3396.0,2439.0,15.0,273.0,597.0,3392.0,561.0,047,Brooklyn,0.7181978798586572,0.00441696113074205,0.17579505300353357,0.0803886925795053,0.28180212014134276,0.16538915094339623,0.0,Q3,Q1 least POC
36047006500,249988,1400000US36047006500,178041.0,5723.0,4456.0,48.0,223.0,403.0,5722.0,151.0,047,Brooklyn,0.7786126157609645,0.008387209505504107,0.07041761313996156,0.03896557749432116,0.22138738423903548,0.026389374344634745,0.0,Q5 highest,Q1 least POC
36047006600,153740,1400000US36047006600,90074.0,4032.0,2067.0,74.0,599.0,1081.0,4027.0,764.0,047,Brooklyn,0.5126488095238095,0.018353174603174604,0.2681051587301587,0.14856150793650794,0.48735119047619047,0.18971939408989322,0.0,Q4,Q2
36047006700,156139,1400000US36047006700,218393.0,4036.0,3330.0,64.0,121.0,205.0,4024.0,166.0,047,Brooklyn,0.8250743310208127,0.015857284440039643,0.05079286422200198,0.02998017839444995,0.17492566897918727,0.04125248508946322,0.0,Q5 highest,Q1 least POC
36047006800,185509,1400000US36047006800,63010.0,4027.0,1655.0,237.0,653.0,1384.0,3990.0,698.0,047,Brooklyn,0.41097591259001737,0.058852743978147506,0.34368015892724113,0.16215545070772286,0.5890240874099826,0.174937343358396,0.0,Q2,Q2
36047007000,149197,1400000US36047007000,81755.0,2595.0,1426.0,56.0,206.0,744.0,2595.0,178.0,047,Brooklyn,0.5495183044315992,0.02157996146435453,0.28670520231213875,0.07938342967244702,0.4504816955684008,0.06859344894026975,0.0,Q3,Q2
36047007100,167530,1400000US36047007100,55521.0,4632.0,1022.0,1647.0,280.0,1328.0,4632.0,1167.0,047,Brooklyn,0.22063903281519862,0.3555699481865285,0.2867012089810017,0.06044905008635579,0.7793609671848014,0.25194300518134716,0.0,Q2,Q3
36047007200,62490,1400000US36047007200,63352.0,1789.0,137.0,24.0,442.0,1175.0,1788.0,461.0,047,Brooklyn,0.07657909446618222,0.013415315818893237,0.6567915036333147,0.2470653996646171,0.9234209055338178,0.25782997762863535,1051.7932008402565,Q2,Q4
36047007500,282782,1400000US36047007500,150854.0,4813.0,3638.0,90.0,363.0,514.0,4813.0,370.0,047,Brooklyn,0.755869520049865,0.018699355911074175,0.10679409931435695,0.07542073550799917,0.24413047995013504,0.07687512985663827,0.0,Q5 highest,Q1 least POC
36047008400,243910,1400000US36047008400,97232.0,3703.0,638.0,85.0,220.0,2662.0,3636.0,550.0,047,Brooklyn,0.17229273561976777,0.022954361328652445,0.7188765865514448,0.059411288144747505,0.8277072643802322,0.15126512651265125,3641.671192594684,Q4,Q3
36047008500,243576,1400000US36047008500,21988.0,7417.0,146.0,3496.0,368.0,2878.0,7417.0,3590.0,047,Brooklyn,0.01968450856141297,0.4713496022650667,0.38802750438182554,0.04961574760684913,0.980315491438587,0.48402318996899013,0.0,Q1 lowest,Q5 most POC
36047008800,189369,1400000US36047008800,64741.0,2502.0,604.0,464.0,448.0,949.0,2478.0,231.0,047,Brooklyn,0.2414068745003997,0.18545163868904876,0.37929656274980017,0.17905675459632295,0.7585931254996003,0.09322033898305085,0.0,Q2,Q3
36047009600,150752,1400000US36047009600,75134.0,6041.0,1066.0,42.0,2019.0,2677.0,6015.0,1191.0,047,Brooklyn,0.17646085085250787,0.006952491309385863,0.4431385532196656,0.33421618937262043,0.8235391491474922,0.19800498753117207,0.0,Q3,Q3
36047009800,151006,1400000US36047009800,59342.0,6876.0,72.0,108.0,3182.0,3458.0,6718.0,1651.0,047,Brooklyn,0.010471204188481676,0.015706806282722512,0.5029086678301338,0.4627690517742874,0.9895287958115183,0.24575766597201548,0.0,Q2,Q5 most POC
36047010000,150970,1400000US36047010000,64107.0,5585.0,328.0,104.0,2236.0,2889.0,5585.0,928.0,047,Brooklyn,0.05872873769024172,0.018621307072515667,0.5172784243509401,0.40035810205908684,0.9412712623097583,0.16615935541629365,0.0,Q2,Q4
36047010100,314730,1400000US36047010100,118906.0,4372.0,1155.0,120.0,283.0,2663.0,4305.0,567.0,047,Brooklyn,0.26418115279048493,0.027447392497712716,0.609103385178408,0.06473010064043916,0.7358188472095151,0.13170731707317074,4690.339470528357,Q5 highest,Q3
36047011000,158059,1400000US36047011000,77500.0,2429.0,700.0,16.0,812.0,891.0,2399.0,370.0,047,Brooklyn,0.2881844380403458,0.006587072869493619,0.3668176204199259,0.33429394812680113,0.7118155619596542,0.15423092955398082,0.0,Q3,Q3
36047011200,171313,1400000US36047011200,52172.0,6029.0,2315.0,44.0,1146.0,2186.0,6029.0,1564.0,047,Brooklyn,0.3839774423619174,0.007298059379664953,0.362580859180627,0.19008127384309173,0.6160225576380827,0.25941283794990877,0.0,Q1 lowest,Q2
36047011400,167792,1400000US36047011400,67955.0,3860.0,1806.0,405.0,1016.0,631.0,3304.0,1017.0,047,Brooklyn,0.4678756476683938,0.10492227979274611,0.16347150259067358,0.2632124352331606,0.5321243523316062,0.3078087167070218,0.0,Q2,Q2
36047011600,160266,1400000US36047011600,47197.0,3368.0,157.0,36.0,2823.0,344.0,3368.0,972.0,047,Brooklyn,0.04661520190023753,0.010688836104513063,0.1021377672209026,0.8381828978622328,0.9533847980997625,0.28859857482185275,0.0,Q1 lowest,Q4
36047011700,201195,1400000US36047011700,118393.0,3004.0,1254.0,178.0,370.0,1074.0,2943.0,356.0,047,Brooklyn,0.4174434087882823,0.059254327563249,0.3575233022636485,0.12316910785619174,0.5825565912117177,0.12096500169894665,1570.0078432146763,Q5 highest,Q2
36047012000,193342,1400000US36047012000,69030.0,1218.0,37.0,0.0,1115.0,57.0,1204.0,228.0,047,Brooklyn,0.030377668308702793,0.0,0.046798029556650245,0.9154351395730707,0.9696223316912972,0.1893687707641196,166.0428939189813,Q2,Q4
36047012100,148056,1400000US36047012100,114552.0,1953.0,1113.0,91.0,107.0,563.0,1953.0,187.0,047,Brooklyn,0.5698924731182796,0.04659498207885305,0.28827444956477216,0.05478750640040963,0.4301075268817204,0.09575012800819252,2571.565896929329,Q5 highest,Q2
36047012700,163391,1400000US36047012700,117627.0,3828.0,1315.0,1015.0,327.0,814.0,3788.0,534.0,047,Brooklyn,0.343521421107628,0.26515151515151514,0.21264367816091953,0.08542319749216301,0.6564785788923719,0.1409714889123548,1300.6489817997901,Q5 highest,Q3
36047012901,128568,1400000US36047012901,232530.0,2614.0,1557.0,207.0,252.0,491.0,2599.0,158.0,047,Brooklyn,0.5956388676358072,0.07918898240244836,0.18783473603672532,0.09640397857689365,0.4043611323641928,0.06079261254328588,1799.1452641213618,Q5 highest,Q2
36047012902,135381,1400000US36047012902,148438.0,3056.0,1510.0,369.0,394.0,550.0,3049.0,333.0,047,Brooklyn,0.49410994764397903,0.12074607329842932,0.1799738219895288,0.12892670157068062,0.505890052356021,0.10921613643817644,184.3265740030627,Q5 highest,Q2
36047013100,156395,1400000US36047013100,134479.0,3581.0,2191.0,426.0,263.0,472.0,3576.0,279.0,047,Brooklyn,0.6118402680815415,0.11896118402680815,0.13180675788885787,0.07344317229824071,0.38815973191845854,0.07802013422818792,1039.5868377766294,Q5 highest,Q2
36047013200,155778,1400000US36047013200,93750.0,2480.0,1109.0,62.0,1002.0,259.0,2475.0,483.0,047,Brooklyn,0.44717741935483873,0.025,0.10443548387096774,0.40403225806451615,0.5528225806451612,0.19515151515151516,0.0,Q4,Q2
36047013400,268233,1400000US36047013400,108654.0,4343.0,2412.0,82.0,873.0,893.0,4300.0,463.0,047,Brooklyn,0.555376467879346,0.018880957863228184,0.20561823624222889,0.20101312456827078,0.444623532120654,0.10767441860465116,1723.9914591362108,Q4,Q2
36047013600,214252,1400000US36047013600,104191.0,3973.0,2465.0,2.0,454.0,955.0,3960.0,335.0,047,Brooklyn,0.6204379562043796,0.0005033979360684622,0.24037251447269067,0.1142713314875409,0.3795620437956204,0.0845959595959596,1080.7955328315009,Q4,Q1 least POC
36047013700,152453,1400000US36047013700,158594.0,3411.0,2175.0,301.0,206.0,678.0,3342.0,202.0,047,Brooklyn,0.6376429199648197,0.08824391673995896,0.19876868953386104,0.06039284667253005,0.3623570800351803,0.06044284859365649,2617.38390562597,Q5 highest,Q1 least POC
36047013800,162579,1400000US36047013800,93117.0,3670.0,2317.0,61.0,330.0,830.0,3662.0,304.0,047,Brooklyn,0.6313351498637603,0.01662125340599455,0.22615803814713897,0.08991825613079019,0.36866485013623973,0.08301474604041507,0.0,Q4,Q1 least POC
36081044400,897125,1400000US36081044400,42521.0,3962.0,88.0,943.0,1150.0,1102.0,3941.0,990.0,081,Queens,0.02221100454316002,0.23801110550227159,0.27814235234729934,0.29025744573447754,0.97778899545684,0.25120527784826185,0.0,Q1 lowest,Q5 most POC
36081058200,563649,1400000US36081058200,116369.0,5502.0,154.0,3746.0,453.0,629.0,5396.0,279.0,081,Queens,0.027989821882951654,0.6808433296982915,0.11432206470374409,0.08233369683751363,0.9720101781170484,0.051704966641957006,0.0,Q5 highest,Q5 most POC
36081108500,444817,1400000US36081108500,68859.0,2616.0,1213.0,48.0,997.0,323.0,2608.0,90.0,081,Queens,0.46368501529051986,0.01834862385321101,0.12347094801223242,0.3811162079510703,0.5363149847094801,0.03450920245398773,0.0,Q2,Q2
36081109300,1069850,1400000US36081109300,137429.0,2987.0,1527.0,21.0,1119.0,225.0,2936.0,278.0,081,Queens,0.5112152661533311,0.007030465349849347,0.07532641446267158,0.37462336792768663,0.4887847338466689,0.0946866485013624,0.0,Q5 highest,Q2
36081141700,892280,1400000US36081141700,71303.0,4877.0,1042.0,120.0,3061.0,512.0,4877.0,1045.0,081,Queens,0.21365593602624564,0.024605290137379537,0.10498257125281936,0.6276399425876563,0.7863440639737543,0.21427106827968012,789.21735768273,Q3,Q3
36081006202,1152998,1400000US36081006202,72061.0,6441.0,2403.0,321.0,504.0,2731.0,6441.0,641.0,081,Queens,0.37307871448532837,0.04983698183511877,0.424002484086322,0.07824871914299023,0.6269212855146716,0.09951870827511256,201.74726224159988,Q3,Q2
36061016900,180003,1400000US36061016900,163500.0,8010.0,6291.0,159.0,696.0,783.0,7951.0,598.0,061,Manhattan,0.7853932584269663,0.019850187265917602,0.09775280898876404,0.08689138576779026,0.21460674157303372,0.07521066532511633,3233.2056338427624,Q5 highest,Q1 least POC
36061016400,177386,1400000US36061016400,24789.0,7814.0,802.0,1734.0,744.0,4357.0,7813.0,3279.0,061,Manhattan,0.10263629383158433,0.22190939339646787,0.5575889429229588,0.09521371896595854,0.8973637061684157,0.4196851401510303,1465.0279804064633,Q1 lowest,Q4
36081003400,213987,1400000US36081003400,79728.0,2559.0,258.0,86.0,468.0,1628.0,2548.0,408.0,081,Queens,0.10082063305978899,0.03360687768659633,0.6361860101602188,0.182883939038687,0.8991793669402111,0.16012558869701726,0.0,Q3,Q4
36081003900,146970,1400000US36081003900,53468.0,1436.0,273.0,85.0,135.0,897.0,1436.0,326.0,081,Queens,0.19011142061281336,0.059192200557103065,0.6246518105849582,0.09401114206128133,0.8098885793871866,0.22701949860724233,2485.8251826311107,Q2,Q3
36081003600,180006,1400000US36081003600,86582.0,4004.0,382.0,140.0,1273.0,2058.0,3982.0,328.0,081,Queens,0.09540459540459541,0.03496503496503497,0.513986013986014,0.3179320679320679,0.9045954045954046,0.08237066800602712,0.0,Q3,Q4
36081003800,176214,1400000US36081003800,85859.0,2514.0,352.0,193.0,606.0,1320.0,2512.0,293.0,081,Queens,0.14001591089896578,0.07677008750994431,0.5250596658711217,0.24105011933174225,0.8599840891010342,0.11664012738853503,0.0,Q3,Q3
36081004001,174292,1400000US36081004001,82176.0,2241.0,329.0,118.0,438.0,1211.0,2241.0,336.0,081,Queens,0.1468094600624721,0.052655064703257475,0.5403837572512271,0.19544846050870146,0.8531905399375279,0.1499330655957162,0.0,Q3,Q3
36081004200,200287,1400000US36081004200,92677.0,4491.0,362.0,190.0,2443.0,1298.0,4321.0,629.0,081,Queens,0.08060565575595635,0.04230683589401024,0.289022489423291,0.543976842574037,0.9193943442440436,0.14556815551955565,0.0,Q4,Q4
36081004300,170813,1400000US36081004300,24125.0,2111.0,68.0,866.0,253.0,834.0,2094.0,663.0,081,Queens,0.03221222169587873,0.4102321174798674,0.3950734249171009,0.11984841307437233,0.9677877783041213,0.3166189111747851,0.0,Q1 lowest,Q4
36081077907,216834,1400000US36081077907,71136.0,3642.0,1826.0,332.0,228.0,1163.0,3472.0,658.0,081,Queens,0.5013728720483251,0.09115870400878638,0.31933003844041735,0.06260296540362438,0.49862712795167485,0.18951612903225806,0.0,Q3,Q2
36081024000,269563,1400000US36081024000,63667.0,7208.0,302.0,1099.0,2049.0,3375.0,7159.0,1127.0,081,Queens,0.04189789123196448,0.1524694783573807,0.46822974472807993,0.2842674805771365,0.9581021087680355,0.1574242212599525,0.0,Q2,Q4
36081024300,540128,1400000US36081024300,64162.0,5661.0,1330.0,52.0,1817.0,2351.0,5587.0,367.0,081,Queens,0.23494082317611728,0.009185656244479774,0.41529765059176826,0.3209680268503798,0.7650591768238827,0.06568820476105244,1169.8552343366766,Q2,Q3
36081077908,200497,1400000US36081077908,78375.0,3197.0,626.0,770.0,743.0,929.0,2954.0,778.0,081,Queens,0.19580857053487644,0.24085079762277134,0.2905849233656553,0.23240538004379105,0.8041914294651236,0.26337169939065674,0.0,Q3,Q3
36081024500,257660,1400000US36081024500,61439.0,4829.0,1723.0,29.0,1580.0,1379.0,4818.0,301.0,081,Queens,0.356802650652309,0.006005384137502588,0.28556636984883,0.32718989438807206,0.643197349347691,0.06247405562474056,958.135773113888,Q2,Q3
36081024900,204083,1400000US36081024900,70676.0,5268.0,1009.0,55.0,2526.0,1634.0,4998.0,610.0,081,Queens,0.19153378891419895,0.01044039483675019,0.3101746393318147,0.479498861047836,0.8084662110858011,0.12204881952781113,2459.2809746734433,Q2,Q3
36081025100,245619,1400000US36081025100,96032.0,5997.0,1852.0,37.0,1207.0,2796.0,5957.0,468.0,081,Queens,0.3088210772052693,0.006169751542437886,0.46623311655827915,0.20126730031682508,0.6911789227947307,0.07856303508477422,3345.6416228489607,Q4,Q3
36081025500,218248,1400000US36081025500,92426.0,1822.0,367.0,0.0,871.0,569.0,1822.0,196.0,081,Queens,0.20142700329308452,0.0,0.31229418221734356,0.47804610318331503,0.7985729967069155,0.10757409440175632,1566.2592676074503,Q4,Q3
36081025700,150587,1400000US36081025700,81806.0,1639.0,213.0,31.0,678.0,613.0,1631.0,276.0,081,Queens,0.12995729103111653,0.018913971934106162,0.3740085417937767,0.41366687004270897,0.8700427089688835,0.16922133660331085,534.9549182638316,Q3,Q4
36081097204,391826,1400000US36081097204,73207.0,4218.0,305.0,2591.0,158.0,1074.0,3651.0,334.0,081,Queens,0.07230915125651968,0.6142721669037459,0.2546230440967283,0.03745851114272167,0.9276908487434803,0.09148178581210627,0.0,Q3,Q4
36081100801,644973,1400000US36081100801,140521.0,3184.0,928.0,1301.0,150.0,299.0,3184.0,256.0,081,Queens,0.2914572864321608,0.40860552763819097,0.0939070351758794,0.0471105527638191,0.7085427135678393,0.08040201005025126,0.0,Q5 highest,Q3
36081102900,490509,1400000US36081102900,86114.0,3647.0,2219.0,41.0,632.0,548.0,3460.0,258.0,081,Queens,0.6084452975047985,0.011242116808335619,0.15026048807238826,0.17329311763092953,0.3915547024952015,0.07456647398843931,0.0,Q3,Q2
36047021100,271830,1400000US36047021100,87850.0,2604.0,694.0,1004.0,192.0,554.0,2604.0,323.0,047,Brooklyn,0.2665130568356375,0.38556067588325654,0.21274961597542244,0.07373271889400922,0.7334869431643625,0.12403993855606758,745.6361814781568,Q3,Q3
36081025800,211843,1400000US36081025800,91471.0,2517.0,6.0,1632.0,477.0,74.0,2517.0,401.0,081,Queens,0.0023837902264600714,0.6483909415971395,0.029400079459674214,0.18951132300357568,0.9976162097735399,0.15931664680174812,0.0,Q4,Q5 most POC
36081026000,178376,1400000US36081026000,68892.0,2860.0,44.0,1957.0,461.0,224.0,2860.0,175.0,081,Queens,0.015384615384615385,0.6842657342657342,0.07832167832167833,0.16118881118881118,0.9846153846153847,0.06118881118881119,0.0,Q2,Q5 most POC
36081026200,143393,1400000US36081026200,77200.0,1534.0,0.0,930.0,211.0,304.0,1534.0,271.0,081,Queens,0.0,0.60625814863103,0.1981747066492829,0.13754889178617993,1.0,0.17666232073011734,0.0,Q3,Q5 most POC
36081026300,207862,1400000US36081026300,82481.0,5208.0,628.0,50.0,3025.0,1452.0,5208.0,98.0,081,Queens,0.1205837173579109,0.009600614439324117,0.27880184331797236,0.580837173579109,0.879416282642089,0.01881720430107527,0.0,Q3,Q4
36081026600,172998,1400000US36081026600,26875.0,1701.0,40.0,1199.0,178.0,123.0,1677.0,476.0,081,Queens,0.023515579071134628,0.7048794826572604,0.07231040564373897,0.10464432686654909,0.9764844209288653,0.283840190816935,0.0,Q1 lowest,Q5 most POC
36047048500,581535,1400000US36047048500,106893.0,2395.0,1072.0,141.0,128.0,975.0,2395.0,536.0,047,Brooklyn,0.4475991649269311,0.05887265135699374,0.407098121085595,0.05344467640918581,0.5524008350730689,0.22379958246346554,994.7567100542793,Q4,Q2
36081103201,399541,1400000US36081103201,61229.0,7470.0,416.0,3610.0,140.0,2841.0,7466.0,2079.0,081,Queens,0.055689424364123156,0.48326639892904955,0.38032128514056224,0.018741633199464525,0.9443105756358768,0.2784623627109563,0.0,Q2,Q4
36081103202,716368,1400000US36081103202,85561.0,8163.0,4003.0,1210.0,25.0,2583.0,7876.0,764.0,081,Queens,0.49038343746171753,0.14822981746906774,0.3164277839029768,0.003062599534484871,0.5096165625382825,0.09700355510411376,0.0,Q3,Q2
36081103900,869052,1400000US36081103900,75957.0,7099.0,2922.0,0.0,2706.0,1237.0,7098.0,466.0,081,Queens,0.4116072686293844,0.0,0.17424989435131708,0.38118044795041556,0.5883927313706157,0.06565229642152719,0.0,Q3,Q2
36081104700,841802,1400000US36081104700,69559.0,7021.0,1457.0,4.0,4738.0,822.0,7021.0,776.0,081,Queens,0.20752029625409485,0.0005697194131890044,0.1170773394103404,0.6748326449223757,0.7924797037459052,0.11052556615866686,1786.0346671633183,Q2,Q3
36081105900,649580,1400000US36081105900,103125.0,4072.0,2259.0,16.0,1520.0,168.0,4072.0,249.0,081,Queens,0.5547642436149313,0.003929273084479371,0.0412573673870334,0.37328094302554027,0.44523575638506874,0.06114931237721022,0.0,Q4,Q2
36081027000,185072,1400000US36081027000,111139.0,2362.0,342.0,1127.0,182.0,291.0,2353.0,69.0,081,Queens,0.14479254868755292,0.4771380186282811,0.12320067739204064,0.07705334462320068,0.855207451312447,0.029324266893327667,0.0,Q4,Q3
36081027200,153668,1400000US36081027200,83816.0,1998.0,0.0,967.0,352.0,577.0,1998.0,212.0,081,Queens,0.0,0.48398398398398396,0.2887887887887888,0.17617617617617617,1.0,0.1061061061061061,0.0,Q3,Q5 most POC
36081027400,143723,1400000US36081027400,63267.0,1991.0,0.0,1319.0,174.0,399.0,1991.0,343.0,081,Queens,0.0,0.6624811652435962,0.20040180813661476,0.0873932697137117,1.0,0.17227523857358112,0.0,Q2,Q5 most POC
36081027800,175380,1400000US36081027800,48889.0,2573.0,0.0,2045.0,8.0,472.0,2573.0,797.0,081,Queens,0.0,0.7947920715118538,0.18344345122425185,0.003109211037699184,1.0,0.3097551496307812,0.0,Q1 lowest,Q5 most POC
36081027900,177155,1400000US36081027900,81165.0,7738.0,720.0,124.0,673.0,5805.0,7646.0,564.0,081,Queens,0.09304729904368053,0.016024812613078313,0.7501938485396743,0.08697337813388473,0.9069527009563194,0.07376405963902694,0.0,Q3,Q4
36081028000,165398,1400000US36081028000,70465.0,1620.0,34.0,908.0,131.0,260.0,1620.0,164.0,081,Queens,0.020987654320987655,0.5604938271604938,0.16049382716049382,0.0808641975308642,0.9790123456790123,0.10123456790123457,0.0,Q2,Q5 most POC
36081028100,174441,1400000US36081028100,71832.0,6083.0,1591.0,0.0,742.0,3422.0,6083.0,721.0,081,Queens,0.2615485780042742,0.0,0.562551372677955,0.12197928653624857,0.7384514219957258,0.11852704257767549,0.0,Q3,Q3
36081028200,182472,1400000US36081028200,66071.0,2221.0,58.0,1961.0,55.0,21.0,2221.0,165.0,081,Queens,0.026114362899594776,0.8829356145880234,0.00945520036019811,0.024763619990995047,0.9738856371004052,0.07429085997298514,0.0,Q2,Q5 most POC
36081028400,429455,1400000US36081028400,103664.0,4242.0,35.0,3863.0,27.0,282.0,4165.0,130.0,081,Queens,0.00825082508250825,0.9106553512494107,0.06647807637906648,0.006364922206506365,0.9917491749174917,0.031212484993997598,0.0,Q4,Q5 most POC
36081094500,1527718,1400000US36081094500,70729.0,4044.0,1851.0,1.0,1079.0,1068.0,4044.0,410.0,081,Queens,0.4577151335311573,0.0002472799208704253,0.26409495548961426,0.26681503461918893,0.5422848664688427,0.10138476755687438,0.0,Q2,Q2
36081094700,272641,1400000US36081094700,84375.0,2421.0,619.0,1.0,667.0,1134.0,2399.0,293.0,081,Queens,0.2556794712928542,0.0004130524576621231,0.4684014869888476,0.2755059892606361,0.7443205287071458,0.12213422259274698,0.0,Q3,Q3
36081096400,862705,1400000US36081096400,104737.0,7413.0,893.0,3747.0,396.0,1939.0,7087.0,1060.0,081,Queens,0.1204640496425199,0.5054633751517604,0.2615675165250236,0.053419668150546336,0.8795359503574801,0.14956963454211938,0.0,Q4,Q4
36047062000,319578,1400000US36047062000,87052.0,1707.0,1649.0,0.0,24.0,0.0,1707.0,99.0,047,Brooklyn,0.9660222612770943,0.0,0.0,0.014059753954305799,0.03397773872290566,0.05799648506151142,0.0,Q3,Q1 least POC
36081097300,528721,1400000US36081097300,113826.0,2310.0,1667.0,0.0,180.0,452.0,2304.0,149.0,081,Queens,0.7216450216450216,0.0,0.19567099567099566,0.07792207792207792,0.27835497835497836,0.0646701388888889,0.0,Q5 highest,Q1 least POC
36081098100,650601,1400000US36081098100,102857.0,2376.0,1654.0,0.0,428.0,282.0,2376.0,251.0,081,Queens,0.6961279461279462,0.0,0.11868686868686869,0.18013468013468015,0.30387205387205385,0.10563973063973064,0.0,Q4,Q1 least POC
36081098700,667301,1400000US36081098700,98269.0,2636.0,2103.0,0.0,297.0,226.0,2636.0,281.0,081,Queens,0.7977996965098634,0.0,0.08573596358118361,0.11267071320182094,0.20220030349013662,0.10660091047040972,0.0,Q4,Q1 least POC
36081099100,1085050,1400000US36081099100,109250.0,7093.0,4943.0,0.0,892.0,1174.0,7093.0,423.0,081,Queens,0.696884252079515,0.0,0.16551529677146481,0.12575778936980123,0.303115747920485,0.05963626110249542,0.0,Q4,Q1 least POC
36081099200,581564,1400000US36081099200,33727.0,4518.0,494.0,2136.0,205.0,1494.0,4414.0,1770.0,081,Queens,0.10934041611332448,0.47277556440903057,0.33067729083665337,0.04537405931828242,0.8906595838866755,0.40099682827367467,1178.7576490396416,Q1 lowest,Q4
36047080800,321836,1400000US36047080800,12854.0,2046.0,395.0,1040.0,117.0,453.0,1375.0,841.0,047,Brooklyn,0.1930596285434995,0.5083088954056696,0.22140762463343108,0.05718475073313783,0.8069403714565004,0.6116363636363636,0.0,Q1 lowest,Q3
36047123700,321360,1400000US36047123700,51157.0,9448.0,8938.0,172.0,0.0,255.0,9448.0,4591.0,047,Brooklyn,0.9460203217612193,0.018204911092294666,0.026989839119390346,0.0,0.05397967823878069,0.4859229466553768,1619.5907310248945,Q1 lowest,Q1 least POC
36081112300,279273,1400000US36081112300,97917.0,2234.0,733.0,62.0,787.0,555.0,2234.0,223.0,081,Queens,0.3281110116383169,0.02775290957923008,0.2484333034914951,0.3522829006266786,0.6718889883616831,0.09982094897045658,0.0,Q4,Q3
36081109700,445146,1400000US36081109700,121250.0,1752.0,884.0,1.0,577.0,255.0,1745.0,36.0,081,Queens,0.5045662100456622,0.0005707762557077625,0.14554794520547945,0.329337899543379,0.49543378995433784,0.020630372492836675,0.0,Q5 highest,Q2
36081109900,378696,1400000US36081109900,100176.0,3292.0,1802.0,9.0,995.0,414.0,3292.0,154.0,081,Queens,0.5473876063183475,0.0027339003645200487,0.12575941676792224,0.30224787363304984,0.4526123936816525,0.04678007290400972,0.0,Q4,Q2
36081112900,354968,1400000US36081112900,95521.0,2435.0,949.0,6.0,936.0,523.0,2435.0,58.0,081,Queens,0.3897330595482546,0.0024640657084188913,0.21478439425051335,0.384394250513347,0.6102669404517453,0.02381930184804928,0.0,Q4,Q2
36081113900,383381,1400000US36081113900,87687.0,4048.0,1253.0,59.0,1802.0,697.0,4048.0,512.0,081,Queens,0.30953557312252966,0.01457509881422925,0.17218379446640317,0.4451581027667984,0.6904644268774703,0.12648221343873517,180.9027352130003,Q3,Q3
36081114100,448092,1400000US36081114100,130000.0,2451.0,1383.0,0.0,770.0,277.0,2449.0,81.0,081,Queens,0.5642594859241126,0.0,0.11301509587923296,0.3141574867401061,0.43574051407588743,0.03307472437729685,0.0,Q5 highest,Q2
36081029100,261476,1400000US36081029100,63740.0,6124.0,913.0,94.0,3814.0,1256.0,5870.0,782.0,081,Queens,0.14908556499020248,0.01534944480731548,0.20509470934030047,0.6227955584585239,0.8509144350097975,0.13321976149914821,419.47927834084567,Q2,Q3
36081029300,151336,1400000US36081029300,70452.0,1218.0,116.0,3.0,740.0,256.0,1218.0,50.0,081,Queens,0.09523809523809523,0.0024630541871921183,0.21018062397372742,0.6075533661740559,0.9047619047619048,0.041050903119868636,1059.647544884271,Q2,Q4
36081029500,182968,1400000US36081029500,84972.0,4064.0,1514.0,78.0,1042.0,1102.0,4055.0,315.0,081,Queens,0.37253937007874016,0.019192913385826772,0.27116141732283466,0.2563976377952756,0.6274606299212598,0.07768187422934648,253.79300352300277,Q3,Q2
36081029700,519215,1400000US36081029700,98125.0,2343.0,485.0,5.0,546.0,1200.0,2330.0,194.0,081,Queens,0.2069995731967563,0.002134016218523261,0.5121638924455826,0.2330345710627401,0.7930004268032437,0.08326180257510729,0.0,Q4,Q3
36081028700,195625,1400000US36081028700,74543.0,6915.0,2147.0,146.0,2015.0,2238.0,6915.0,1572.0,081,Queens,0.31048445408532177,0.02111352133044107,0.323644251626898,0.2913955169920463,0.6895155459146782,0.22733188720173536,519.3729262962429,Q3,Q3
36081028900,172620,1400000US36081028900,75547.0,5104.0,2088.0,22.0,1482.0,1176.0,5104.0,507.0,081,Queens,0.4090909090909091,0.004310344827586207,0.2304075235109718,0.2903605015673981,0.5909090909090908,0.09933385579937304,475.5439489019308,Q3,Q2
36081031700,767638,1400000US36081031700,71822.0,5414.0,3413.0,612.0,294.0,1095.0,5359.0,619.0,081,Queens,0.6304026597709642,0.11304026597709642,0.2022534170668637,0.05430365718507573,0.3695973402290358,0.11550662437021833,0.0,Q3,Q1 least POC
36081032000,1040174,1400000US36081032000,93692.0,5504.0,300.0,3843.0,102.0,866.0,5027.0,1297.0,081,Queens,0.05450581395348837,0.698219476744186,0.15734011627906977,0.018531976744186048,0.9454941860465116,0.258006763477223,0.0,Q4,Q4
36081032800,368019,1400000US36081032800,92500.0,3031.0,4.0,2552.0,77.0,197.0,2996.0,201.0,081,Queens,0.0013196964698119432,0.8419663477400198,0.06499505113823821,0.025404157043879907,0.9986803035301881,0.0670894526034713,0.0,Q4,Q5 most POC
36081032900,436915,1400000US36081032900,55529.0,3369.0,360.0,569.0,1021.0,1391.0,3269.0,462.0,081,Queens,0.10685663401602849,0.1688928465420006,0.41288216087859897,0.3030572870287919,0.8931433659839715,0.14132762312633834,0.0,Q2,Q4
36081033000,817316,1400000US36081033000,96357.0,7098.0,76.0,6060.0,162.0,439.0,7091.0,651.0,081,Queens,0.010707241476472246,0.8537616229923922,0.061848408002254156,0.02282333051563821,0.9892927585235277,0.09180651530108588,0.0,Q4,Q5 most POC
36081033900,150834,1400000US36081033900,61627.0,2760.0,748.0,91.0,465.0,1375.0,2760.0,833.0,081,Queens,0.2710144927536232,0.03297101449275362,0.49818840579710144,0.16847826086956522,0.7289855072463768,0.30181159420289855,0.0,Q2,Q3
36081039400,348243,1400000US36081039400,99950.0,3328.0,23.0,2588.0,11.0,326.0,3327.0,690.0,081,Queens,0.006911057692307692,0.7776442307692307,0.09795673076923077,0.0033052884615384615,0.9930889423076923,0.2073940486925158,0.0,Q4,Q5 most POC
36081039800,200591,1400000US36081039800,123864.0,1667.0,21.0,1499.0,15.0,112.0,1667.0,129.0,081,Queens,0.01259748050389922,0.8992201559688062,0.06718656268746251,0.008998200359928014,0.9874025194961008,0.07738452309538092,0.0,Q5 highest,Q5 most POC
36081040200,218312,1400000US36081040200,131761.0,1750.0,23.0,1267.0,46.0,96.0,1750.0,150.0,081,Queens,0.013142857142857144,0.724,0.054857142857142854,0.026285714285714287,0.9868571428571429,0.08571428571428572,0.0,Q5 highest,Q5 most POC
36081040400,479414,1400000US36081040400,85063.0,4529.0,96.0,3237.0,540.0,551.0,4492.0,426.0,081,Queens,0.021196732170457054,0.7147273128725988,0.1216604106866858,0.11923161845882094,0.978803267829543,0.09483526268922529,0.0,Q3,Q5 most POC
36081041100,137675,1400000US36081041100,64568.0,3850.0,39.0,0.0,532.0,3279.0,3844.0,751.0,081,Queens,0.01012987012987013,0.0,0.8516883116883117,0.13818181818181818,0.9898701298701299,0.19536940686784598,0.0,Q2,Q5 most POC
36081041400,473215,1400000US36081041400,86495.0,5054.0,96.0,3633.0,408.0,240.0,5054.0,882.0,081,Queens,0.018994855559952513,0.7188365650969529,0.04748713889988128,0.08072813612979818,0.9810051444400475,0.1745152354570637,0.0,Q3,Q5 most POC
36081041500,170942,1400000US36081041500,65112.0,4292.0,271.0,20.0,223.0,3778.0,4141.0,762.0,081,Queens,0.06314072693383038,0.004659832246039142,0.8802423112767941,0.05195712954333644,0.9368592730661696,0.18401352330354986,109.60482894669036,Q2,Q4
36081042700,170556,1400000US36081042700,52007.0,4536.0,203.0,210.0,325.0,3798.0,4469.0,1031.0,081,Queens,0.044753086419753084,0.046296296296296294,0.8373015873015873,0.07164902998236332,0.9552469135802469,0.2307003803982994,0.0,Q1 lowest,Q4
36081043400,205351,1400000US36081043400,98274.0,1823.0,90.0,1427.0,87.0,186.0,1823.0,149.0,081,Queens,0.04936917169500823,0.7827756445419638,0.102029621503017,0.047723532638507954,0.9506308283049918,0.08173340647284695,0.0,Q4,Q4
